#
# A fatal error has been detected by the Java Runtime Environment:
#
#  SIGSEGV (0xb) at pc=0x00007f1c4652ca00, pid=23506, tid=0x00007f1c49948980
#
# JRE version: OpenJDK Runtime Environment (8.0_322-b06) (build 1.8.0_322-b06)
# Java VM: OpenJDK 64-Bit Server VM (25.322-b06 mixed mode linux-amd64 compressed oops)
# Problematic frame:
# C  [libc.so.6+0x4aa00]  _IO_vfprintf+0x2400
#
# Failed to write core dump. Core dumps have been disabled. To enable core dumping, try "ulimit -c unlimited" before starting Java again
#
# If you would like to submit a bug report, please visit:
#   https://bugzilla.redhat.com/enter_bug.cgi?product=Red%20Hat%20Enterprise%20Linux%207&component=java-1.8.0-openjdk
# The crash happened outside the Java Virtual Machine in native code.
# See problematic frame for where to report the bug.
#

---------------  T H R E A D  ---------------

Current thread (0x0000559cbfcf0000):  JavaThread "main" [_thread_in_native, id=23506, stack(0x00007fff91a71000,0x00007fff9226e000)]

siginfo: si_signo: 11 (SIGSEGV), si_code: 1 (SEGV_MAPERR), si_addr: 0x00000000ffffffff

Registers:
RAX=0x0000000000000000, RBX=0x0000000000000000, RCX=0xffffffffffffffff, RDX=0x0000000000000015
RSP=0x00007fff92262e60, RBP=0x00007fff92263da0, RSI=0x00007fff92262ee8, RDI=0x00000000ffffffff
R8 =0x0000000000000073, R9 =0x00007f1c4652f2cd, R10=0x00007f196cafb6af, R11=0x00000000ffffffff
R12=0x00007fff92263d68, R13=0x00007fff92263f38, R14=0x00007f196cafb6a2, R15=0x00007fff92263db0
RIP=0x00007f1c4652ca00, EFLAGS=0x0000000000010286, CSGSFS=0x3403000000000033, ERR=0x0000000000000004
  TRAPNO=0x000000000000000e

Top of Stack: (sp=0x00007fff92262e60)
0x00007fff92262e60:   00007f196cafb66b 00007f1c4654ef2b
0x00007fff92262e70:   00000000ffffffff 00007f196cafb6b0
0x00007fff92262e80:   ffffffffffffffff 0000000300000003
0x00007fff92262e90:   0000000000000002 00007f1c4652be7a
0x00007fff92262ea0:   00000000ffffffff 0000700000000073
0x00007fff92262eb0:   0000000000000020 00007f196cafb6a4
0x00007fff92262ec0:   00007f196cafb6ae ffffffffffffffff
0x00007fff92262ed0:   0000000300000000 0000000000000001
0x00007fff92262ee0:   00007fffffffffff 00000000ffffffff
0x00007fff92262ef0:   0000500000000073 0000000000000020
0x00007fff92262f00:   00007f196cafb6b0 00007f196cafb6b1
0x00007fff92262f10:   ffffffffffffffff 0000000300000001
0x00007fff92262f20:   0000000000000001 00007f1cffffffff
0x00007fff92262f30:   00007fff922632c0 00007f1c4977a9ea
0x00007fff92262f40:   0000000000000001 0000000000000000
0x00007fff92262f50:   0000000000000000 0000000000000040
0x00007fff92262f60:   00007fff92263450 0000559cd2970b90
0x00007fff92262f70:   0000559cc8f597f0 0000559c13e8f960
0x00007fff92262f80:   0000000000000000 00007fff922630c0
0x00007fff92262f90:   00007fff92263120 0000ffff00001fb2
0x00007fff92262fa0:   0000559cca4adbb0 00007f1c4976d684
0x00007fff92262fb0:   afde5c1b3b34a2ec 00007f1c47a6b588
0x00007fff92262fc0:   000000000000000a 000000000000003a
0x00007fff92262fd0:   00000000f3a06436 00007f1c4976ddbb
0x00007fff92262fe0:   09afac66c3a66453 00007fff92263020
0x00007fff92262ff0:   00007f1c47a6afd4 00007f1c47a833f0
0x00007fff92263000:   d4c44c36b42d6062 bff177c0a923736f
0x00007fff92263010:   d12589332660ee1c 407286982ae8f9d1
0x00007fff92263020:   48339c9a4bdc279e 5ab66c01094d9b3f
0x00007fff92263030:   c138ce7706aecbbe cc41153b5ded1850
0x00007fff92263040:   a18aafd9ad3a4daa fcc2802334def121
0x00007fff92263050:   9d99879f07558d67 88e7353bf34062fc 

Instructions: (pc=0x00007f1c4652ca00)
0x00007f1c4652c9e0:   30 fb ff ff 48 63 85 f8 fa ff ff 48 89 85 68 fa
0x00007f1c4652c9f0:   ff ff e9 c2 e4 ff ff 31 c0 48 83 c9 ff 4c 89 df
0x00007f1c4652ca00:   f2 ae c7 85 70 fa ff ff 00 00 00 00 48 89 ce 48
0x00007f1c4652ca10:   f7 d6 4c 8d 66 ff e9 b7 fd ff ff 48 8d 85 80 fb 

Register to memory mapping:

RAX=0x0000000000000000 is an unknown value
RBX=0x0000000000000000 is an unknown value
RCX=0xffffffffffffffff is an unknown value
RDX=0x0000000000000015 is an unknown value
RSP=0x00007fff92262e60 is pointing into the stack for thread: 0x0000559cbfcf0000
RBP=0x00007fff92263da0 is pointing into the stack for thread: 0x0000559cbfcf0000
RSI=0x00007fff92262ee8 is pointing into the stack for thread: 0x0000559cbfcf0000
RDI=0x00000000ffffffff is an unknown value
R8 =0x0000000000000073 is an unknown value
R9 =0x00007f1c4652f2cd: _IO_vfprintf+0x4ccd in /lib64/libc.so.6 at 0x00007f1c464e2000
R10=0x00007f196cafb6af: <offset 0xa6af> in /home/c242664/R/x86_64-pc-linux-gnu-library/4.0/RPostgreSQL/libs/RPostgreSQL.so at 0x00007f196caf1000
R11=0x00000000ffffffff is an unknown value
R12=0x00007fff92263d68 is pointing into the stack for thread: 0x0000559cbfcf0000
R13=0x00007fff92263f38 is pointing into the stack for thread: 0x0000559cbfcf0000
R14=0x00007f196cafb6a2: <offset 0xa6a2> in /home/c242664/R/x86_64-pc-linux-gnu-library/4.0/RPostgreSQL/libs/RPostgreSQL.so at 0x00007f196caf1000
R15=0x00007fff92263db0 is pointing into the stack for thread: 0x0000559cbfcf0000


Stack: [0x00007fff91a71000,0x00007fff9226e000],  sp=0x00007fff92262e60,  free space=8135k
Native frames: (J=compiled Java code, j=interpreted, Vv=VM code, C=native code)
C  [libc.so.6+0x4aa00]  _IO_vfprintf+0x2400
C  [libc.so.6+0x78179]  vsnprintf+0x79
C  0x28203a7265766972


---------------  P R O C E S S  ---------------

Java Threads: ( => current thread )
  0x0000559cc3ae6000 JavaThread "Service Thread" daemon [_thread_blocked, id=24968, stack(0x00007f196fdff000,0x00007f1970000000)]
  0x0000559cc3ad2800 JavaThread "C1 CompilerThread11" daemon [_thread_blocked, id=24967, stack(0x00007f197c091000,0x00007f197c191000)]
  0x0000559cc3ad0000 JavaThread "C1 CompilerThread10" daemon [_thread_blocked, id=24966, stack(0x00007f197c192000,0x00007f197c292000)]
  0x0000559cc3ace000 JavaThread "C1 CompilerThread9" daemon [_thread_blocked, id=24965, stack(0x00007f197c293000,0x00007f197c393000)]
  0x0000559cc3acb800 JavaThread "C1 CompilerThread8" daemon [_thread_blocked, id=24964, stack(0x00007f197c394000,0x00007f197c494000)]
  0x0000559cc3ac9800 JavaThread "C2 CompilerThread7" daemon [_thread_blocked, id=24963, stack(0x00007f197c495000,0x00007f197c595000)]
  0x0000559cc3ac7000 JavaThread "C2 CompilerThread6" daemon [_thread_blocked, id=24962, stack(0x00007f197c596000,0x00007f197c696000)]
  0x0000559cc3ac4800 JavaThread "C2 CompilerThread5" daemon [_thread_blocked, id=24961, stack(0x00007f197c697000,0x00007f197c797000)]
  0x0000559cc3ac2800 JavaThread "C2 CompilerThread4" daemon [_thread_blocked, id=24960, stack(0x00007f197c798000,0x00007f197c898000)]
  0x0000559cc3ac0000 JavaThread "C2 CompilerThread3" daemon [_thread_blocked, id=24959, stack(0x00007f197c899000,0x00007f197c999000)]
  0x0000559cc3abe000 JavaThread "C2 CompilerThread2" daemon [_thread_blocked, id=24958, stack(0x00007f197c99a000,0x00007f197ca9a000)]
  0x0000559cc3abc000 JavaThread "C2 CompilerThread1" daemon [_thread_blocked, id=24957, stack(0x00007f197ca9b000,0x00007f197cb9b000)]
  0x0000559cc3ab9800 JavaThread "C2 CompilerThread0" daemon [_thread_blocked, id=24956, stack(0x00007f197cb9c000,0x00007f197cc9c000)]
  0x0000559cc3aaa800 JavaThread "Attach Listener" daemon [_thread_blocked, id=24955, stack(0x00007f197cc9c000,0x00007f197ce9d000)]
  0x0000559cc3a80000 JavaThread "Finalizer" daemon [_thread_blocked, id=24954, stack(0x00007f197ce9d000,0x00007f197d09e000)]
  0x0000559cc3a7b800 JavaThread "Reference Handler" daemon [_thread_blocked, id=24953, stack(0x00007f197d09e000,0x00007f197d29f000)]
=>0x0000559cbfcf0000 JavaThread "main" [_thread_in_native, id=23506, stack(0x00007fff91a71000,0x00007fff9226e000)]

Other Threads:
  0x0000559cc3a71800 VMThread [stack: 0x00007f197d2a0000,0x00007f197d3a0000] [id=24952]
  0x0000559cc3aea800 WatcherThread [stack: 0x00007f196fcff000,0x00007f196fdff000] [id=24969]

VM state:not at safepoint (normal execution)

VM Mutex/Monitor currently owned by a thread: None

heap address: 0x00000005c0000000, size: 8192 MB, Compressed Oops mode: Zero based, Oop shift amount: 3
Narrow klass base: 0x0000000000000000, Narrow klass shift: 3
Compressed class space size: 1073741824 Address: 0x00000007c0000000

Heap:
 PSYoungGen      total 611840K, used 62978K [0x0000000715580000, 0x0000000740000000, 0x00000007c0000000)
  eden space 524800K, 12% used [0x0000000715580000,0x00000007193008e8,0x0000000735600000)
  from space 87040K, 0% used [0x000000073ab00000,0x000000073ab00000,0x0000000740000000)
  to   space 87040K, 0% used [0x0000000735600000,0x0000000735600000,0x000000073ab00000)
 ParOldGen       total 1398272K, used 0K [0x00000005c0000000, 0x0000000615580000, 0x0000000715580000)
  object space 1398272K, 0% used [0x00000005c0000000,0x00000005c0000000,0x0000000615580000)
 Metaspace       used 7654K, capacity 7944K, committed 8192K, reserved 1056768K
  class space    used 918K, capacity 948K, committed 1024K, reserved 1048576K

Card table byte_map: [0x00007f197ff24000,0x00007f1980f25000] byte_map_base: 0x00007f197d124000

Marking Bits: (ParMarkBitMap*) 0x00007f1aad5de680
 Begin Bits: [0x00007f1934000000, 0x00007f193c000000)
 End Bits:   [0x00007f193c000000, 0x00007f1944000000)

Polling page: 0x00007f1c49982000

CodeCache: size=245760Kb used=4402Kb max_used=4416Kb free=241357Kb
 bounds [0x00007f1980f25000, 0x00007f1981385000, 0x00007f198ff25000]
 total_blobs=867 nmethods=585 adapters=192
 compilation: enabled

Compilation events (250 events):
Event: 0.951 Thread 0x0000559cc3ad0000  460       3       java.util.Collections$UnmodifiableCollection$1::hasNext (10 bytes)
Event: 0.951 Thread 0x0000559cc3ad2800 nmethod 458 0x00007f19813244d0 code [0x00007f1981324620, 0x00007f1981324738]
Event: 0.951 Thread 0x0000559cc3ace000 nmethod 459 0x00007f1981324110 code [0x00007f1981324280, 0x00007f1981324438]
Event: 0.951 Thread 0x0000559cc3ad0000 nmethod 460 0x00007f1981323cd0 code [0x00007f1981323e40, 0x00007f1981324070]
Event: 0.951 Thread 0x0000559cc3acb800  462       3       java.util.HashSet::add (20 bytes)
Event: 0.951 Thread 0x0000559cc3ad2800  461       1       java.util.Collections$EmptyIterator::hasNext (2 bytes)
Event: 0.951 Thread 0x0000559cc3ad2800 nmethod 461 0x00007f1981323a10 code [0x00007f1981323b60, 0x00007f1981323c78]
Event: 0.951 Thread 0x0000559cc3ad0000  463       3       java.util.Collections$UnmodifiableCollection$1::next (10 bytes)
Event: 0.952 Thread 0x0000559cc3ad0000 nmethod 463 0x00007f19813235d0 code [0x00007f1981323740, 0x00007f1981323970]
Event: 0.952 Thread 0x0000559cc3acb800 nmethod 462 0x00007f1981322d50 code [0x00007f1981322ee0, 0x00007f1981323400]
Event: 0.952 Thread 0x0000559cc3acb800  464       3       java.util.AbstractSet::<init> (5 bytes)
Event: 0.952 Thread 0x0000559cc3ad2800  465       3       java.util.HashMap::containsKey (18 bytes)
Event: 0.952 Thread 0x0000559cc3acb800 nmethod 464 0x00007f1981328d10 code [0x00007f1981328e80, 0x00007f1981329098]
Event: 0.952 Thread 0x0000559cc3ad0000  466       3       java.util.HashSet::iterator (13 bytes)
Event: 0.952 Thread 0x0000559cc3ad2800 nmethod 465 0x00007f1981329190 code [0x00007f1981329320, 0x00007f1981329720]
Event: 0.952 Thread 0x0000559cc3ad2800  467       1       java.util.Collections$1::hasNext (5 bytes)
Event: 0.952 Thread 0x0000559cc3ad2800 nmethod 467 0x00007f1981329850 code [0x00007f19813299a0, 0x00007f1981329ab8]
Event: 0.952 Thread 0x0000559cc3ad2800  468       3       java.util.HashSet::contains (9 bytes)
Event: 0.952 Thread 0x0000559cc3ad0000 nmethod 466 0x00007f1981329b10 code [0x00007f1981329ca0, 0x00007f1981329f80]
Event: 0.952 Thread 0x0000559cc3ad0000  469       3       java.util.HashMap$HashIterator::<init> (79 bytes)
Event: 0.952 Thread 0x0000559cc3acb800  470       3       java.util.HashMap::keySet (25 bytes)
Event: 0.952 Thread 0x0000559cc3ace000  471       3       java.util.HashMap$KeySet::iterator (12 bytes)
Event: 0.952 Thread 0x0000559cc3ad2800 nmethod 468 0x00007f198132a090 code [0x00007f198132a220, 0x00007f198132a720]
Event: 0.952 Thread 0x0000559cc3ad2800  472       3       java.util.HashMap$KeyIterator::<init> (11 bytes)
Event: 0.952 Thread 0x0000559cc3ad0000 nmethod 469 0x00007f198132a8d0 code [0x00007f198132aa60, 0x00007f198132ae18]
Event: 0.952 Thread 0x0000559cc3ad0000  473       3       java.util.Collections$UnmodifiableCollection::<init> (22 bytes)
Event: 0.952 Thread 0x0000559cc3ad2800 nmethod 472 0x00007f198132af90 code [0x00007f198132b100, 0x00007f198132b2b0]
Event: 0.952 Thread 0x0000559cc3ace000 nmethod 471 0x00007f198132b350 code [0x00007f198132b4c0, 0x00007f198132b750]
Event: 0.952 Thread 0x0000559cc3ace000  474       3       java.util.Collections::unmodifiableSet (9 bytes)
Event: 0.952 Thread 0x0000559cc3acb800 nmethod 470 0x00007f198132b850 code [0x00007f198132b9e0, 0x00007f198132bd78]
Event: 0.952 Thread 0x0000559cc3acb800  479       3       org.apache.xmlbeans.impl.schema.SchemaTypeImpl::computeAllContainedElements (137 bytes)
Event: 0.952 Thread 0x0000559cc3ad2800  475       3       java.util.Collections$UnmodifiableSet::<init> (6 bytes)
Event: 0.953 Thread 0x0000559cc3ad0000 nmethod 473 0x00007f198132bf10 code [0x00007f198132c0a0, 0x00007f198132c370]
Event: 0.953 Thread 0x0000559cc3ad0000  476       3       java.util.Collections$UnmodifiableCollection::iterator (9 bytes)
Event: 0.953 Thread 0x0000559cc3ace000 nmethod 474 0x00007f198132c490 code [0x00007f198132c620, 0x00007f198132c9f0]
Event: 0.953 Thread 0x0000559cc3ad2800 nmethod 475 0x00007f198132cbd0 code [0x00007f198132cd60, 0x00007f198132d090]
Event: 0.953 Thread 0x0000559cc3ace000  477       3       java.util.Collections$UnmodifiableCollection$1::<init> (26 bytes)
Event: 0.953 Thread 0x0000559cc3ad2800  478       3       org.apache.xmlbeans.impl.schema.SchemaParticleImpl::getParticleChild (7 bytes)
Event: 0.953 Thread 0x0000559cc3ad2800 nmethod 478 0x00007f198132d210 code [0x00007f198132d380, 0x00007f198132d518]
Event: 0.953 Thread 0x0000559cc3ad0000 nmethod 476 0x00007f198132d610 code [0x00007f198132d7a0, 0x00007f198132db30]
Event: 0.953 Thread 0x0000559cc3ad0000  480       3       java.util.Collections$UnmodifiableCollection::contains (11 bytes)
Event: 0.953 Thread 0x0000559cc3ad2800  481       3       java.util.HashSet::isEmpty (8 bytes)
Event: 0.953 Thread 0x0000559cc3ad0000 nmethod 480 0x00007f198132dc90 code [0x00007f198132de00, 0x00007f198132e030]
Event: 0.953 Thread 0x0000559cc3ad0000  482       3       java.util.HashMap::isEmpty (13 bytes)
Event: 0.953 Thread 0x0000559cc3ace000 nmethod 477 0x00007f198132e110 code [0x00007f198132e280, 0x00007f198132e550]
Event: 0.953 Thread 0x0000559cc3ace000  484       3       java.util.Collections$EmptySet::iterator (4 bytes)
Event: 0.953 Thread 0x0000559cc3ad0000 nmethod 482 0x00007f198132e650 code [0x00007f198132e7c0, 0x00007f198132e978]
Event: 0.953 Thread 0x0000559cc3ad2800 nmethod 481 0x00007f198132ea10 code [0x00007f198132eb80, 0x00007f198132ee38]
Event: 0.953 Thread 0x0000559cc3ad2800  485       3       java.util.Collections::emptyIterator (4 bytes)
Event: 0.953 Thread 0x0000559cc3ad0000  486       3       java.util.AbstractCollection::addAll (42 bytes)
Event: 0.953 Thread 0x0000559cc3ace000 nmethod 484 0x00007f198132ef10 code [0x00007f198132f080, 0x00007f198132f238]
Event: 0.953 Thread 0x0000559cc3ace000  483       3       javax.xml.namespace.QName::equals (59 bytes)
Event: 0.953 Thread 0x0000559cc3ad2800 nmethod 485 0x00007f198132f2d0 code [0x00007f198132f440, 0x00007f198132f598]
Event: 0.953 Thread 0x0000559cc3acb800 nmethod 479 0x00007f198132f610 code [0x00007f198132f840, 0x00007f19813304e0]
Event: 0.953 Thread 0x0000559cc3ac7000  487       4       java.util.HashMap$HashIterator::hasNext (13 bytes)
Event: 0.953 Thread 0x0000559cc3ad0000 nmethod 486 0x00007f1981330a10 code [0x00007f1981330bc0, 0x00007f1981331140]
Event: 0.953 Thread 0x0000559cc3ad0000  488       3       org.apache.xmlbeans.QNameSet::includedURIs (14 bytes)
Event: 0.953 Thread 0x0000559cc3ad2800  489       3       org.apache.xmlbeans.QNameSet::includedQNamesInExcludedURIs (22 bytes)
Event: 0.953 Thread 0x0000559cc3acb800  490       3       org.apache.xmlbeans.QNameSet::excludedQNamesInIncludedURIs (22 bytes)
Event: 0.953 Thread 0x0000559cc3ace000 nmethod 483 0x00007f1981331310 code [0x00007f19813314c0, 0x00007f1981331b20]
Event: 0.954 Thread 0x0000559cc3ac7000 nmethod 487 0x00007f198130b590 code [0x00007f198130b6e0, 0x00007f198130b758]
Event: 0.954 Thread 0x0000559cc3ad0000 nmethod 488 0x00007f1981334550 code [0x00007f19813346c0, 0x00007f1981334878]
Event: 0.954 Thread 0x0000559cc3ad2800 nmethod 489 0x00007f1981333c90 code [0x00007f1981333e40, 0x00007f19813342f0]
Event: 0.954 Thread 0x0000559cc3acb800 nmethod 490 0x00007f19813333d0 code [0x00007f1981333580, 0x00007f1981333a30]
Event: 0.954 Thread 0x0000559cc3acb800  491       3       org.apache.xmlbeans.impl.schema.SchemaTypeSystemImpl$XsbReader::readString (12 bytes)
Event: 0.954 Thread 0x0000559cc3acb800 nmethod 491 0x00007f19813327d0 code [0x00007f19813329a0, 0x00007f1981333080]
Event: 0.955 Thread 0x0000559cc3ace000  492       3       org.apache.xmlbeans.impl.schema.SchemaTypeSystemImpl$XsbReader::readTypeRef (8 bytes)
Event: 0.955 Thread 0x0000559cc3ace000 nmethod 492 0x00007f1981332310 code [0x00007f1981332480, 0x00007f1981332710]
Event: 0.957 Thread 0x0000559cc3ac4800  493   !   4       sun.misc.URLClassPath$JarLoader::getResource (85 bytes)
Event: 0.960 Thread 0x0000559cc3ad0000  495       3       java.util.ArrayDeque::add (7 bytes)
Event: 0.960 Thread 0x0000559cc3ad2800  496       3       java.util.ArrayDeque::addLast (53 bytes)
Event: 0.960 Thread 0x0000559cc3ad0000 nmethod 495 0x00007f1981334910 code [0x00007f1981334a80, 0x00007f1981334c30]
Event: 0.960 Thread 0x0000559cc3ad2800 nmethod 496 0x00007f1981334cd0 code [0x00007f1981334e60, 0x00007f1981335280]
Event: 0.962 Thread 0x0000559cc3acb800  497  s    3       java.util.jar.JarFile::getInputStream (89 bytes)
Event: 0.962 Thread 0x0000559cc3acb800 nmethod 497 0x00007f1981335410 code [0x00007f1981335620, 0x00007f19813361c0]
Event: 0.962 Thread 0x0000559cc3ac0000  500       4       java.util.HashMap$HashIterator::nextNode (100 bytes)
Event: 0.963 Thread 0x0000559cc3ace000  499       3       org.apache.xmlbeans.impl.schema.SchemaParticleImpl::mutate (16 bytes)
Event: 0.963 Thread 0x0000559cc3ad0000  501       3       java.util.HashMap::<init> (11 bytes)
Event: 0.963 Thread 0x0000559cc3ad2800  498       3       org.apache.xmlbeans.QNameSet::minSetCopy (53 bytes)
Event: 0.963 Thread 0x0000559cc3acb800  502       3       java.util.HashSet::size (8 bytes)
Event: 0.963 Thread 0x0000559cc3ace000 nmethod 499 0x00007f19813364d0 code [0x00007f1981336640, 0x00007f19813368b0]
Event: 0.963 Thread 0x0000559cc3ad0000 nmethod 501 0x00007f1981336990 code [0x00007f1981336b00, 0x00007f1981336d18]
Event: 0.963 Thread 0x0000559cc3acb800 nmethod 502 0x00007f1981336e10 code [0x00007f1981336f80, 0x00007f1981337178]
Event: 0.963 Thread 0x0000559cc3ad0000  503       3       org.apache.xmlbeans.impl.schema.SchemaTypeSystemImpl$XsbReader::atLeast (54 bytes)
Event: 0.963 Thread 0x0000559cc3ace000  504   !   3       org.apache.xmlbeans.impl.schema.SchemaTypeSystemImpl$XsbReader::readInt (34 bytes)
Event: 0.963 Thread 0x0000559cc3ad2800 nmethod 498 0x00007f1981337210 code [0x00007f1981337400, 0x00007f1981337c30]
Event: 0.963 Thread 0x0000559cc3acb800  505       3       java.io.DataInputStream::readInt (72 bytes)
Event: 0.963 Thread 0x0000559cc3ad0000 nmethod 503 0x00007f1981337f10 code [0x00007f1981338080, 0x00007f1981338398]
Event: 0.963 Thread 0x0000559cc3ad2800  506       1       org.apache.xmlbeans.impl.schema.SchemaPropertyImpl::isAttribute (5 bytes)
Event: 0.963 Thread 0x0000559cc3ace000 nmethod 504 0x00007f1981338410 code [0x00007f19813385a0, 0x00007f19813389b0]
Event: 0.963 Thread 0x0000559cc3acb800 nmethod 505 0x00007f1981338b90 code [0x00007f1981338d60, 0x00007f1981339310]
Event: 0.963 Thread 0x0000559cc3ad2800 nmethod 506 0x00007f1981331c90 code [0x00007f1981331de0, 0x00007f1981331ef8]
Event: 0.963 Thread 0x0000559cc3acb800  507       3       org.apache.xmlbeans.impl.schema.SchemaTypeSystemImpl$XsbReader::readBigInteger (54 bytes)
Event: 0.963 Thread 0x0000559cc3ace000  508   !   3       org.apache.xmlbeans.impl.schema.SchemaTypeSystemImpl$XsbReader::readByteArray (48 bytes)
Event: 0.963 Thread 0x0000559cc3ad2800  509       3       java.io.DataInputStream::readShort (40 bytes)
Event: 0.963 Thread 0x0000559cc3ad0000  510       3       java.io.DataInputStream::readFully (9 bytes)
Event: 0.964 Thread 0x0000559cc3ad0000 nmethod 510 0x00007f1981339550 code [0x00007f19813396c0, 0x00007f19813398f0]
Event: 0.964 Thread 0x0000559cc3ad0000  511       3       org.apache.xmlbeans.QNameSet::excludedURIs (17 bytes)
Event: 0.964 Thread 0x0000559cc3ad2800 nmethod 509 0x00007f19813399d0 code [0x00007f1981339b60, 0x00007f1981339f70]
Event: 0.964 Thread 0x0000559cc3acb800 nmethod 507 0x00007f198133a110 code [0x00007f198133a2c0, 0x00007f198133a6a0]
Event: 0.964 Thread 0x0000559cc3ace000 nmethod 508 0x00007f198133a7d0 code [0x00007f198133a980, 0x00007f198133afc0]
Event: 0.964 Thread 0x0000559cc3ad0000 nmethod 511 0x00007f198133b290 code [0x00007f198133b440, 0x00007f198133b8f0]
Event: 0.965 Thread 0x0000559cc3ac0000 nmethod 500 0x00007f198133e990 code [0x00007f198133eae0, 0x00007f198133ed38]
Event: 0.966 Thread 0x0000559cc3ad2800  512       3       java.lang.ClassLoader::preDefineClass (109 bytes)
Event: 0.967 Thread 0x0000559cc3acb800  513   !   3       java.lang.ClassLoader::checkCerts (195 bytes)
Event: 0.967 Thread 0x0000559cc3ace000  514       3       java.lang.ClassLoader::defineClassSourceLocation (28 bytes)
Event: 0.967 Thread 0x0000559cc3ad0000  516       3       java.lang.ClassLoader::addClass (9 bytes)
Event: 0.967 Thread 0x0000559cc3ad0000 nmethod 516 0x00007f198133e0d0 code [0x00007f198133e240, 0x00007f198133e470]
Event: 0.967 Thread 0x0000559cc3ad0000  517       3       java.lang.ClassLoader::postDefineClass (26 bytes)
Event: 0.967 Thread 0x0000559cc3ace000 nmethod 514 0x00007f198133d710 code [0x00007f198133d8a0, 0x00007f198133def0]
Event: 0.967 Thread 0x0000559cc3ad0000 nmethod 517 0x00007f198133ce90 code [0x00007f198133d020, 0x00007f198133d580]
Event: 0.967 Thread 0x0000559cc3ad2800 nmethod 512 0x00007f198133ee50 code [0x00007f198133f120, 0x00007f1981340690]
Event: 0.968 Thread 0x0000559cc3acb800 nmethod 513 0x00007f1981340f90 code [0x00007f1981341260, 0x00007f1981342900]
Event: 0.968 Thread 0x0000559cc3ace000  519       3       java.net.URLClassLoader::defineClass (142 bytes)
Event: 0.968 Thread 0x0000559cc3ad0000  518       3       java.util.HashSet::<init> (16 bytes)
Event: 0.968 Thread 0x0000559cc3ad2800  520       3       java.lang.ClassLoader::defineClass (43 bytes)
Event: 0.968 Thread 0x0000559cc3ad0000 nmethod 518 0x00007f198133c710 code [0x00007f198133c8a0, 0x00007f198133ccb8]
Event: 0.969 Thread 0x0000559cc3ad2800 nmethod 520 0x00007f19813432d0 code [0x00007f19813434c0, 0x00007f1981344090]
Event: 0.969 Thread 0x0000559cc3ace000 nmethod 519 0x00007f1981344590 code [0x00007f1981344920, 0x00007f1981346c40]
Event: 0.969 Thread 0x0000559cc3ace000  521       3       sun.misc.URLClassPath$JarLoader$2::getCodeSourceURL (8 bytes)
Event: 0.969 Thread 0x0000559cc3acb800  522       3       sun.misc.URLClassPath$JarLoader$2::getManifest (26 bytes)
Event: 0.969 Thread 0x0000559cc3ad0000  523       3       java.util.jar.JavaUtilJarAccessImpl::ensureInitialization (5 bytes)
Event: 0.969 Thread 0x0000559cc3ace000 nmethod 521 0x00007f198133c390 code [0x00007f198133c500, 0x00007f198133c678]
Event: 0.969 Thread 0x0000559cc3ace000  524  s!   3       java.util.jar.JarFile::ensureInitialization (41 bytes)
Event: 0.970 Thread 0x0000559cc3ad0000 nmethod 523 0x00007f198133bf50 code [0x00007f198133c0c0, 0x00007f198133c2d0]
Event: 0.970 Thread 0x0000559cc3ad2800  525       3       java.net.URLClassLoader::getAndVerifyPackage (109 bytes)
Event: 0.970 Thread 0x0000559cc3ad0000  526       3       sun.misc.URLClassPath$JarLoader$2::getInputStream (15 bytes)
Event: 0.970 Thread 0x0000559cc3ace000 nmethod 524 0x00007f1981347e50 code [0x00007f1981347fe0, 0x00007f1981348490]
Event: 0.970 Thread 0x0000559cc3ace000  527       3       sun.misc.URLClassPath$JarLoader$2::getBytes (48 bytes)
Event: 0.970 Thread 0x0000559cc3acb800 nmethod 522 0x00007f1981348610 code [0x00007f19813487c0, 0x00007f1981348d10]
Event: 0.970 Thread 0x0000559cc3ad0000 nmethod 526 0x00007f1981348f50 code [0x00007f19813490c0, 0x00007f1981349310]
Event: 0.970 Thread 0x0000559cc3ad0000  529       3       java.util.zip.CRC32::<init> (5 bytes)
Event: 0.970 Thread 0x0000559cc3acb800  528       3       sun.misc.URLClassPath$JarLoader$2::getContentLength (9 bytes)
Event: 0.970 Thread 0x0000559cc3ad0000 nmethod 529 0x00007f198133bb50 code [0x00007f198133bcc0, 0x00007f198133be78]
Event: 0.970 Thread 0x0000559cc3ad0000  530       3       java.util.zip.CRC32::update (16 bytes)
Event: 0.970 Thread 0x0000559cc3acb800 nmethod 528 0x00007f1981349410 code [0x00007f1981349580, 0x00007f19813497d8]
Event: 0.970 Thread 0x0000559cc3acb800  531       3       java.util.zip.CRC32::getValue (10 bytes)
Event: 0.970 Thread 0x0000559cc3acb800 nmethod 531 0x00007f1981349890 code [0x00007f1981349a00, 0x00007f1981349b78]
Event: 0.970 Thread 0x0000559cc3ad0000 nmethod 530 0x00007f1981349c10 code [0x00007f1981349d80, 0x00007f1981349f18]
Event: 0.970 Thread 0x0000559cc3ace000 nmethod 527 0x00007f1981349fd0 code [0x00007f198134a1a0, 0x00007f198134a780]
Event: 0.970 Thread 0x0000559cc3ace000  533       3       sun.misc.URLClassPath$JarLoader$2::getCodeSigners (8 bytes)
Event: 0.970 Thread 0x0000559cc3ad0000  532       3       java.util.zip.ZipEntry::getCrc (5 bytes)
Event: 0.970 Thread 0x0000559cc3acb800  534   !   3       java.util.jar.JarFile$JarFileEntry::getCodeSigners (78 bytes)
Event: 0.970 Thread 0x0000559cc3ad0000 nmethod 532 0x00007f198134aa10 code [0x00007f198134ab80, 0x00007f198134acd8]
Event: 0.970 Thread 0x0000559cc3ad0000  535       3       java.util.jar.JarFile::access$200 (5 bytes)
Event: 0.970 Thread 0x0000559cc3ace000 nmethod 533 0x00007f198134ad50 code [0x00007f198134aec0, 0x00007f198134b0f0]
Event: 0.970 Thread 0x0000559cc3ad0000 nmethod 535 0x00007f198134b190 code [0x00007f198134b300, 0x00007f198134b470]
Event: 0.971 Thread 0x0000559cc3acb800 nmethod 534 0x00007f198134b510 code [0x00007f198134b6e0, 0x00007f198134bdc0]
Event: 0.971 Thread 0x0000559cc3ad2800 nmethod 525 0x00007f198134c050 code [0x00007f198134c340, 0x00007f198134dad0]
Event: 0.972 Thread 0x0000559cc3ac7000  541       4       java.util.regex.Pattern$BitClass::isSatisfiedBy (22 bytes)
Event: 0.972 Thread 0x0000559cc3ace000  536       3       java.util.regex.Pattern$6::isSatisfiedBy (28 bytes)
Event: 0.972 Thread 0x0000559cc3ad0000  537       3       java.util.regex.Pattern$1::isSatisfiedBy (13 bytes)
Event: 0.972 Thread 0x0000559cc3acb800  538       3       java.util.regex.Pattern::access$200 (7 bytes)
Event: 0.972 Thread 0x0000559cc3ad2800  539       3       java.util.regex.Pattern::inRange (16 bytes)
Event: 0.973 Thread 0x0000559cc3ad2800 nmethod 539 0x00007f198134e790 code [0x00007f198134e900, 0x00007f198134ead8]
Event: 0.973 Thread 0x0000559cc3ad2800  540       3       java.util.regex.Pattern$CharProperty$1::isSatisfiedBy (17 bytes)
Event: 0.973 Thread 0x0000559cc3ad0000 nmethod 537 0x00007f198134eb50 code [0x00007f198134ecc0, 0x00007f198134ef78]
Event: 0.973 Thread 0x0000559cc3ace000 nmethod 536 0x00007f198134f050 code [0x00007f198134f1e0, 0x00007f198134f580]
Event: 0.973 Thread 0x0000559cc3acb800 nmethod 538 0x00007f198134f690 code [0x00007f198134f800, 0x00007f198134fa38]
Event: 0.973 Thread 0x0000559cc3ace000  542       3       java.util.regex.Pattern$Node::<init> (12 bytes)
Event: 0.973 Thread 0x0000559cc3ad2800 nmethod 540 0x00007f1981352790 code [0x00007f1981352900, 0x00007f1981352b90]
Event: 0.973 Thread 0x0000559cc3ac7000 nmethod 541 0x00007f1981352c50 code [0x00007f1981352da0, 0x00007f1981352e78]
Event: 0.973 Thread 0x0000559cc3ace000 nmethod 542 0x00007f1981352390 code [0x00007f1981352500, 0x00007f19813526f8]
Event: 0.974 Thread 0x0000559cc3acb800  543       3       sun.misc.URLClassPath$JarLoader::findResource (18 bytes)
Event: 0.974 Thread 0x0000559cc3ad0000  544       1       java.nio.Buffer::position (5 bytes)
Event: 0.974 Thread 0x0000559cc3ad0000 nmethod 544 0x00007f19813520d0 code [0x00007f1981352220, 0x00007f1981352338]
Event: 0.974 Thread 0x0000559cc3acb800 nmethod 543 0x00007f1981351b90 code [0x00007f1981351d20, 0x00007f1981351fe0]
Event: 0.975 Thread 0x0000559cc3ad2800  547       1       java.lang.System::getSecurityManager (4 bytes)
Event: 0.975 Thread 0x0000559cc3ace000  546       3       org.apache.xmlbeans.QNameSetBuilder::removeAllMatchingFirstOnly (62 bytes)
Event: 0.975 Thread 0x0000559cc3ad0000  545       3       org.apache.xmlbeans.QNameSetBuilder::addAllImpl (470 bytes)
Event: 0.975 Thread 0x0000559cc3ad2800 nmethod 547 0x00007f19813518d0 code [0x00007f1981351a20, 0x00007f1981351b38]
Event: 0.975 Thread 0x0000559cc3ace000 nmethod 546 0x00007f1981350b10 code [0x00007f1981350d00, 0x00007f19813515c0]
Event: 0.976 Thread 0x0000559cc3ab9800  548       4       java.util.regex.Pattern$7::isSatisfiedBy (28 bytes)
Event: 0.976 Thread 0x0000559cc3ad0000 nmethod 545 0x00007f1981352f50 code [0x00007f19813533a0, 0x00007f1981355b40]
Event: 0.976 Thread 0x0000559cc3acb800  549       3       java.util.regex.Pattern$Slice::match (79 bytes)
Event: 0.976 Thread 0x0000559cc3acb800 nmethod 549 0x00007f19813502d0 code [0x00007f1981350480, 0x00007f1981350940]
Event: 0.977 Thread 0x0000559cc3ad0000  550       1       java.math.BigInteger::signum (5 bytes)
Event: 0.978 Thread 0x0000559cc3ad0000 nmethod 550 0x00007f1981350010 code [0x00007f1981350160, 0x00007f1981350278]
Event: 0.978 Thread 0x0000559cc3ab9800 nmethod 548 0x00007f1981359b10 code [0x00007f1981359cc0, 0x00007f198135a068]
Event: 0.978 Thread 0x0000559cc3abe000  551       4       java.io.DataInputStream::readFully (63 bytes)
Event: 0.979 Thread 0x0000559cc3ad2800  552       1       org.apache.xmlbeans.impl.schema.SchemaParticleImpl::getParticleType (5 bytes)
Event: 0.979 Thread 0x0000559cc3ad2800 nmethod 552 0x00007f198134fd50 code [0x00007f198134fea0, 0x00007f198134ffb8]
Event: 0.980 Thread 0x0000559cc3abe000 nmethod 551 0x00007f198135a490 code [0x00007f198135a600, 0x00007f198135a788]
Event: 0.981 Thread 0x0000559cc3ac2800  553       4       java.lang.CharacterDataLatin1::toLowerCase (39 bytes)
Event: 0.981 Thread 0x0000559cc3ac2800 nmethod 553 0x00007f198135a910 code [0x00007f198135aa60, 0x00007f198135ab58]
Event: 0.981 Thread 0x0000559cc3ac2800  554       4       org.apache.xmlbeans.impl.schema.SchemaTypeSystemImpl$XsbReader::readHandle (585 bytes)
Event: 0.981 Thread 0x0000559cc3acb800  555       1       org.apache.xmlbeans.impl.schema.SchemaPropertyImpl::getName (5 bytes)
Event: 0.982 Thread 0x0000559cc3ad2800  556       3       java.lang.Float::isNaN (12 bytes)
Event: 0.982 Thread 0x0000559cc3acb800 nmethod 555 0x00007f1981359850 code [0x00007f19813599a0, 0x00007f1981359ab8]
Event: 0.982 Thread 0x0000559cc3ace000  557       3       java.util.LinkedHashMap$LinkedHashIterator::hasNext (13 bytes)
Event: 0.982 Thread 0x0000559cc3ad0000  558       3       org.apache.xmlbeans.QNameSetBuilder::addAll (67 bytes)
Event: 0.982 Thread 0x0000559cc3ad2800 nmethod 556 0x00007f1981359490 code [0x00007f1981359600, 0x00007f19813597b8]
Event: 0.982 Thread 0x0000559cc3ace000 nmethod 557 0x00007f19813590d0 code [0x00007f1981359240, 0x00007f19813593f8]
Event: 0.982 Thread 0x0000559cc3ad0000 nmethod 558 0x00007f1981358410 code [0x00007f1981358620, 0x00007f1981358ea0]
Event: 0.987 Thread 0x0000559cc3ac0000  559       4       java.util.HashMap::getNode (148 bytes)
Event: 0.987 Thread 0x0000559cc3ad2800  561       3       java.util.HashMap::removeNode (291 bytes)
Event: 0.987 Thread 0x0000559cc3acb800  560       3       java.util.HashMap$HashIterator::remove (77 bytes)
Event: 0.987 Thread 0x0000559cc3ace000  562       3       java.util.HashMap::afterNodeRemoval (1 bytes)
Event: 0.987 Thread 0x0000559cc3ad0000  563       3       java.util.HashMap::tableSizeFor (59 bytes)
Event: 0.987 Thread 0x0000559cc3ace000 nmethod 562 0x00007f19813580d0 code [0x00007f1981358240, 0x00007f1981358398]
Event: 0.987 Thread 0x0000559cc3ace000  564       3       java.util.HashMap::<init> (98 bytes)
Event: 0.987 Thread 0x0000559cc3ad0000 nmethod 563 0x00007f1981357c90 code [0x00007f1981357e00, 0x00007f1981358038]
Event: 0.988 Thread 0x0000559cc3acb800 nmethod 560 0x00007f1981357250 code [0x00007f1981357420, 0x00007f1981357a00]
Event: 0.988 Thread 0x0000559cc3ad2800 nmethod 561 0x00007f198135ac10 code [0x00007f198135ae60, 0x00007f198135c0c0]
Event: 0.988 Thread 0x0000559cc3ace000 nmethod 564 0x00007f198135dc10 code [0x00007f198135dea0, 0x00007f198135f090]
Event: 0.989 Thread 0x0000559cc3ac4800 nmethod 493 0x00007f1981364350 code [0x00007f1981364720, 0x00007f1981366580]
Event: 0.989 Thread 0x0000559cc3ac0000 nmethod 559 0x00007f1981356b50 code [0x00007f1981356cc0, 0x00007f1981356f98]
Event: 0.990 Thread 0x0000559cc3ad0000  565       3       java.io.File::<init> (47 bytes)
Event: 0.990 Thread 0x0000559cc3ad0000 nmethod 565 0x00007f198135d010 code [0x00007f198135d1e0, 0x00007f198135d8d0]
Event: 0.991 Thread 0x0000559cc3acb800  566       3       java.util.jar.Manifest::getTrustedAttributes (57 bytes)
Event: 0.991 Thread 0x0000559cc3acb800 nmethod 566 0x00007f1981363010 code [0x00007f1981363240, 0x00007f1981363e20]
Event: 0.994 Thread 0x0000559cc3ad2800  567       3       org.apache.xmlbeans.QNameSet::contains (55 bytes)
Event: 0.994 Thread 0x0000559cc3ace000  568       3       org.apache.xmlbeans.QNameSet::nsFromName (16 bytes)
Event: 0.994 Thread 0x0000559cc3ace000 nmethod 568 0x00007f1981361390 code [0x00007f1981361500, 0x00007f19813616d8]
Event: 0.994 Thread 0x0000559cc3ad2800 nmethod 567 0x00007f1981360a90 code [0x00007f1981360c40, 0x00007f19813611b0]
Event: 0.994 Thread 0x0000559cc3ac2800 nmethod 554 0x00007f1981368a10 code [0x00007f1981368e20, 0x00007f1981369da8]
Event: 0.995 Thread 0x0000559cc3ad0000  569       3       org.apache.xmlbeans.impl.schema.SchemaTypeImpl::assertUnresolved (23 bytes)
Event: 0.995 Thread 0x0000559cc3ad0000 nmethod 569 0x00007f198135cb10 code [0x00007f198135cc80, 0x00007f198135cf30]
Event: 0.997 Thread 0x0000559cc3acb800  570       3       org.apache.xmlbeans.impl.schema.SchemaTypeSystemImpl$XsbReader::readXmlValueObject (350 bytes)
Event: 0.999 Thread 0x0000559cc3acb800 nmethod 570 0x00007f198136b190 code [0x00007f198136b6e0, 0x00007f198136e870]
Event: 1.000 Thread 0x0000559cc3ace000  571       3       org.apache.xmlbeans.impl.schema.BuiltinSchemaTypeSystem::resolveHandle (14 bytes)
Event: 1.000 Thread 0x0000559cc3ad2800  572       3       org.apache.xmlbeans.impl.store.Xobj::kind (8 bytes)
Event: 1.000 Thread 0x0000559cc3ad2800 nmethod 572 0x00007f198135c710 code [0x00007f198135c880, 0x00007f198135c9d8]
Event: 1.000 Thread 0x0000559cc3ace000 nmethod 571 0x00007f1981360510 code [0x00007f1981360680, 0x00007f19813609b0]
Event: 1.002 Thread 0x0000559cc3ac2800  573       4       javax.xml.namespace.QName::hashCode (16 bytes)
Event: 1.003 Thread 0x0000559cc3ad0000  574       3       org.apache.xmlbeans.impl.store.Cur::moveTo (274 bytes)
Event: 1.003 Thread 0x0000559cc3acb800  575       3       org.apache.xmlbeans.impl.store.Cur::moveToNoCheck (68 bytes)
Event: 1.003 Thread 0x0000559cc3ad0000 nmethod 574 0x00007f1981360050 code [0x00007f19813601c0, 0x00007f1981360450]
Event: 1.003 Thread 0x0000559cc3ad0000  576       3       java.util.zip.InflaterInputStream::<init> (79 bytes)
Event: 1.003 Thread 0x0000559cc3acb800 nmethod 575 0x00007f198135f990 code [0x00007f198135fb20, 0x00007f198135ff20]
Event: 1.004 Thread 0x0000559cc3ad0000 nmethod 576 0x00007f1981362490 code [0x00007f1981362640, 0x00007f1981362d40]
Event: 1.005 Thread 0x0000559cc3acb800  577       3       java.util.Collections$SingletonSet::contains (9 bytes)
Event: 1.005 Thread 0x0000559cc3ad2800  578       3       java.util.Collections::eq (22 bytes)
Event: 1.005 Thread 0x0000559cc3ace000  579       3       java.util.Collections$SingletonSet::iterator (8 bytes)
Event: 1.005 Thread 0x0000559cc3ad0000  580       3       java.util.Collections::singletonIterator (9 bytes)
Event: 1.005 Thread 0x0000559cc3ad2800 nmethod 578 0x00007f1981361f90 code [0x00007f1981362100, 0x00007f19813623b0]
Event: 1.005 Thread 0x0000559cc3ad2800  581       3       java.util.Collections$1::<init> (15 bytes)
Event: 1.005 Thread 0x0000559cc3acb800 nmethod 577 0x00007f1981361990 code [0x00007f1981361b20, 0x00007f1981361e70]
Event: 1.005 Thread 0x0000559cc3ac2800 nmethod 573 0x00007f1981373790 code [0x00007f19813738e0, 0x00007f1981373bf8]
Event: 1.005 Thread 0x0000559cc3ace000 nmethod 579 0x00007f19813731d0 code [0x00007f1981373340, 0x00007f1981373638]
Event: 1.005 Thread 0x0000559cc3ad0000 nmethod 580 0x00007f1981372cd0 code [0x00007f1981372e40, 0x00007f19813730b8]
Event: 1.005 Thread 0x0000559cc3acb800  582       3       java.util.Collections$1::next (25 bytes)
Event: 1.005 Thread 0x0000559cc3ad2800 nmethod 581 0x00007f19813728d0 code [0x00007f1981372a40, 0x00007f1981372c18]
Event: 1.005 Thread 0x0000559cc3acb800 nmethod 582 0x00007f1981372450 code [0x00007f19813725c0, 0x00007f19813727f0]
Event: 1.006 Thread 0x0000559cc3ac7000  583       4       java.io.DataInputStream::readUTF (501 bytes)
Event: 1.010 Thread 0x0000559cc3ad0000  584       1       java.net.URLConnection::getUseCaches (5 bytes)
Event: 1.010 Thread 0x0000559cc3ad0000 nmethod 584 0x00007f1981372190 code [0x00007f19813722e0, 0x00007f19813723f8]
Event: 1.011 Thread 0x0000559cc3ace000  585       3       org.apache.xmlbeans.impl.store.Xobj::isAttr (14 bytes)
Event: 1.011 Thread 0x0000559cc3ace000 nmethod 585 0x00007f1981371cd0 code [0x00007f1981371e40, 0x00007f19813720d8]
Event: 1.015 Thread 0x0000559cc3ac7000 nmethod 583 0x00007f1981370a90 code [0x00007f1981370c60, 0x00007f1981371598]

GC Heap History (0 events):
No events

Deoptimization events (6 events):
Event: 0.832 Thread 0x0000559cbfcf0000 Uncommon trap: reason=unstable_if action=reinterpret pc=0x00007f198123e3b0 method=java.lang.String.indexOf([CII[CIII)I @ 123
Event: 0.884 Thread 0x0000559cbfcf0000 Uncommon trap: reason=unstable_if action=reinterpret pc=0x00007f19812d48d8 method=java.lang.String.indexOf([CII[CIII)I @ 3
Event: 0.909 Thread 0x0000559cbfcf0000 Uncommon trap: reason=unstable_if action=reinterpret pc=0x00007f19812e05b0 method=java.util.HashMap.getNode(ILjava/lang/Object;)Ljava/util/HashMap$Node; @ 116
Event: 0.917 Thread 0x0000559cbfcf0000 Uncommon trap: reason=unstable_if action=reinterpret pc=0x00007f19812e4e6c method=java.util.HashMap.getNode(ILjava/lang/Object;)Ljava/util/HashMap$Node; @ 116
Event: 0.919 Thread 0x0000559cbfcf0000 Uncommon trap: reason=unstable_if action=reinterpret pc=0x00007f19812e6534 method=java.io.DataInputStream.readUTF(Ljava/io/DataInput;)Ljava/lang/String; @ 31
Event: 0.920 Thread 0x0000559cbfcf0000 Uncommon trap: reason=unstable_if action=reinterpret pc=0x00007f19812fbf48 method=org.apache.xmlbeans.impl.schema.SchemaTypeSystemImpl$StringPool.stringForCode(I)Ljava/lang/String; @ 1

Classes redefined (0 events):
No events

Internal exceptions (16 events):
Event: 0.071 Thread 0x0000559cbfcf0000 Exception <a 'java/lang/NoSuchMethodError': Method sun.misc.Unsafe.defineClass(Ljava/lang/String;[BII)Ljava/lang/Class; name or signature does not match> (0x0000000715587cc0) thrown at [/builddir/build/BUILD/java-1.8.0-openjdk-1.8.0.322.b06-1.el7_9.x86_64
Event: 0.071 Thread 0x0000559cbfcf0000 Exception <a 'java/lang/NoSuchMethodError': Method sun.misc.Unsafe.prefetchRead(Ljava/lang/Object;J)V name or signature does not match> (0x0000000715587fa8) thrown at [/builddir/build/BUILD/java-1.8.0-openjdk-1.8.0.322.b06-1.el7_9.x86_64/openjdk/hotspot/s
Event: 0.833 Thread 0x0000559cbfcf0000 Exception <a 'java/security/PrivilegedActionException'> (0x0000000715cca9e0) thrown at [/builddir/build/BUILD/java-1.8.0-openjdk-1.8.0.322.b06-1.el7_9.x86_64/openjdk/hotspot/src/share/vm/prims/jvm.cpp, line 1531]
Event: 0.833 Thread 0x0000559cbfcf0000 Exception <a 'java/security/PrivilegedActionException'> (0x0000000715ccabf0) thrown at [/builddir/build/BUILD/java-1.8.0-openjdk-1.8.0.322.b06-1.el7_9.x86_64/openjdk/hotspot/src/share/vm/prims/jvm.cpp, line 1531]
Event: 0.834 Thread 0x0000559cbfcf0000 Exception <a 'java/security/PrivilegedActionException'> (0x0000000715ccdf80) thrown at [/builddir/build/BUILD/java-1.8.0-openjdk-1.8.0.322.b06-1.el7_9.x86_64/openjdk/hotspot/src/share/vm/prims/jvm.cpp, line 1531]
Event: 0.834 Thread 0x0000559cbfcf0000 Exception <a 'java/security/PrivilegedActionException'> (0x0000000715cce190) thrown at [/builddir/build/BUILD/java-1.8.0-openjdk-1.8.0.322.b06-1.el7_9.x86_64/openjdk/hotspot/src/share/vm/prims/jvm.cpp, line 1531]
Event: 0.871 Thread 0x0000559cbfcf0000 Exception <a 'java/security/PrivilegedActionException'> (0x0000000715f18108) thrown at [/builddir/build/BUILD/java-1.8.0-openjdk-1.8.0.322.b06-1.el7_9.x86_64/openjdk/hotspot/src/share/vm/prims/jvm.cpp, line 1531]
Event: 0.871 Thread 0x0000559cbfcf0000 Exception <a 'java/security/PrivilegedActionException'> (0x0000000715f18500) thrown at [/builddir/build/BUILD/java-1.8.0-openjdk-1.8.0.322.b06-1.el7_9.x86_64/openjdk/hotspot/src/share/vm/prims/jvm.cpp, line 1531]
Event: 0.873 Thread 0x0000559cbfcf0000 Exception <a 'java/security/PrivilegedActionException'> (0x0000000715f2e760) thrown at [/builddir/build/BUILD/java-1.8.0-openjdk-1.8.0.322.b06-1.el7_9.x86_64/openjdk/hotspot/src/share/vm/prims/jvm.cpp, line 1531]
Event: 0.873 Thread 0x0000559cbfcf0000 Exception <a 'java/security/PrivilegedActionException'> (0x0000000715f2eb58) thrown at [/builddir/build/BUILD/java-1.8.0-openjdk-1.8.0.322.b06-1.el7_9.x86_64/openjdk/hotspot/src/share/vm/prims/jvm.cpp, line 1531]
Event: 0.873 Thread 0x0000559cbfcf0000 Exception <a 'java/security/PrivilegedActionException'> (0x0000000715f36d78) thrown at [/builddir/build/BUILD/java-1.8.0-openjdk-1.8.0.322.b06-1.el7_9.x86_64/openjdk/hotspot/src/share/vm/prims/jvm.cpp, line 1531]
Event: 0.873 Thread 0x0000559cbfcf0000 Exception <a 'java/security/PrivilegedActionException'> (0x0000000715f37170) thrown at [/builddir/build/BUILD/java-1.8.0-openjdk-1.8.0.322.b06-1.el7_9.x86_64/openjdk/hotspot/src/share/vm/prims/jvm.cpp, line 1531]
Event: 0.874 Thread 0x0000559cbfcf0000 Exception <a 'java/security/PrivilegedActionException'> (0x0000000715f3e058) thrown at [/builddir/build/BUILD/java-1.8.0-openjdk-1.8.0.322.b06-1.el7_9.x86_64/openjdk/hotspot/src/share/vm/prims/jvm.cpp, line 1531]
Event: 0.874 Thread 0x0000559cbfcf0000 Exception <a 'java/security/PrivilegedActionException'> (0x0000000715f3e450) thrown at [/builddir/build/BUILD/java-1.8.0-openjdk-1.8.0.322.b06-1.el7_9.x86_64/openjdk/hotspot/src/share/vm/prims/jvm.cpp, line 1531]
Event: 0.874 Thread 0x0000559cbfcf0000 Exception <a 'java/security/PrivilegedActionException'> (0x0000000715f46950) thrown at [/builddir/build/BUILD/java-1.8.0-openjdk-1.8.0.322.b06-1.el7_9.x86_64/openjdk/hotspot/src/share/vm/prims/jvm.cpp, line 1531]
Event: 0.874 Thread 0x0000559cbfcf0000 Exception <a 'java/security/PrivilegedActionException'> (0x0000000715f46d48) thrown at [/builddir/build/BUILD/java-1.8.0-openjdk-1.8.0.322.b06-1.el7_9.x86_64/openjdk/hotspot/src/share/vm/prims/jvm.cpp, line 1531]

Events (250 events):
Event: 0.937 loading class org/apache/xmlbeans/impl/store/Xobj$DocumentXobj
Event: 0.937 loading class org/apache/xmlbeans/impl/store/Xobj$DocumentXobj done
Event: 0.938 loading class org/apache/xmlbeans/impl/store/Xobj$SoapPartDocXobj
Event: 0.938 loading class org/apache/xmlbeans/impl/store/Xobj$SoapPartDocXobj done
Event: 0.938 loading class org/apache/xmlbeans/impl/store/Xobj$AttrXobj
Event: 0.938 loading class org/apache/xmlbeans/impl/store/Xobj$AttrXobj done
Event: 0.938 loading class org/w3c/dom/Attr
Event: 0.938 loading class org/w3c/dom/Attr done
Event: 0.939 loading class org/apache/xmlbeans/impl/store/Xobj$ProcInstXobj
Event: 0.939 loading class org/apache/xmlbeans/impl/store/Xobj$ProcInstXobj done
Event: 0.939 loading class org/w3c/dom/ProcessingInstruction
Event: 0.939 loading class org/w3c/dom/ProcessingInstruction done
Event: 0.939 loading class org/apache/xmlbeans/impl/store/Xobj$CommentXobj
Event: 0.939 loading class org/apache/xmlbeans/impl/store/Xobj$CommentXobj done
Event: 0.940 loading class org/w3c/dom/Comment
Event: 0.940 loading class org/w3c/dom/Comment done
Event: 0.942 loading class org/openxmlformats/schemas/spreadsheetml/x2006/main/impl/CTWorkbookImpl
Event: 0.942 loading class org/openxmlformats/schemas/spreadsheetml/x2006/main/impl/CTWorkbookImpl done
Event: 0.943 loading class org/apache/xmlbeans/impl/values/XmlComplexContentImpl
Event: 0.943 loading class org/apache/xmlbeans/impl/values/XmlComplexContentImpl done
Event: 0.945 loading class org/w3c/dom/NamedNodeMap
Event: 0.945 loading class org/w3c/dom/NamedNodeMap done
Event: 0.947 loading class org/openxmlformats/schemas/spreadsheetml/x2006/main/impl/CTWorkbookPrImpl
Event: 0.947 loading class org/openxmlformats/schemas/spreadsheetml/x2006/main/impl/CTWorkbookPrImpl done
Event: 0.947 loading class org/openxmlformats/schemas/spreadsheetml/x2006/main/CTWorkbookPr
Event: 0.947 loading class org/openxmlformats/schemas/spreadsheetml/x2006/main/CTWorkbookPr done
Event: 0.948 loading class org/apache/xmlbeans/StringEnumAbstractBase
Event: 0.948 loading class org/apache/xmlbeans/StringEnumAbstractBase done
Event: 0.949 loading class org/openxmlformats/schemas/spreadsheetml/x2006/main/STObjects$Enum
Event: 0.949 loading class org/openxmlformats/schemas/spreadsheetml/x2006/main/STObjects$Enum done
Event: 0.949 loading class org/openxmlformats/schemas/spreadsheetml/x2006/main/STUpdateLinks$Enum
Event: 0.949 loading class org/openxmlformats/schemas/spreadsheetml/x2006/main/STUpdateLinks$Enum done
Event: 0.950 loading class org/apache/xmlbeans/impl/values/XmlBooleanImpl
Event: 0.950 loading class org/apache/xmlbeans/impl/values/XmlBooleanImpl done
Event: 0.950 loading class org/apache/xmlbeans/XmlBoolean
Event: 0.950 loading class org/apache/xmlbeans/XmlBoolean done
Event: 0.950 loading class org/apache/xmlbeans/impl/values/JavaBooleanHolder
Event: 0.950 loading class org/apache/xmlbeans/impl/values/JavaBooleanHolder done
Event: 0.950 loading class java/util/Collections$1
Event: 0.951 loading class java/util/Collections$1 done
Event: 0.954 loading class org/openxmlformats/schemas/spreadsheetml/x2006/main/impl/CTBookViewsImpl
Event: 0.954 loading class org/openxmlformats/schemas/spreadsheetml/x2006/main/impl/CTBookViewsImpl done
Event: 0.954 loading class org/openxmlformats/schemas/spreadsheetml/x2006/main/CTBookViews
Event: 0.954 loading class org/openxmlformats/schemas/spreadsheetml/x2006/main/CTBookViews done
Event: 0.955 loading class org/openxmlformats/schemas/spreadsheetml/x2006/main/impl/CTBookViewImpl
Event: 0.955 loading class org/openxmlformats/schemas/spreadsheetml/x2006/main/impl/CTBookViewImpl done
Event: 0.956 loading class org/openxmlformats/schemas/spreadsheetml/x2006/main/CTBookView
Event: 0.956 loading class org/openxmlformats/schemas/spreadsheetml/x2006/main/CTBookView done
Event: 0.956 loading class org/openxmlformats/schemas/spreadsheetml/x2006/main/STVisibility$Enum
Event: 0.956 loading class org/openxmlformats/schemas/spreadsheetml/x2006/main/STVisibility$Enum done
Event: 0.957 loading class org/apache/xmlbeans/impl/values/XmlUnsignedIntImpl
Event: 0.957 loading class org/apache/xmlbeans/impl/values/XmlUnsignedIntImpl done
Event: 0.957 loading class org/apache/xmlbeans/XmlUnsignedInt
Event: 0.957 loading class org/apache/xmlbeans/XmlUnsignedInt done
Event: 0.958 loading class org/apache/xmlbeans/XmlUnsignedLong
Event: 0.958 loading class org/apache/xmlbeans/XmlUnsignedLong done
Event: 0.958 loading class org/apache/xmlbeans/XmlNonNegativeInteger
Event: 0.958 loading class org/apache/xmlbeans/XmlNonNegativeInteger done
Event: 0.958 loading class org/apache/xmlbeans/impl/values/JavaLongHolderEx
Event: 0.958 loading class org/apache/xmlbeans/impl/values/JavaLongHolderEx done
Event: 0.958 loading class org/apache/xmlbeans/impl/values/JavaLongHolder
Event: 0.958 loading class org/apache/xmlbeans/impl/values/JavaLongHolder done
Event: 0.959 loading class org/openxmlformats/schemas/spreadsheetml/x2006/main/impl/CTSheetsImpl
Event: 0.959 loading class org/openxmlformats/schemas/spreadsheetml/x2006/main/impl/CTSheetsImpl done
Event: 0.959 loading class org/openxmlformats/schemas/spreadsheetml/x2006/main/CTSheets
Event: 0.959 loading class org/openxmlformats/schemas/spreadsheetml/x2006/main/CTSheets done
Event: 0.960 loading class org/apache/poi/POIXMLProperties
Event: 0.960 loading class org/apache/poi/POIXMLProperties done
Event: 0.960 loading class org/openxmlformats/schemas/officeDocument/x2006/extendedProperties/PropertiesDocument$Factory
Event: 0.960 loading class org/openxmlformats/schemas/officeDocument/x2006/extendedProperties/PropertiesDocument$Factory done
Event: 0.961 loading class org/openxmlformats/schemas/officeDocument/x2006/extendedProperties/PropertiesDocument
Event: 0.961 loading class org/openxmlformats/schemas/officeDocument/x2006/extendedProperties/PropertiesDocument done
Event: 0.962 loading class org/openxmlformats/schemas/officeDocument/x2006/extendedProperties/impl/PropertiesDocumentImpl
Event: 0.962 loading class org/openxmlformats/schemas/officeDocument/x2006/extendedProperties/impl/PropertiesDocumentImpl done
Event: 0.964 loading class org/openxmlformats/schemas/officeDocument/x2006/extendedProperties/impl/CTPropertiesImpl
Event: 0.964 loading class org/openxmlformats/schemas/officeDocument/x2006/extendedProperties/impl/CTPropertiesImpl done
Event: 0.964 loading class org/openxmlformats/schemas/officeDocument/x2006/extendedProperties/CTProperties
Event: 0.964 loading class org/openxmlformats/schemas/officeDocument/x2006/extendedProperties/CTProperties done
Event: 0.966 loading class org/openxmlformats/schemas/officeDocument/x2006/customProperties/PropertiesDocument$Factory
Event: 0.966 loading class org/openxmlformats/schemas/officeDocument/x2006/customProperties/PropertiesDocument$Factory done
Event: 0.967 loading class org/openxmlformats/schemas/officeDocument/x2006/customProperties/PropertiesDocument
Event: 0.967 loading class org/openxmlformats/schemas/officeDocument/x2006/customProperties/PropertiesDocument done
Event: 0.967 loading class org/openxmlformats/schemas/officeDocument/x2006/customProperties/impl/PropertiesDocumentImpl
Event: 0.967 loading class org/openxmlformats/schemas/officeDocument/x2006/customProperties/impl/PropertiesDocumentImpl done
Event: 0.968 loading class org/openxmlformats/schemas/officeDocument/x2006/customProperties/impl/CTPropertiesImpl
Event: 0.968 loading class org/openxmlformats/schemas/officeDocument/x2006/customProperties/impl/CTPropertiesImpl done
Event: 0.968 loading class org/openxmlformats/schemas/officeDocument/x2006/customProperties/CTProperties
Event: 0.968 loading class org/openxmlformats/schemas/officeDocument/x2006/customProperties/CTProperties done
Event: 0.969 loading class org/apache/poi/POIXMLProperties$CoreProperties
Event: 0.969 loading class org/apache/poi/POIXMLProperties$CoreProperties done
Event: 0.969 loading class org/apache/poi/POIXMLProperties$ExtendedProperties
Event: 0.969 loading class org/apache/poi/POIXMLProperties$ExtendedProperties done
Event: 0.970 loading class org/apache/poi/POIXMLProperties$CustomProperties
Event: 0.970 loading class org/apache/poi/POIXMLProperties$CustomProperties done
Event: 0.970 loading class org/apache/xmlbeans/impl/store/CharUtil
Event: 0.970 loading class org/apache/xmlbeans/impl/store/CharUtil done
Event: 0.971 loading class org/apache/xmlbeans/impl/store/CharUtil$1
Event: 0.971 loading class org/apache/xmlbeans/impl/store/CharUtil$1 done
Event: 0.972 loading class org/apache/xmlbeans/impl/store/CharUtil$CharIterator
Event: 0.972 loading class org/apache/xmlbeans/impl/store/CharUtil$CharIterator done
Event: 0.973 loading class java/util/Collections$SingletonMap
Event: 0.973 loading class java/util/Collections$SingletonMap done
Event: 0.973 loading class org/openxmlformats/schemas/spreadsheetml/x2006/main/SstDocument$Factory
Event: 0.973 loading class org/openxmlformats/schemas/spreadsheetml/x2006/main/SstDocument$Factory done
Event: 0.973 loading class org/openxmlformats/schemas/spreadsheetml/x2006/main/SstDocument
Event: 0.973 loading class org/openxmlformats/schemas/spreadsheetml/x2006/main/SstDocument done
Event: 0.974 loading class org/openxmlformats/schemas/spreadsheetml/x2006/main/impl/SstDocumentImpl
Event: 0.974 loading class org/openxmlformats/schemas/spreadsheetml/x2006/main/impl/SstDocumentImpl done
Event: 0.975 loading class org/openxmlformats/schemas/spreadsheetml/x2006/main/impl/CTSstImpl
Event: 0.975 loading class org/openxmlformats/schemas/spreadsheetml/x2006/main/impl/CTSstImpl done
Event: 0.975 loading class org/openxmlformats/schemas/spreadsheetml/x2006/main/CTSst
Event: 0.975 loading class org/openxmlformats/schemas/spreadsheetml/x2006/main/CTSst done
Event: 0.977 loading class org/openxmlformats/schemas/spreadsheetml/x2006/main/StyleSheetDocument$Factory
Event: 0.977 loading class org/openxmlformats/schemas/spreadsheetml/x2006/main/StyleSheetDocument$Factory done
Event: 0.977 loading class org/openxmlformats/schemas/spreadsheetml/x2006/main/StyleSheetDocument
Event: 0.977 loading class org/openxmlformats/schemas/spreadsheetml/x2006/main/StyleSheetDocument done
Event: 0.977 loading class org/openxmlformats/schemas/spreadsheetml/x2006/main/impl/StyleSheetDocumentImpl
Event: 0.977 loading class org/openxmlformats/schemas/spreadsheetml/x2006/main/impl/StyleSheetDocumentImpl done
Event: 0.979 loading class org/openxmlformats/schemas/spreadsheetml/x2006/main/impl/CTStylesheetImpl
Event: 0.979 loading class org/openxmlformats/schemas/spreadsheetml/x2006/main/impl/CTStylesheetImpl done
Event: 0.979 loading class org/openxmlformats/schemas/spreadsheetml/x2006/main/CTStylesheet
Event: 0.979 loading class org/openxmlformats/schemas/spreadsheetml/x2006/main/CTStylesheet done
Event: 0.980 loading class org/openxmlformats/schemas/spreadsheetml/x2006/main/CTFont$Factory
Event: 0.980 loading class org/openxmlformats/schemas/spreadsheetml/x2006/main/CTFont$Factory done
Event: 0.980 loading class org/openxmlformats/schemas/spreadsheetml/x2006/main/CTFont
Event: 0.980 loading class org/openxmlformats/schemas/spreadsheetml/x2006/main/CTFont done
Event: 0.982 loading class org/openxmlformats/schemas/spreadsheetml/x2006/main/impl/CTFontImpl
Event: 0.982 loading class org/openxmlformats/schemas/spreadsheetml/x2006/main/impl/CTFontImpl done
Event: 0.984 loading class org/apache/poi/xssf/usermodel/XSSFFont
Event: 0.984 loading class org/apache/poi/xssf/usermodel/XSSFFont done
Event: 0.985 loading class org/apache/poi/ss/usermodel/IndexedColors
Event: 0.985 loading class org/apache/poi/ss/usermodel/IndexedColors done
Event: 0.985 loading class org/openxmlformats/schemas/spreadsheetml/x2006/main/impl/CTFontSizeImpl
Event: 0.985 loading class org/openxmlformats/schemas/spreadsheetml/x2006/main/impl/CTFontSizeImpl done
Event: 0.986 loading class org/openxmlformats/schemas/spreadsheetml/x2006/main/CTFontSize
Event: 0.986 loading class org/openxmlformats/schemas/spreadsheetml/x2006/main/CTFontSize done
Event: 0.986 loading class org/apache/xmlbeans/impl/values/XmlDoubleImpl
Event: 0.986 loading class org/apache/xmlbeans/impl/values/XmlDoubleImpl done
Event: 0.986 loading class org/apache/xmlbeans/XmlDouble
Event: 0.986 loading class org/apache/xmlbeans/XmlDouble done
Event: 0.986 loading class org/apache/xmlbeans/impl/values/JavaDoubleHolder
Event: 0.986 loading class org/apache/xmlbeans/impl/values/JavaDoubleHolder done
Event: 0.988 loading class org/openxmlformats/schemas/spreadsheetml/x2006/main/impl/CTColorImpl
Event: 0.988 loading class org/openxmlformats/schemas/spreadsheetml/x2006/main/impl/CTColorImpl done
Event: 0.988 loading class org/openxmlformats/schemas/spreadsheetml/x2006/main/CTColor
Event: 0.988 loading class org/openxmlformats/schemas/spreadsheetml/x2006/main/CTColor done
Event: 0.989 loading class org/openxmlformats/schemas/spreadsheetml/x2006/main/impl/CTFontNameImpl
Event: 0.989 loading class org/openxmlformats/schemas/spreadsheetml/x2006/main/impl/CTFontNameImpl done
Event: 0.989 loading class org/openxmlformats/schemas/spreadsheetml/x2006/main/CTFontName
Event: 0.989 loading class org/openxmlformats/schemas/spreadsheetml/x2006/main/CTFontName done
Event: 0.990 loading class org/openxmlformats/schemas/spreadsheetml/x2006/main/impl/STXstringImpl
Event: 0.990 loading class org/openxmlformats/schemas/spreadsheetml/x2006/main/impl/STXstringImpl done
Event: 0.990 loading class org/openxmlformats/schemas/spreadsheetml/x2006/main/STXstring
Event: 0.990 loading class org/openxmlformats/schemas/spreadsheetml/x2006/main/STXstring done
Event: 0.990 loading class org/apache/xmlbeans/impl/values/JavaStringHolderEx
Event: 0.990 loading class org/apache/xmlbeans/impl/values/JavaStringHolderEx done
Event: 0.991 loading class org/apache/poi/ss/usermodel/FontFamily
Event: 0.991 loading class org/apache/poi/ss/usermodel/FontFamily done
Event: 0.992 loading class org/openxmlformats/schemas/spreadsheetml/x2006/main/impl/CTIntPropertyImpl
Event: 0.992 loading class org/openxmlformats/schemas/spreadsheetml/x2006/main/impl/CTIntPropertyImpl done
Event: 0.992 loading class org/openxmlformats/schemas/spreadsheetml/x2006/main/CTIntProperty
Event: 0.992 loading class org/openxmlformats/schemas/spreadsheetml/x2006/main/CTIntProperty done
Event: 0.992 loading class org/apache/xmlbeans/impl/values/XmlIntImpl
Event: 0.992 loading class org/apache/xmlbeans/impl/values/XmlIntImpl done
Event: 0.992 loading class org/apache/xmlbeans/XmlInt
Event: 0.992 loading class org/apache/xmlbeans/XmlInt done
Event: 0.992 loading class org/apache/xmlbeans/XmlLong
Event: 0.992 loading class org/apache/xmlbeans/XmlLong done
Event: 0.993 loading class org/apache/xmlbeans/impl/values/JavaIntHolder
Event: 0.993 loading class org/apache/xmlbeans/impl/values/JavaIntHolder done
Event: 0.993 loading class org/apache/poi/ss/usermodel/FontScheme
Event: 0.993 loading class org/apache/poi/ss/usermodel/FontScheme done
Event: 0.994 loading class org/openxmlformats/schemas/spreadsheetml/x2006/main/impl/CTFontSchemeImpl
Event: 0.994 loading class org/openxmlformats/schemas/spreadsheetml/x2006/main/impl/CTFontSchemeImpl done
Event: 0.994 loading class org/openxmlformats/schemas/spreadsheetml/x2006/main/CTFontScheme
Event: 0.994 loading class org/openxmlformats/schemas/spreadsheetml/x2006/main/CTFontScheme done
Event: 0.994 loading class org/openxmlformats/schemas/spreadsheetml/x2006/main/STFontScheme$Enum
Event: 0.994 loading class org/openxmlformats/schemas/spreadsheetml/x2006/main/STFontScheme$Enum done
Event: 0.994 loading class org/apache/xmlbeans/StringEnumAbstractBase$Table
Event: 0.994 loading class org/apache/xmlbeans/StringEnumAbstractBase$Table done
Event: 0.995 loading class org/apache/xmlbeans/SchemaStringEnumEntry
Event: 0.995 loading class org/apache/xmlbeans/SchemaStringEnumEntry done
Event: 0.995 loading class org/apache/xmlbeans/impl/schema/SchemaStringEnumEntryImpl
Event: 0.995 loading class org/apache/xmlbeans/impl/schema/SchemaStringEnumEntryImpl done
Event: 0.995 loading class org/openxmlformats/schemas/spreadsheetml/x2006/main/impl/STFontSchemeImpl
Event: 0.995 loading class org/openxmlformats/schemas/spreadsheetml/x2006/main/impl/STFontSchemeImpl done
Event: 0.996 loading class org/openxmlformats/schemas/spreadsheetml/x2006/main/STFontScheme
Event: 0.996 loading class org/openxmlformats/schemas/spreadsheetml/x2006/main/STFontScheme done
Event: 0.996 loading class org/apache/xmlbeans/impl/values/JavaStringEnumerationHolderEx
Event: 0.996 loading class org/apache/xmlbeans/impl/values/JavaStringEnumerationHolderEx done
Event: 0.996 loading class org/openxmlformats/schemas/spreadsheetml/x2006/main/CTFill
Event: 0.996 loading class org/openxmlformats/schemas/spreadsheetml/x2006/main/CTFill done
Event: 0.996 loading class org/openxmlformats/schemas/spreadsheetml/x2006/main/CTFill$Factory
Event: 0.996 loading class org/openxmlformats/schemas/spreadsheetml/x2006/main/CTFill$Factory done
Event: 0.997 loading class org/openxmlformats/schemas/spreadsheetml/x2006/main/impl/CTFillImpl
Event: 0.997 loading class org/openxmlformats/schemas/spreadsheetml/x2006/main/impl/CTFillImpl done
Event: 0.998 loading class org/openxmlformats/schemas/spreadsheetml/x2006/main/impl/CTPatternFillImpl
Event: 0.998 loading class org/openxmlformats/schemas/spreadsheetml/x2006/main/impl/CTPatternFillImpl done
Event: 0.998 loading class org/openxmlformats/schemas/spreadsheetml/x2006/main/CTPatternFill
Event: 0.998 loading class org/openxmlformats/schemas/spreadsheetml/x2006/main/CTPatternFill done
Event: 0.999 loading class org/openxmlformats/schemas/spreadsheetml/x2006/main/STPatternType$Enum
Event: 0.999 loading class org/openxmlformats/schemas/spreadsheetml/x2006/main/STPatternType$Enum done
Event: 0.999 loading class org/openxmlformats/schemas/spreadsheetml/x2006/main/STPatternType
Event: 0.999 loading class org/openxmlformats/schemas/spreadsheetml/x2006/main/STPatternType done
Event: 1.000 loading class org/openxmlformats/schemas/spreadsheetml/x2006/main/impl/STPatternTypeImpl
Event: 1.000 loading class org/openxmlformats/schemas/spreadsheetml/x2006/main/impl/STPatternTypeImpl done
Event: 1.000 loading class org/apache/poi/xssf/usermodel/extensions/XSSFCellFill
Event: 1.000 loading class org/apache/poi/xssf/usermodel/extensions/XSSFCellFill done
Event: 1.001 loading class org/openxmlformats/schemas/spreadsheetml/x2006/main/CTBorder$Factory
Event: 1.001 loading class org/openxmlformats/schemas/spreadsheetml/x2006/main/CTBorder$Factory done
Event: 1.001 loading class org/openxmlformats/schemas/spreadsheetml/x2006/main/CTBorder
Event: 1.001 loading class org/openxmlformats/schemas/spreadsheetml/x2006/main/CTBorder done
Event: 1.002 loading class org/openxmlformats/schemas/spreadsheetml/x2006/main/impl/CTBorderImpl
Event: 1.002 loading class org/openxmlformats/schemas/spreadsheetml/x2006/main/impl/CTBorderImpl done
Event: 1.003 loading class org/openxmlformats/schemas/spreadsheetml/x2006/main/impl/CTBorderPrImpl
Event: 1.003 loading class org/openxmlformats/schemas/spreadsheetml/x2006/main/impl/CTBorderPrImpl done
Event: 1.004 loading class org/openxmlformats/schemas/spreadsheetml/x2006/main/CTBorderPr
Event: 1.004 loading class org/openxmlformats/schemas/spreadsheetml/x2006/main/CTBorderPr done
Event: 1.004 loading class org/openxmlformats/schemas/spreadsheetml/x2006/main/STBorderStyle$Enum
Event: 1.004 loading class org/openxmlformats/schemas/spreadsheetml/x2006/main/STBorderStyle$Enum done
Event: 1.005 loading class org/apache/poi/xssf/usermodel/extensions/XSSFCellBorder
Event: 1.005 loading class org/apache/poi/xssf/usermodel/extensions/XSSFCellBorder done
Event: 1.005 loading class org/openxmlformats/schemas/spreadsheetml/x2006/main/CTXf$Factory
Event: 1.005 loading class org/openxmlformats/schemas/spreadsheetml/x2006/main/CTXf$Factory done
Event: 1.005 loading class org/openxmlformats/schemas/spreadsheetml/x2006/main/CTXf
Event: 1.005 loading class org/openxmlformats/schemas/spreadsheetml/x2006/main/CTXf done
Event: 1.007 loading class org/openxmlformats/schemas/spreadsheetml/x2006/main/impl/CTXfImpl
Event: 1.007 loading class org/openxmlformats/schemas/spreadsheetml/x2006/main/impl/CTXfImpl done
Event: 1.008 loading class org/openxmlformats/schemas/spreadsheetml/x2006/main/impl/STNumFmtIdImpl
Event: 1.008 loading class org/openxmlformats/schemas/spreadsheetml/x2006/main/impl/STNumFmtIdImpl done
Event: 1.008 loading class org/openxmlformats/schemas/spreadsheetml/x2006/main/STNumFmtId
Event: 1.008 loading class org/openxmlformats/schemas/spreadsheetml/x2006/main/STNumFmtId done
Event: 1.009 loading class org/openxmlformats/schemas/spreadsheetml/x2006/main/impl/STFontIdImpl
Event: 1.009 loading class org/openxmlformats/schemas/spreadsheetml/x2006/main/impl/STFontIdImpl done
Event: 1.009 loading class org/openxmlformats/schemas/spreadsheetml/x2006/main/STFontId
Event: 1.009 loading class org/openxmlformats/schemas/spreadsheetml/x2006/main/STFontId done
Event: 1.010 loading class org/openxmlformats/schemas/spreadsheetml/x2006/main/impl/STFillIdImpl
Event: 1.010 loading class org/openxmlformats/schemas/spreadsheetml/x2006/main/impl/STFillIdImpl done
Event: 1.010 loading class org/openxmlformats/schemas/spreadsheetml/x2006/main/STFillId
Event: 1.010 loading class org/openxmlformats/schemas/spreadsheetml/x2006/main/STFillId done
Event: 1.010 loading class org/openxmlformats/schemas/spreadsheetml/x2006/main/impl/STBorderIdImpl
Event: 1.010 loading class org/openxmlformats/schemas/spreadsheetml/x2006/main/impl/STBorderIdImpl done
Event: 1.011 loading class org/openxmlformats/schemas/spreadsheetml/x2006/main/STBorderId
Event: 1.011 loading class org/openxmlformats/schemas/spreadsheetml/x2006/main/STBorderId done
Event: 1.011 loading class org/openxmlformats/schemas/spreadsheetml/x2006/main/impl/STCellStyleXfIdImpl
Event: 1.011 loading class org/openxmlformats/schemas/spreadsheetml/x2006/main/impl/STCellStyleXfIdImpl done
Event: 1.011 loading class org/openxmlformats/schemas/spreadsheetml/x2006/main/STCellStyleXfId
Event: 1.011 loading class org/openxmlformats/schemas/spreadsheetml/x2006/main/STCellStyleXfId done
Event: 4.104 Executing VM operation: EnableBiasedLocking
Event: 4.105 Executing VM operation: EnableBiasedLocking done


Dynamic libraries:
5c0000000-615580000 rw-p 00000000 00:00 0 
615580000-715580000 ---p 00000000 00:00 0 
715580000-740000000 rw-p 00000000 00:00 0 
740000000-7c0000000 ---p 00000000 00:00 0 
7c0000000-7c0100000 rw-p 00000000 00:00 0 
7c0100000-800000000 ---p 00000000 00:00 0 
559c0652a000-559c078ea000 r-xp 00000000 fd:00 2898952                    /usr/lib/rstudio-server/bin/rsession
559c07aea000-559c07b17000 r--p 013c0000 fd:00 2898952                    /usr/lib/rstudio-server/bin/rsession
559c07b17000-559c07b1c000 rw-p 013ed000 fd:00 2898952                    /usr/lib/rstudio-server/bin/rsession
559c07b1c000-559c07b2d000 rw-p 00000000 00:00 0 
559c07db3000-559cfd840000 rw-p 00000000 00:00 0                          [heap]
7f18b4000000-7f18b4021000 rw-p 00000000 00:00 0 
7f18b4021000-7f18b8000000 ---p 00000000 00:00 0 
7f18b8000000-7f18b8021000 rw-p 00000000 00:00 0 
7f18b8021000-7f18bc000000 ---p 00000000 00:00 0 
7f18bc000000-7f18bc02b000 rw-p 00000000 00:00 0 
7f18bc02b000-7f18c0000000 ---p 00000000 00:00 0 
7f18c0000000-7f18c0100000 rw-p 00000000 00:00 0 
7f18c0100000-7f18c4000000 ---p 00000000 00:00 0 
7f18c4000000-7f18c417b000 rw-p 00000000 00:00 0 
7f18c417b000-7f18c8000000 ---p 00000000 00:00 0 
7f18c8000000-7f18c8088000 rw-p 00000000 00:00 0 
7f18c8088000-7f18cc000000 ---p 00000000 00:00 0 
7f18cc000000-7f18cc091000 rw-p 00000000 00:00 0 
7f18cc091000-7f18d0000000 ---p 00000000 00:00 0 
7f18d0000000-7f18d013c000 rw-p 00000000 00:00 0 
7f18d013c000-7f18d4000000 ---p 00000000 00:00 0 
7f18d4000000-7f18d4117000 rw-p 00000000 00:00 0 
7f18d4117000-7f18d8000000 ---p 00000000 00:00 0 
7f18d8000000-7f18d81c6000 rw-p 00000000 00:00 0 
7f18d81c6000-7f18dc000000 ---p 00000000 00:00 0 
7f18dc000000-7f18dc0d3000 rw-p 00000000 00:00 0 
7f18dc0d3000-7f18e0000000 ---p 00000000 00:00 0 
7f18e0000000-7f18e00a2000 rw-p 00000000 00:00 0 
7f18e00a2000-7f18e4000000 ---p 00000000 00:00 0 
7f18e4000000-7f18e40e1000 rw-p 00000000 00:00 0 
7f18e40e1000-7f18e8000000 ---p 00000000 00:00 0 
7f18e8000000-7f18e80c6000 rw-p 00000000 00:00 0 
7f18e80c6000-7f18ec000000 ---p 00000000 00:00 0 
7f18ec000000-7f18ec021000 rw-p 00000000 00:00 0 
7f18ec021000-7f18f0000000 ---p 00000000 00:00 0 
7f18f0000000-7f18f0021000 rw-p 00000000 00:00 0 
7f18f0021000-7f18f4000000 ---p 00000000 00:00 0 
7f18f4000000-7f18f4021000 rw-p 00000000 00:00 0 
7f18f4021000-7f18f8000000 ---p 00000000 00:00 0 
7f18f8000000-7f18f8021000 rw-p 00000000 00:00 0 
7f18f8021000-7f18fc000000 ---p 00000000 00:00 0 
7f18fc000000-7f18fc021000 rw-p 00000000 00:00 0 
7f18fc021000-7f1900000000 ---p 00000000 00:00 0 
7f1900000000-7f1900021000 rw-p 00000000 00:00 0 
7f1900021000-7f1904000000 ---p 00000000 00:00 0 
7f1904000000-7f1904021000 rw-p 00000000 00:00 0 
7f1904021000-7f1908000000 ---p 00000000 00:00 0 
7f190c000000-7f190c021000 rw-p 00000000 00:00 0 
7f190c021000-7f1910000000 ---p 00000000 00:00 0 
7f1914000000-7f1914021000 rw-p 00000000 00:00 0 
7f1914021000-7f1918000000 ---p 00000000 00:00 0 
7f191c000000-7f191c021000 rw-p 00000000 00:00 0 
7f191c021000-7f1920000000 ---p 00000000 00:00 0 
7f1924000000-7f1924021000 rw-p 00000000 00:00 0 
7f1924021000-7f1928000000 ---p 00000000 00:00 0 
7f192c000000-7f192c021000 rw-p 00000000 00:00 0 
7f192c021000-7f1930000000 ---p 00000000 00:00 0 
7f1930000000-7f1930021000 rw-p 00000000 00:00 0 
7f1930021000-7f1934000000 ---p 00000000 00:00 0 
7f1934000000-7f1944000000 rw-p 00000000 00:00 0 
7f1944000000-7f1944021000 rw-p 00000000 00:00 0 
7f1944021000-7f1948000000 ---p 00000000 00:00 0 
7f194c000000-7f194c021000 rw-p 00000000 00:00 0 
7f194c021000-7f1950000000 ---p 00000000 00:00 0 
7f1954000000-7f1954021000 rw-p 00000000 00:00 0 
7f1954021000-7f1958000000 ---p 00000000 00:00 0 
7f195c000000-7f195c021000 rw-p 00000000 00:00 0 
7f195c021000-7f1960000000 ---p 00000000 00:00 0 
7f196265b000-7f1964000000 r--s 00000000 fd:06 2020310                    /opt/R/R-4.0.3/lib64/R/library/stringi/libs/icudt61l.dat
7f1964000000-7f1964021000 rw-p 00000000 00:00 0 
7f1964021000-7f1968000000 ---p 00000000 00:00 0 
7f1968000000-7f1968021000 rw-p 00000000 00:00 0 
7f1968021000-7f196c000000 ---p 00000000 00:00 0 
7f196caf1000-7f196cafe000 r-xp 00000000 00:38 113254242                  /home/c242664/R/x86_64-pc-linux-gnu-library/4.0/RPostgreSQL/libs/RPostgreSQL.so
7f196cafe000-7f196ccfe000 ---p 0000d000 00:38 113254242                  /home/c242664/R/x86_64-pc-linux-gnu-library/4.0/RPostgreSQL/libs/RPostgreSQL.so
7f196ccfe000-7f196ccff000 r--p 0000d000 00:38 113254242                  /home/c242664/R/x86_64-pc-linux-gnu-library/4.0/RPostgreSQL/libs/RPostgreSQL.so
7f196ccff000-7f196cd00000 rw-p 0000e000 00:38 113254242                  /home/c242664/R/x86_64-pc-linux-gnu-library/4.0/RPostgreSQL/libs/RPostgreSQL.so
7f196cd00000-7f196cd03000 r-xp 00000000 fd:06 236259842                  /opt/R/R-4.0.3/lib64/R/library/zoo/libs/zoo.so
7f196cd03000-7f196cf03000 ---p 00003000 fd:06 236259842                  /opt/R/R-4.0.3/lib64/R/library/zoo/libs/zoo.so
7f196cf03000-7f196cf04000 r--p 00003000 fd:06 236259842                  /opt/R/R-4.0.3/lib64/R/library/zoo/libs/zoo.so
7f196cf04000-7f196cf05000 rw-p 00004000 fd:06 236259842                  /opt/R/R-4.0.3/lib64/R/library/zoo/libs/zoo.so
7f196cf05000-7f196cf6c000 r-xp 00000000 00:38 123016702                  /home/c242664/R/x86_64-pc-linux-gnu-library/4.0/reticulate/libs/reticulate.so
7f196cf6c000-7f196d16c000 ---p 00067000 00:38 123016702                  /home/c242664/R/x86_64-pc-linux-gnu-library/4.0/reticulate/libs/reticulate.so
7f196d16c000-7f196d16e000 r--p 00067000 00:38 123016702                  /home/c242664/R/x86_64-pc-linux-gnu-library/4.0/reticulate/libs/reticulate.so
7f196d16e000-7f196d16f000 rw-p 00069000 00:38 123016702                  /home/c242664/R/x86_64-pc-linux-gnu-library/4.0/reticulate/libs/reticulate.so
7f196d16f000-7f196d171000 rw-p 00000000 00:00 0 
7f196d171000-7f196d19a000 r-xp 00000000 fd:00 8800390                    /usr/lib64/libpng15.so.15.13.0
7f196d19a000-7f196d39a000 ---p 00029000 fd:00 8800390                    /usr/lib64/libpng15.so.15.13.0
7f196d39a000-7f196d39b000 r--p 00029000 fd:00 8800390                    /usr/lib64/libpng15.so.15.13.0
7f196d39b000-7f196d39c000 rw-p 0002a000 fd:00 8800390                    /usr/lib64/libpng15.so.15.13.0
7f196d39c000-7f196d3a1000 r-xp 00000000 fd:06 311105557                  /opt/R/R-4.0.3/lib64/R/library/png/libs/png.so
7f196d3a1000-7f196d5a0000 ---p 00005000 fd:06 311105557                  /opt/R/R-4.0.3/lib64/R/library/png/libs/png.so
7f196d5a0000-7f196d5a1000 r--p 00004000 fd:06 311105557                  /opt/R/R-4.0.3/lib64/R/library/png/libs/png.so
7f196d5a1000-7f196d5a2000 rw-p 00005000 fd:06 311105557                  /opt/R/R-4.0.3/lib64/R/library/png/libs/png.so
7f196d5a2000-7f196d5a4000 r-xp 00000000 fd:00 17470509                   /usr/lib64/gconv/ISO8859-1.so
7f196d5a4000-7f196d7a3000 ---p 00002000 fd:00 17470509                   /usr/lib64/gconv/ISO8859-1.so
7f196d7a3000-7f196d7a4000 r--p 00001000 fd:00 17470509                   /usr/lib64/gconv/ISO8859-1.so
7f196d7a4000-7f196d7a5000 rw-p 00002000 fd:00 17470509                   /usr/lib64/gconv/ISO8859-1.so
7f196d7a5000-7f196dc96000 r-xp 00000000 fd:06 2020311                    /opt/R/R-4.0.3/lib64/R/library/stringi/libs/stringi.so
7f196dc96000-7f196de95000 ---p 004f1000 fd:06 2020311                    /opt/R/R-4.0.3/lib64/R/library/stringi/libs/stringi.so
7f196de95000-7f196deb7000 r--p 004f0000 fd:06 2020311                    /opt/R/R-4.0.3/lib64/R/library/stringi/libs/stringi.so
7f196deb7000-7f196dec2000 rw-p 00512000 fd:06 2020311                    /opt/R/R-4.0.3/lib64/R/library/stringi/libs/stringi.so
7f196dec2000-7f196dec4000 rw-p 00000000 00:00 0 
7f196dec4000-7f196e022000 r-xp 00000000 fd:00 8838703                    /usr/lib64/libxml2.so.2.9.1
7f196e022000-7f196e222000 ---p 0015e000 fd:00 8838703                    /usr/lib64/libxml2.so.2.9.1
7f196e222000-7f196e22a000 r--p 0015e000 fd:00 8838703                    /usr/lib64/libxml2.so.2.9.1
7f196e22a000-7f196e22c000 rw-p 00166000 fd:00 8838703                    /usr/lib64/libxml2.so.2.9.1
7f196e22c000-7f196e22e000 rw-p 00000000 00:00 0 
7f196e22e000-7f196e252000 r-xp 00000000 fd:06 130156041                  /opt/R/R-4.0.3/lib64/R/library/xml2/libs/xml2.so
7f196e252000-7f196e452000 ---p 00024000 fd:06 130156041                  /opt/R/R-4.0.3/lib64/R/library/xml2/libs/xml2.so
7f196e452000-7f196e453000 r--p 00024000 fd:06 130156041                  /opt/R/R-4.0.3/lib64/R/library/xml2/libs/xml2.so
7f196e453000-7f196e454000 rw-p 00025000 fd:06 130156041                  /opt/R/R-4.0.3/lib64/R/library/xml2/libs/xml2.so
7f196e454000-7f196e50b000 r-xp 00000000 fd:06 149383215                  /opt/R/R-4.0.3/lib64/R/library/readr/libs/readr.so
7f196e50b000-7f196e70a000 ---p 000b7000 fd:06 149383215                  /opt/R/R-4.0.3/lib64/R/library/readr/libs/readr.so
7f196e70a000-7f196e70d000 r--p 000b6000 fd:06 149383215                  /opt/R/R-4.0.3/lib64/R/library/readr/libs/readr.so
7f196e70d000-7f196e70e000 rw-p 000b9000 fd:06 149383215                  /opt/R/R-4.0.3/lib64/R/library/readr/libs/readr.so
7f196e70e000-7f196e713000 rw-p 00000000 00:00 0 
7f196e713000-7f196e75b000 r-xp 00000000 00:38 51683623                   /home/c242664/R/x86_64-pc-linux-gnu-library/4.0/lubridate/libs/lubridate.so
7f196e75b000-7f196e95a000 ---p 00048000 00:38 51683623                   /home/c242664/R/x86_64-pc-linux-gnu-library/4.0/lubridate/libs/lubridate.so
7f196e95a000-7f196e95b000 r--p 00047000 00:38 51683623                   /home/c242664/R/x86_64-pc-linux-gnu-library/4.0/lubridate/libs/lubridate.so
7f196e95b000-7f196e95c000 rw-p 00048000 00:38 51683623                   /home/c242664/R/x86_64-pc-linux-gnu-library/4.0/lubridate/libs/lubridate.so
7f196e95c000-7f196e96a000 r-xp 00000000 00:38 122835462                  /home/c242664/R/x86_64-pc-linux-gnu-library/4.0/jsonlite/libs/jsonlite.so
7f196e96a000-7f196eb6a000 ---p 0000e000 00:38 122835462                  /home/c242664/R/x86_64-pc-linux-gnu-library/4.0/jsonlite/libs/jsonlite.so
7f196eb6a000-7f196eb6b000 r--p 0000e000 00:38 122835462                  /home/c242664/R/x86_64-pc-linux-gnu-library/4.0/jsonlite/libs/jsonlite.so
7f196eb6b000-7f196eb6c000 rw-p 0000f000 00:38 122835462                  /home/c242664/R/x86_64-pc-linux-gnu-library/4.0/jsonlite/libs/jsonlite.so
7f196eb6c000-7f196ebe9000 r-xp 00000000 00:38 29491021                   /home/c242664/R/x86_64-pc-linux-gnu-library/4.0/haven/libs/haven.so
7f196ebe9000-7f196ede9000 ---p 0007d000 00:38 29491021                   /home/c242664/R/x86_64-pc-linux-gnu-library/4.0/haven/libs/haven.so
7f196ede9000-7f196edea000 r--p 0007d000 00:38 29491021                   /home/c242664/R/x86_64-pc-linux-gnu-library/4.0/haven/libs/haven.so
7f196edea000-7f196eded000 rw-p 0007e000 00:38 29491021                   /home/c242664/R/x86_64-pc-linux-gnu-library/4.0/haven/libs/haven.so
7f196eded000-7f196edee000 rw-p 00000000 00:00 0 
7f196edee000-7f196edf9000 r-xp 00000000 fd:06 265313706                  /opt/R/R-4.0.3/lib64/R/library/colorspace/libs/colorspace.so
7f196edf9000-7f196eff8000 ---p 0000b000 fd:06 265313706                  /opt/R/R-4.0.3/lib64/R/library/colorspace/libs/colorspace.so
7f196eff8000-7f196eff9000 r--p 0000a000 fd:06 265313706                  /opt/R/R-4.0.3/lib64/R/library/colorspace/libs/colorspace.so
7f196eff9000-7f196effa000 rw-p 0000b000 fd:06 265313706                  /opt/R/R-4.0.3/lib64/R/library/colorspace/libs/colorspace.so
7f196effa000-7f196effb000 r-xp 00000000 fd:06 138064915                  /opt/R/R-4.0.3/lib64/R/library/backports/libs/backports.so
7f196effb000-7f196f1fa000 ---p 00001000 fd:06 138064915                  /opt/R/R-4.0.3/lib64/R/library/backports/libs/backports.so
7f196f1fa000-7f196f1fb000 r--p 00000000 fd:06 138064915                  /opt/R/R-4.0.3/lib64/R/library/backports/libs/backports.so
7f196f1fb000-7f196f1fc000 rw-p 00001000 fd:06 138064915                  /opt/R/R-4.0.3/lib64/R/library/backports/libs/backports.so
7f196f1fc000-7f196f22b000 r-xp 00000000 00:38 122363532                  /home/c242664/R/x86_64-pc-linux-gnu-library/4.0/tidyr/libs/tidyr.so
7f196f22b000-7f196f42b000 ---p 0002f000 00:38 122363532                  /home/c242664/R/x86_64-pc-linux-gnu-library/4.0/tidyr/libs/tidyr.so
7f196f42b000-7f196f42c000 r--p 0002f000 00:38 122363532                  /home/c242664/R/x86_64-pc-linux-gnu-library/4.0/tidyr/libs/tidyr.so
7f196f42c000-7f196f42d000 rw-p 00030000 00:38 122363532                  /home/c242664/R/x86_64-pc-linux-gnu-library/4.0/tidyr/libs/tidyr.so
7f196f42d000-7f196f46d000 r-xp 00000000 fd:06 167950895                  /opt/R/R-4.0.3/lib64/R/library/fs/libs/fs.so
7f196f46d000-7f196f66d000 ---p 00040000 fd:06 167950895                  /opt/R/R-4.0.3/lib64/R/library/fs/libs/fs.so
7f196f66d000-7f196f66e000 r--p 00040000 fd:06 167950895                  /opt/R/R-4.0.3/lib64/R/library/fs/libs/fs.so
7f196f66e000-7f196f66f000 rw-p 00041000 fd:06 167950895                  /opt/R/R-4.0.3/lib64/R/library/fs/libs/fs.so
7f196f66f000-7f196f670000 rw-p 00000000 00:00 0 
7f196f670000-7f196f6cf000 r-xp 00000000 fd:06 183756850                  /opt/R/R-4.0.3/lib64/R/library/readxl/libs/readxl.so
7f196f6cf000-7f196f8ce000 ---p 0005f000 fd:06 183756850                  /opt/R/R-4.0.3/lib64/R/library/readxl/libs/readxl.so
7f196f8ce000-7f196f8cf000 r--p 0005e000 fd:06 183756850                  /opt/R/R-4.0.3/lib64/R/library/readxl/libs/readxl.so
7f196f8cf000-7f196f8d1000 rw-p 0005f000 fd:06 183756850                  /opt/R/R-4.0.3/lib64/R/library/readxl/libs/readxl.so
7f196f8d1000-7f196f8d2000 rw-p 00000000 00:00 0 
7f196f8d2000-7f196f8ea000 r-xp 00000000 fd:00 4434959                    /usr/lib/jvm/java-1.8.0-openjdk-1.8.0.322.b06-1.el7_9.x86_64/jre/lib/amd64/libnet.so
7f196f8ea000-7f196fae9000 ---p 00018000 fd:00 4434959                    /usr/lib/jvm/java-1.8.0-openjdk-1.8.0.322.b06-1.el7_9.x86_64/jre/lib/amd64/libnet.so
7f196fae9000-7f196faea000 r--p 00017000 fd:00 4434959                    /usr/lib/jvm/java-1.8.0-openjdk-1.8.0.322.b06-1.el7_9.x86_64/jre/lib/amd64/libnet.so
7f196faea000-7f196faeb000 rw-p 00018000 fd:00 4434959                    /usr/lib/jvm/java-1.8.0-openjdk-1.8.0.322.b06-1.el7_9.x86_64/jre/lib/amd64/libnet.so
7f196faeb000-7f196fafd000 r-xp 00000000 fd:00 4434960                    /usr/lib/jvm/java-1.8.0-openjdk-1.8.0.322.b06-1.el7_9.x86_64/jre/lib/amd64/libnio.so
7f196fafd000-7f196fcfc000 ---p 00012000 fd:00 4434960                    /usr/lib/jvm/java-1.8.0-openjdk-1.8.0.322.b06-1.el7_9.x86_64/jre/lib/amd64/libnio.so
7f196fcfc000-7f196fcfd000 r--p 00011000 fd:00 4434960                    /usr/lib/jvm/java-1.8.0-openjdk-1.8.0.322.b06-1.el7_9.x86_64/jre/lib/amd64/libnio.so
7f196fcfd000-7f196fcfe000 rw-p 00012000 fd:00 4434960                    /usr/lib/jvm/java-1.8.0-openjdk-1.8.0.322.b06-1.el7_9.x86_64/jre/lib/amd64/libnio.so
7f196fcfe000-7f196fcff000 ---p 00000000 00:00 0 
7f196fcff000-7f196fdff000 rw-p 00000000 00:00 0 
7f196fdff000-7f196fe02000 ---p 00000000 00:00 0 
7f196fe02000-7f1970000000 rw-p 00000000 00:00 0 
7f1970000000-7f1970021000 rw-p 00000000 00:00 0 
7f1970021000-7f1974000000 ---p 00000000 00:00 0 
7f1974000000-7f1974021000 rw-p 00000000 00:00 0 
7f1974021000-7f1978000000 ---p 00000000 00:00 0 
7f1978000000-7f1978021000 rw-p 00000000 00:00 0 
7f1978021000-7f197c000000 ---p 00000000 00:00 0 
7f197c090000-7f197c094000 ---p 00000000 00:00 0 
7f197c094000-7f197c191000 rw-p 00000000 00:00 0 
7f197c191000-7f197c195000 ---p 00000000 00:00 0 
7f197c195000-7f197c292000 rw-p 00000000 00:00 0 
7f197c292000-7f197c296000 ---p 00000000 00:00 0 
7f197c296000-7f197c393000 rw-p 00000000 00:00 0 
7f197c393000-7f197c397000 ---p 00000000 00:00 0 
7f197c397000-7f197c494000 rw-p 00000000 00:00 0 
7f197c494000-7f197c498000 ---p 00000000 00:00 0 
7f197c498000-7f197c595000 rw-p 00000000 00:00 0 
7f197c595000-7f197c599000 ---p 00000000 00:00 0 
7f197c599000-7f197c696000 rw-p 00000000 00:00 0 
7f197c696000-7f197c69a000 ---p 00000000 00:00 0 
7f197c69a000-7f197c797000 rw-p 00000000 00:00 0 
7f197c797000-7f197c79b000 ---p 00000000 00:00 0 
7f197c79b000-7f197c898000 rw-p 00000000 00:00 0 
7f197c898000-7f197c89c000 ---p 00000000 00:00 0 
7f197c89c000-7f197c999000 rw-p 00000000 00:00 0 
7f197c999000-7f197c99d000 ---p 00000000 00:00 0 
7f197c99d000-7f197ca9a000 rw-p 00000000 00:00 0 
7f197ca9a000-7f197ca9e000 ---p 00000000 00:00 0 
7f197ca9e000-7f197cb9b000 rw-p 00000000 00:00 0 
7f197cb9b000-7f197cb9f000 ---p 00000000 00:00 0 
7f197cb9f000-7f197cc9c000 rw-p 00000000 00:00 0 
7f197cc9c000-7f197cc9f000 ---p 00000000 00:00 0 
7f197cc9f000-7f197ce9d000 rw-p 00000000 00:00 0 
7f197ce9d000-7f197cea0000 ---p 00000000 00:00 0 
7f197cea0000-7f197d09e000 rw-p 00000000 00:00 0 
7f197d09e000-7f197d0a1000 ---p 00000000 00:00 0 
7f197d0a1000-7f197d29f000 rw-p 00000000 00:00 0 
7f197d29f000-7f197d2a0000 ---p 00000000 00:00 0 
7f197d2a0000-7f197d3a0000 rw-p 00000000 00:00 0 
7f197d3a0000-7f197d572000 r--s 044a8000 fd:00 3146857                    /usr/lib/jvm/java-1.8.0-openjdk-1.8.0.322.b06-1.el7_9.x86_64/jre/lib/rt.jar
7f197d572000-7f197dc72000 rw-p 00000000 00:00 0 
7f197dc72000-7f197dd72000 ---p 00000000 00:00 0 
7f197dd72000-7f197ed72000 rw-p 00000000 00:00 0 
7f197ed72000-7f197ed73000 ---p 00000000 00:00 0 
7f197ed73000-7f197ee73000 rw-p 00000000 00:00 0 
7f197ee73000-7f197ee74000 ---p 00000000 00:00 0 
7f197ee74000-7f197ef74000 rw-p 00000000 00:00 0 
7f197ef74000-7f197ef75000 ---p 00000000 00:00 0 
7f197ef75000-7f197f075000 rw-p 00000000 00:00 0 
7f197f075000-7f197f076000 ---p 00000000 00:00 0 
7f197f076000-7f197f176000 rw-p 00000000 00:00 0 
7f197f176000-7f197f177000 ---p 00000000 00:00 0 
7f197f177000-7f197f277000 rw-p 00000000 00:00 0 
7f197f277000-7f197f278000 ---p 00000000 00:00 0 
7f197f278000-7f197f378000 rw-p 00000000 00:00 0 
7f197f378000-7f197f379000 ---p 00000000 00:00 0 
7f197f379000-7f197f724000 rw-p 00000000 00:00 0 
7f197f724000-7f197ff24000 ---p 00000000 00:00 0 
7f197ff24000-7f19801cf000 rw-p 00000000 00:00 0 
7f19801cf000-7f19809ce000 ---p 00000000 00:00 0 
7f19809ce000-7f1980b24000 rw-p 00000000 00:00 0 
7f1980b24000-7f1980f24000 ---p 00000000 00:00 0 
7f1980f24000-7f1980f25000 rw-p 00000000 00:00 0 
7f1980f25000-7f1981385000 rwxp 00000000 00:00 0 
7f1981385000-7f198ff25000 ---p 00000000 00:00 0 
7f1a57245000-7f1a5f246000 rw-p 00000000 00:00 0 
7f1aac04c000-7f1aac04d000 ---p 00000000 00:00 0 
7f1aac04d000-7f1aac14d000 rw-p 00000000 00:00 0 
7f1aac14d000-7f1aac14e000 ---p 00000000 00:00 0 
7f1aac14e000-7f1aac24e000 rw-p 00000000 00:00 0 
7f1aac24e000-7f1aac24f000 ---p 00000000 00:00 0 
7f1aac24f000-7f1aac34f000 rw-p 00000000 00:00 0 
7f1aac34f000-7f1aac350000 ---p 00000000 00:00 0 
7f1aac350000-7f1aac450000 rw-p 00000000 00:00 0 
7f1aac450000-7f1aac451000 ---p 00000000 00:00 0 
7f1aac451000-7f1aac551000 rw-p 00000000 00:00 0 
7f1aac551000-7f1aad2ee000 r-xp 00000000 fd:00 10542641                   /usr/lib/jvm/java-1.8.0-openjdk-1.8.0.322.b06-1.el7_9.x86_64/jre/lib/amd64/server/libjvm.so
7f1aad2ee000-7f1aad4ed000 ---p 00d9d000 fd:00 10542641                   /usr/lib/jvm/java-1.8.0-openjdk-1.8.0.322.b06-1.el7_9.x86_64/jre/lib/amd64/server/libjvm.so
7f1aad4ed000-7f1aad59b000 r--p 00d9c000 fd:00 10542641                   /usr/lib/jvm/java-1.8.0-openjdk-1.8.0.322.b06-1.el7_9.x86_64/jre/lib/amd64/server/libjvm.so
7f1aad59b000-7f1aad5c6000 rw-p 00e4a000 fd:00 10542641                   /usr/lib/jvm/java-1.8.0-openjdk-1.8.0.322.b06-1.el7_9.x86_64/jre/lib/amd64/server/libjvm.so
7f1aad5c6000-7f1aad5fc000 rw-p 00000000 00:00 0 
7f1c00000000-7f1c00021000 rw-p 00000000 00:00 0 
7f1c00021000-7f1c04000000 ---p 00000000 00:00 0 
7f1c08000000-7f1c087d6000 rw-p 00000000 00:00 0 
7f1c087d6000-7f1c0c000000 ---p 00000000 00:00 0 
7f1c0c057000-7f1c0c0ef000 r--s 00420000 fd:06 122282555                  /opt/R/R-4.0.3/lib64/R/library/xlsxjars/java/poi-ooxml-schemas-3.10.1-20140818.jar
7f1c0c0ef000-7f1c0c0f0000 ---p 00000000 00:00 0 
7f1c0c0f0000-7f1c0c1f0000 rw-p 00000000 00:00 0 
7f1c0c1f0000-7f1c0c1f1000 ---p 00000000 00:00 0 
7f1c0c1f1000-7f1c0c2f1000 rw-p 00000000 00:00 0 
7f1c0c2f1000-7f1c0c2f2000 ---p 00000000 00:00 0 
7f1c0c2f2000-7f1c0c3f2000 rw-p 00000000 00:00 0 
7f1c0c3f2000-7f1c0c3f3000 ---p 00000000 00:00 0 
7f1c0c3f3000-7f1c0c505000 rw-p 00000000 00:00 0 
7f1c0c505000-7f1c0c8b3000 ---p 00000000 00:00 0 
7f1c0c8b3000-7f1c0c8bb000 r-xp 00000000 fd:00 4434967                    /usr/lib/jvm/java-1.8.0-openjdk-1.8.0.322.b06-1.el7_9.x86_64/jre/lib/amd64/libzip.so
7f1c0c8bb000-7f1c0caba000 ---p 00008000 fd:00 4434967                    /usr/lib/jvm/java-1.8.0-openjdk-1.8.0.322.b06-1.el7_9.x86_64/jre/lib/amd64/libzip.so
7f1c0caba000-7f1c0cabb000 r--p 00007000 fd:00 4434967                    /usr/lib/jvm/java-1.8.0-openjdk-1.8.0.322.b06-1.el7_9.x86_64/jre/lib/amd64/libzip.so
7f1c0cabb000-7f1c0cabc000 rw-p 00008000 fd:00 4434967                    /usr/lib/jvm/java-1.8.0-openjdk-1.8.0.322.b06-1.el7_9.x86_64/jre/lib/amd64/libzip.so
7f1c0cabc000-7f1c0cae6000 r-xp 00000000 fd:00 4434949                    /usr/lib/jvm/java-1.8.0-openjdk-1.8.0.322.b06-1.el7_9.x86_64/jre/lib/amd64/libjava.so
7f1c0cae6000-7f1c0cce5000 ---p 0002a000 fd:00 4434949                    /usr/lib/jvm/java-1.8.0-openjdk-1.8.0.322.b06-1.el7_9.x86_64/jre/lib/amd64/libjava.so
7f1c0cce5000-7f1c0cce6000 r--p 00029000 fd:00 4434949                    /usr/lib/jvm/java-1.8.0-openjdk-1.8.0.322.b06-1.el7_9.x86_64/jre/lib/amd64/libjava.so
7f1c0cce6000-7f1c0cce8000 rw-p 0002a000 fd:00 4434949                    /usr/lib/jvm/java-1.8.0-openjdk-1.8.0.322.b06-1.el7_9.x86_64/jre/lib/amd64/libjava.so
7f1c0ecb1000-7f1c0ecb2000 ---p 00000000 00:00 0 
7f1c0ecb2000-7f1c0edb2000 rw-p 00000000 00:00 0 
7f1c0edb2000-7f1c0edbf000 r-xp 00000000 fd:00 4434966                    /usr/lib/jvm/java-1.8.0-openjdk-1.8.0.322.b06-1.el7_9.x86_64/jre/lib/amd64/libverify.so
7f1c0edbf000-7f1c0efbe000 ---p 0000d000 fd:00 4434966                    /usr/lib/jvm/java-1.8.0-openjdk-1.8.0.322.b06-1.el7_9.x86_64/jre/lib/amd64/libverify.so
7f1c0efbe000-7f1c0efc0000 r--p 0000c000 fd:00 4434966                    /usr/lib/jvm/java-1.8.0-openjdk-1.8.0.322.b06-1.el7_9.x86_64/jre/lib/amd64/libverify.so
7f1c0efc0000-7f1c0efc1000 rw-p 0000e000 fd:00 4434966                    /usr/lib/jvm/java-1.8.0-openjdk-1.8.0.322.b06-1.el7_9.x86_64/jre/lib/amd64/libverify.so
7f1c0efc1000-7f1c0efd1000 r-xp 00000000 fd:06 51725842                   /opt/R/R-4.0.3/lib64/R/library/rJava/libs/rJava.so
7f1c0efd1000-7f1c0f1d0000 ---p 00010000 fd:06 51725842                   /opt/R/R-4.0.3/lib64/R/library/rJava/libs/rJava.so
7f1c0f1d0000-7f1c0f1d1000 r--p 0000f000 fd:06 51725842                   /opt/R/R-4.0.3/lib64/R/library/rJava/libs/rJava.so
7f1c0f1d1000-7f1c0f1d2000 rw-p 00010000 fd:06 51725842                   /opt/R/R-4.0.3/lib64/R/library/rJava/libs/rJava.so
7f1c0f1d2000-7f1c0f1d3000 r-xp 00000000 fd:06 124833190                  /opt/R/R-4.0.3/lib64/R/library/gtools/libs/gtools.so
7f1c0f1d3000-7f1c0f3d3000 ---p 00001000 fd:06 124833190                  /opt/R/R-4.0.3/lib64/R/library/gtools/libs/gtools.so
7f1c0f3d3000-7f1c0f3d4000 r--p 00001000 fd:06 124833190                  /opt/R/R-4.0.3/lib64/R/library/gtools/libs/gtools.so
7f1c0f3d4000-7f1c0f3d5000 rw-p 00002000 fd:06 124833190                  /opt/R/R-4.0.3/lib64/R/library/gtools/libs/gtools.so
7f1c0f3d5000-7f1c0f3f3000 r-xp 00000000 fd:06 297541135                  /opt/R/R-4.0.3/lib64/R/library/plyr/libs/plyr.so
7f1c0f3f3000-7f1c0f5f3000 ---p 0001e000 fd:06 297541135                  /opt/R/R-4.0.3/lib64/R/library/plyr/libs/plyr.so
7f1c0f5f3000-7f1c0f5f4000 r--p 0001e000 fd:06 297541135                  /opt/R/R-4.0.3/lib64/R/library/plyr/libs/plyr.so
7f1c0f5f4000-7f1c0f5f5000 rw-p 0001f000 fd:06 297541135                  /opt/R/R-4.0.3/lib64/R/library/plyr/libs/plyr.so
7f1c0f5f5000-7f1c0f663000 r-xp 00000000 fd:06 26067497                   /opt/R/R-4.0.3/lib64/R/library/Rcpp/libs/Rcpp.so
7f1c0f663000-7f1c0f862000 ---p 0006e000 fd:06 26067497                   /opt/R/R-4.0.3/lib64/R/library/Rcpp/libs/Rcpp.so
7f1c0f862000-7f1c0f864000 r--p 0006d000 fd:06 26067497                   /opt/R/R-4.0.3/lib64/R/library/Rcpp/libs/Rcpp.so
7f1c0f864000-7f1c0f866000 rw-p 0006f000 fd:06 26067497                   /opt/R/R-4.0.3/lib64/R/library/Rcpp/libs/Rcpp.so
7f1c0f866000-7f1c0f86d000 rw-p 00000000 00:00 0 
7f1c14000000-7f1c14021000 rw-p 00000000 00:00 0 
7f1c14021000-7f1c18000000 ---p 00000000 00:00 0 
7f1c1a941000-7f1c1a95f000 r-xp 00000000 fd:00 8542421                    /usr/lib64/libgssrpc.so.4.2
7f1c1a95f000-7f1c1ab5f000 ---p 0001e000 fd:00 8542421                    /usr/lib64/libgssrpc.so.4.2
7f1c1ab5f000-7f1c1ab60000 r--p 0001e000 fd:00 8542421                    /usr/lib64/libgssrpc.so.4.2
7f1c1ab60000-7f1c1ab61000 rw-p 0001f000 fd:00 8542421                    /usr/lib64/libgssrpc.so.4.2
7f1c1ab61000-7f1c1ab7c000 r-xp 00000000 fd:00 14709285                   /usr/lib64/gssproxy/proxymech.so
7f1c1ab7c000-7f1c1ad7c000 ---p 0001b000 fd:00 14709285                   /usr/lib64/gssproxy/proxymech.so
7f1c1ad7c000-7f1c1ad7d000 r--p 0001b000 fd:00 14709285                   /usr/lib64/gssproxy/proxymech.so
7f1c1ad7d000-7f1c1ad7e000 rw-p 0001c000 fd:00 14709285                   /usr/lib64/gssproxy/proxymech.so
7f1c1ad7e000-7f1c1ad7f000 ---p 00000000 00:00 0 
7f1c1ad7f000-7f1c1b57f000 rw-p 00000000 00:00 0 
7f1c1b57f000-7f1c1b580000 ---p 00000000 00:00 0 
7f1c1b580000-7f1c1bd80000 rw-p 00000000 00:00 0 
7f1c1bd80000-7f1c1bd81000 ---p 00000000 00:00 0 
7f1c1bd81000-7f1c1c581000 rw-p 00000000 00:00 0 
7f1c1c581000-7f1c1c596000 r-xp 00000000 fd:06 257058842                  /opt/R/R-4.0.3/lib64/R/library/tools/libs/tools.so
7f1c1c596000-7f1c1c796000 ---p 00015000 fd:06 257058842                  /opt/R/R-4.0.3/lib64/R/library/tools/libs/tools.so
7f1c1c796000-7f1c1c797000 r--p 00015000 fd:06 257058842                  /opt/R/R-4.0.3/lib64/R/library/tools/libs/tools.so
7f1c1c797000-7f1c1c798000 rw-p 00016000 fd:06 257058842                  /opt/R/R-4.0.3/lib64/R/library/tools/libs/tools.so
7f1c1c798000-7f1c1c79a000 r-xp 00000000 fd:06 93505054                   /opt/R/R-4.0.3/lib64/R/library/xfun/libs/xfun.so
7f1c1c79a000-7f1c1c999000 ---p 00002000 fd:06 93505054                   /opt/R/R-4.0.3/lib64/R/library/xfun/libs/xfun.so
7f1c1c999000-7f1c1c99a000 r--p 00001000 fd:06 93505054                   /opt/R/R-4.0.3/lib64/R/library/xfun/libs/xfun.so
7f1c1c99a000-7f1c1c99b000 rw-p 00002000 fd:06 93505054                   /opt/R/R-4.0.3/lib64/R/library/xfun/libs/xfun.so
7f1c1c99b000-7f1c1ca18000 r-xp 00000000 fd:06 264393738                  /opt/R/R-4.0.3/lib64/R/library/data.table/libs/datatable.so
7f1c1ca18000-7f1c1cc17000 ---p 0007d000 fd:06 264393738                  /opt/R/R-4.0.3/lib64/R/library/data.table/libs/datatable.so
7f1c1cc17000-7f1c1cc18000 r--p 0007c000 fd:06 264393738                  /opt/R/R-4.0.3/lib64/R/library/data.table/libs/datatable.so
7f1c1cc18000-7f1c1cc19000 rw-p 0007d000 fd:06 264393738                  /opt/R/R-4.0.3/lib64/R/library/data.table/libs/datatable.so
7f1c1cc19000-7f1c1cc1b000 rw-p 00000000 00:00 0 
7f1c1cc1b000-7f1c1cc1d000 r-xp 00000000 fd:06 2072700                    /opt/R/R-4.0.3/lib64/R/library/htmltools/libs/htmltools.so
7f1c1cc1d000-7f1c1ce1c000 ---p 00002000 fd:06 2072700                    /opt/R/R-4.0.3/lib64/R/library/htmltools/libs/htmltools.so
7f1c1ce1c000-7f1c1ce1d000 r--p 00001000 fd:06 2072700                    /opt/R/R-4.0.3/lib64/R/library/htmltools/libs/htmltools.so
7f1c1ce1d000-7f1c1ce1e000 rw-p 00002000 fd:06 2072700                    /opt/R/R-4.0.3/lib64/R/library/htmltools/libs/htmltools.so
7f1c1ce1e000-7f1c1ce40000 r-xp 00000000 fd:06 128087554                  /opt/R/R-4.0.3/lib64/R/library/digest/libs/digest.so
7f1c1ce40000-7f1c1d03f000 ---p 00022000 fd:06 128087554                  /opt/R/R-4.0.3/lib64/R/library/digest/libs/digest.so
7f1c1d03f000-7f1c1d040000 r--p 00021000 fd:06 128087554                  /opt/R/R-4.0.3/lib64/R/library/digest/libs/digest.so
7f1c1d040000-7f1c1d041000 rw-p 00022000 fd:06 128087554                  /opt/R/R-4.0.3/lib64/R/library/digest/libs/digest.so
7f1c1d041000-7f1c1d043000 rw-p 00000000 00:00 0 
7f1c1d043000-7f1c1d04f000 r-xp 00000000 00:38 122357488                  /home/c242664/R/x86_64-pc-linux-gnu-library/4.0/dplyr/libs/dplyr.so
7f1c1d04f000-7f1c1d24e000 ---p 0000c000 00:38 122357488                  /home/c242664/R/x86_64-pc-linux-gnu-library/4.0/dplyr/libs/dplyr.so
7f1c1d24e000-7f1c1d24f000 r--p 0000b000 00:38 122357488                  /home/c242664/R/x86_64-pc-linux-gnu-library/4.0/dplyr/libs/dplyr.so
7f1c1d24f000-7f1c1d250000 rw-p 0000c000 00:38 122357488                  /home/c242664/R/x86_64-pc-linux-gnu-library/4.0/dplyr/libs/dplyr.so
7f1c1d250000-7f1c1d258000 r-xp 00000000 fd:06 208827411                  /opt/R/R-4.0.3/lib64/R/library/purrr/libs/purrr.so
7f1c1d258000-7f1c1d457000 ---p 00008000 fd:06 208827411                  /opt/R/R-4.0.3/lib64/R/library/purrr/libs/purrr.so
7f1c1d457000-7f1c1d458000 r--p 00007000 fd:06 208827411                  /opt/R/R-4.0.3/lib64/R/library/purrr/libs/purrr.so
7f1c1d458000-7f1c1d459000 rw-p 00008000 fd:06 208827411                  /opt/R/R-4.0.3/lib64/R/library/purrr/libs/purrr.so
7f1c1d459000-7f1c1d45c000 r-xp 00000000 00:38 122241712                  /home/c242664/R/x86_64-pc-linux-gnu-library/4.0/tibble/libs/tibble.so
7f1c1d45c000-7f1c1d65b000 ---p 00003000 00:38 122241712                  /home/c242664/R/x86_64-pc-linux-gnu-library/4.0/tibble/libs/tibble.so
7f1c1d65b000-7f1c1d65c000 r--p 00002000 00:38 122241712                  /home/c242664/R/x86_64-pc-linux-gnu-library/4.0/tibble/libs/tibble.so
7f1c1d65c000-7f1c1d65d000 rw-p 00003000 00:38 122241712                  /home/c242664/R/x86_64-pc-linux-gnu-library/4.0/tibble/libs/tibble.so
7f1c1d65d000-7f1c1d6a7000 r-xp 00000000 fd:06 77881349                   /opt/R/R-4.0.3/lib64/R/library/utf8/libs/utf8.so
7f1c1d6a7000-7f1c1d8a6000 ---p 0004a000 fd:06 77881349                   /opt/R/R-4.0.3/lib64/R/library/utf8/libs/utf8.so
7f1c1d8a6000-7f1c1d8a7000 r--p 00049000 fd:06 77881349                   /opt/R/R-4.0.3/lib64/R/library/utf8/libs/utf8.so
7f1c1d8a7000-7f1c1d8a8000 rw-p 0004a000 fd:06 77881349                   /opt/R/R-4.0.3/lib64/R/library/utf8/libs/utf8.so
7f1c1d8a8000-7f1c1d8bc000 r-xp 00000000 fd:06 86265911                   /opt/R/R-4.0.3/lib64/R/library/fansi/libs/fansi.so
7f1c1d8bc000-7f1c1dabb000 ---p 00014000 fd:06 86265911                   /opt/R/R-4.0.3/lib64/R/library/fansi/libs/fansi.so
7f1c1dabb000-7f1c1dabc000 r--p 00013000 fd:06 86265911                   /opt/R/R-4.0.3/lib64/R/library/fansi/libs/fansi.so
7f1c1dabc000-7f1c1dabd000 rw-p 00014000 fd:06 86265911                   /opt/R/R-4.0.3/lib64/R/library/fansi/libs/fansi.so
7f1c1dabd000-7f1c21abd000 rw-p 00000000 00:00 0 
7f1c21abd000-7f1c28000000 r--p 00000000 fd:00 4499978                    /usr/lib/locale/locale-archive
7f1c28000000-7f1c28021000 rw-p 00000000 00:00 0 
7f1c28021000-7f1c2c000000 ---p 00000000 00:00 0 
7f1c2c000000-7f1c2c058000 rw-p 00000000 00:00 0 
7f1c2c058000-7f1c30000000 ---p 00000000 00:00 0 
7f1c30000000-7f1c30021000 rw-p 00000000 00:00 0 
7f1c30021000-7f1c34000000 ---p 00000000 00:00 0 
7f1c34016000-7f1c34017000 ---p 00000000 00:00 0 
7f1c34017000-7f1c34117000 rw-p 00000000 00:00 0 
7f1c34117000-7f1c34119000 r-xp 00000000 00:38 21223999                   /home/c242664/R/x86_64-pc-linux-gnu-library/4.0/ellipsis/libs/ellipsis.so
7f1c34119000-7f1c34318000 ---p 00002000 00:38 21223999                   /home/c242664/R/x86_64-pc-linux-gnu-library/4.0/ellipsis/libs/ellipsis.so
7f1c34318000-7f1c34319000 r--p 00001000 00:38 21223999                   /home/c242664/R/x86_64-pc-linux-gnu-library/4.0/ellipsis/libs/ellipsis.so
7f1c34319000-7f1c3431a000 rw-p 00002000 00:38 21223999                   /home/c242664/R/x86_64-pc-linux-gnu-library/4.0/ellipsis/libs/ellipsis.so
7f1c3431a000-7f1c3431d000 r-xp 00000000 00:38 15907775                   /home/c242664/R/x86_64-pc-linux-gnu-library/4.0/magrittr/libs/magrittr.so
7f1c3431d000-7f1c3451c000 ---p 00003000 00:38 15907775                   /home/c242664/R/x86_64-pc-linux-gnu-library/4.0/magrittr/libs/magrittr.so
7f1c3451c000-7f1c3451d000 r--p 00002000 00:38 15907775                   /home/c242664/R/x86_64-pc-linux-gnu-library/4.0/magrittr/libs/magrittr.so
7f1c3451d000-7f1c3451e000 rw-p 00003000 00:38 15907775                   /home/c242664/R/x86_64-pc-linux-gnu-library/4.0/magrittr/libs/magrittr.so
7f1c3451e000-7f1c34520000 r-xp 00000000 00:38 122360197                  /home/c242664/R/x86_64-pc-linux-gnu-library/4.0/glue/libs/glue.so
7f1c34520000-7f1c34720000 ---p 00002000 00:38 122360197                  /home/c242664/R/x86_64-pc-linux-gnu-library/4.0/glue/libs/glue.so
7f1c34720000-7f1c34721000 r--p 00002000 00:38 122360197                  /home/c242664/R/x86_64-pc-linux-gnu-library/4.0/glue/libs/glue.so
7f1c34721000-7f1c34722000 rw-p 00003000 00:38 122360197                  /home/c242664/R/x86_64-pc-linux-gnu-library/4.0/glue/libs/glue.so
7f1c34722000-7f1c34783000 r-xp 00000000 00:38 122362898                  /home/c242664/R/x86_64-pc-linux-gnu-library/4.0/vctrs/libs/vctrs.so
7f1c34783000-7f1c34982000 ---p 00061000 00:38 122362898                  /home/c242664/R/x86_64-pc-linux-gnu-library/4.0/vctrs/libs/vctrs.so
7f1c34982000-7f1c34984000 r--p 00060000 00:38 122362898                  /home/c242664/R/x86_64-pc-linux-gnu-library/4.0/vctrs/libs/vctrs.so
7f1c34984000-7f1c34985000 rw-p 00062000 00:38 122362898                  /home/c242664/R/x86_64-pc-linux-gnu-library/4.0/vctrs/libs/vctrs.so
7f1c34985000-7f1c34a4a000 rw-p 00000000 00:00 0 
7f1c34a4a000-7f1c34a7e000 r-xp 00000000 00:38 122362663                  /home/c242664/R/x86_64-pc-linux-gnu-library/4.0/rlang/libs/rlang.so
7f1c34a7e000-7f1c34c7e000 ---p 00034000 00:38 122362663                  /home/c242664/R/x86_64-pc-linux-gnu-library/4.0/rlang/libs/rlang.so
7f1c34c7e000-7f1c34c80000 r--p 00034000 00:38 122362663                  /home/c242664/R/x86_64-pc-linux-gnu-library/4.0/rlang/libs/rlang.so
7f1c34c80000-7f1c34c81000 rw-p 00036000 00:38 122362663                  /home/c242664/R/x86_64-pc-linux-gnu-library/4.0/rlang/libs/rlang.so
7f1c34c81000-7f1c34f54000 rw-p 00000000 00:00 0 
7f1c34f54000-7f1c34f55000 ---p 00000000 00:00 0 
7f1c34f55000-7f1c35755000 rw-p 00000000 00:00 0 
7f1c35755000-7f1c35776000 r-xp 00000000 00:38 122362272                  /home/c242664/R/x86_64-pc-linux-gnu-library/4.0/cli/libs/cli.so
7f1c35776000-7f1c35975000 ---p 00021000 00:38 122362272                  /home/c242664/R/x86_64-pc-linux-gnu-library/4.0/cli/libs/cli.so
7f1c35975000-7f1c35976000 r--p 00020000 00:38 122362272                  /home/c242664/R/x86_64-pc-linux-gnu-library/4.0/cli/libs/cli.so
7f1c35976000-7f1c35977000 rw-p 00021000 00:38 122362272                  /home/c242664/R/x86_64-pc-linux-gnu-library/4.0/cli/libs/cli.so
7f1c35977000-7f1c35979000 rw-p 00000000 00:00 0 
7f1c35979000-7f1c35a3a000 r-xp 00000000 fd:06 224572433                  /opt/R/R-4.0.3/lib64/R/library/Matrix/libs/Matrix.so
7f1c35a3a000-7f1c35c3a000 ---p 000c1000 fd:06 224572433                  /opt/R/R-4.0.3/lib64/R/library/Matrix/libs/Matrix.so
7f1c35c3a000-7f1c35c3b000 r--p 000c1000 fd:06 224572433                  /opt/R/R-4.0.3/lib64/R/library/Matrix/libs/Matrix.so
7f1c35c3b000-7f1c35c3e000 rw-p 000c2000 fd:06 224572433                  /opt/R/R-4.0.3/lib64/R/library/Matrix/libs/Matrix.so
7f1c35c3e000-7f1c35eee000 rw-p 00000000 00:00 0 
7f1c35eee000-7f1c35ef1000 r-xp 00000000 fd:06 60598900                   /opt/R/R-4.0.3/lib64/R/library/lattice/libs/lattice.so
7f1c35ef1000-7f1c360f0000 ---p 00003000 fd:06 60598900                   /opt/R/R-4.0.3/lib64/R/library/lattice/libs/lattice.so
7f1c360f0000-7f1c360f1000 r--p 00002000 fd:06 60598900                   /opt/R/R-4.0.3/lib64/R/library/lattice/libs/lattice.so
7f1c360f1000-7f1c360f2000 rw-p 00003000 fd:06 60598900                   /opt/R/R-4.0.3/lib64/R/library/lattice/libs/lattice.so
7f1c360f2000-7f1c36111000 r-xp 00000000 fd:06 4039180                    /opt/R/R-4.0.3/lib64/R/library/grid/libs/grid.so
7f1c36111000-7f1c36311000 ---p 0001f000 fd:06 4039180                    /opt/R/R-4.0.3/lib64/R/library/grid/libs/grid.so
7f1c36311000-7f1c36312000 r--p 0001f000 fd:06 4039180                    /opt/R/R-4.0.3/lib64/R/library/grid/libs/grid.so
7f1c36312000-7f1c36313000 rw-p 00020000 fd:06 4039180                    /opt/R/R-4.0.3/lib64/R/library/grid/libs/grid.so
7f1c36313000-7f1c363b7000 r-xp 00000000 fd:06 299811379                  /opt/R/R-4.0.3/lib64/R/library/stats/libs/stats.so
7f1c363b7000-7f1c365b6000 ---p 000a4000 fd:06 299811379                  /opt/R/R-4.0.3/lib64/R/library/stats/libs/stats.so
7f1c365b6000-7f1c365b8000 r--p 000a3000 fd:06 299811379                  /opt/R/R-4.0.3/lib64/R/library/stats/libs/stats.so
7f1c365b8000-7f1c365ba000 rw-p 000a5000 fd:06 299811379                  /opt/R/R-4.0.3/lib64/R/library/stats/libs/stats.so
7f1c365ba000-7f1c36602000 r-xp 00000000 fd:06 293006378                  /opt/R/R-4.0.3/lib64/R/library/graphics/libs/graphics.so
7f1c36602000-7f1c36802000 ---p 00048000 fd:06 293006378                  /opt/R/R-4.0.3/lib64/R/library/graphics/libs/graphics.so
7f1c36802000-7f1c36803000 r--p 00048000 fd:06 293006378                  /opt/R/R-4.0.3/lib64/R/library/graphics/libs/graphics.so
7f1c36803000-7f1c36804000 rw-p 00049000 fd:06 293006378                  /opt/R/R-4.0.3/lib64/R/library/graphics/libs/graphics.so
7f1c36804000-7f1c36810000 r-xp 00000000 fd:06 272882695                  /opt/R/R-4.0.3/lib64/R/library/utils/libs/utils.so
7f1c36810000-7f1c36a0f000 ---p 0000c000 fd:06 272882695                  /opt/R/R-4.0.3/lib64/R/library/utils/libs/utils.so
7f1c36a0f000-7f1c36a10000 r--p 0000b000 fd:06 272882695                  /opt/R/R-4.0.3/lib64/R/library/utils/libs/utils.so
7f1c36a10000-7f1c36a11000 rw-p 0000c000 fd:06 272882695                  /opt/R/R-4.0.3/lib64/R/library/utils/libs/utils.so
7f1c36a11000-7f1c36a12000 rw-p 00000000 00:00 0 
7f1c36a5e000-7f1c36afe000 rw-p 00000000 00:00 0 
7f1c36afe000-7f1c36baa000 r--s 00000000 fd:05 12584510                   /var/db/nscd/passwd
7f1c36baa000-7f1c36be0000 r-xp 00000000 fd:06 283116039                  /opt/R/R-4.0.3/lib64/R/library/grDevices/libs/grDevices.so
7f1c36be0000-7f1c36de0000 ---p 00036000 fd:06 283116039                  /opt/R/R-4.0.3/lib64/R/library/grDevices/libs/grDevices.so
7f1c36de0000-7f1c36de5000 r--p 00036000 fd:06 283116039                  /opt/R/R-4.0.3/lib64/R/library/grDevices/libs/grDevices.so
7f1c36de5000-7f1c36de7000 rw-p 0003b000 fd:06 283116039                  /opt/R/R-4.0.3/lib64/R/library/grDevices/libs/grDevices.so
7f1c36de7000-7f1c36ecd000 rw-p 00000000 00:00 0 
7f1c36f57000-7f1c37098000 rw-p 00000000 00:00 0 
7f1c37098000-7f1c370a1000 r-xp 00000000 fd:06 311102004                  /opt/R/R-4.0.3/lib64/R/library/methods/libs/methods.so
7f1c370a1000-7f1c372a0000 ---p 00009000 fd:06 311102004                  /opt/R/R-4.0.3/lib64/R/library/methods/libs/methods.so
7f1c372a0000-7f1c372a1000 r--p 00008000 fd:06 311102004                  /opt/R/R-4.0.3/lib64/R/library/methods/libs/methods.so
7f1c372a1000-7f1c372a2000 rw-p 00009000 fd:06 311102004                  /opt/R/R-4.0.3/lib64/R/library/methods/libs/methods.so
7f1c372d1000-7f1c376de000 rw-p 00000000 00:00 0 
7f1c376de000-7f1c376df000 ---p 00000000 00:00 0 
7f1c376df000-7f1c37edf000 rw-p 00000000 00:00 0 
7f1c37edf000-7f1c37ee0000 ---p 00000000 00:00 0 
7f1c37ee0000-7f1c386e0000 rw-p 00000000 00:00 0 
7f1c386e0000-7f1c386e1000 ---p 00000000 00:00 0 
7f1c386e1000-7f1c38ee1000 rw-p 00000000 00:00 0 
7f1c38ee1000-7f1c38ee2000 ---p 00000000 00:00 0 
7f1c38ee2000-7f1c396e2000 rw-p 00000000 00:00 0 
7f1c396e2000-7f1c396e4000 r-xp 00000000 fd:00 8389641                    /usr/lib64/libfreebl3.so
7f1c396e4000-7f1c398e3000 ---p 00002000 fd:00 8389641                    /usr/lib64/libfreebl3.so
7f1c398e3000-7f1c398e4000 r--p 00001000 fd:00 8389641                    /usr/lib64/libfreebl3.so
7f1c398e4000-7f1c398e5000 rw-p 00002000 fd:00 8389641                    /usr/lib64/libfreebl3.so
7f1c398e5000-7f1c398ed000 r-xp 00000000 fd:00 8838673                    /usr/lib64/libcrypt-2.17.so
7f1c398ed000-7f1c39aec000 ---p 00008000 fd:00 8838673                    /usr/lib64/libcrypt-2.17.so
7f1c39aec000-7f1c39aed000 r--p 00007000 fd:00 8838673                    /usr/lib64/libcrypt-2.17.so
7f1c39aed000-7f1c39aee000 rw-p 00008000 fd:00 8838673                    /usr/lib64/libcrypt-2.17.so
7f1c39aee000-7f1c39b1c000 rw-p 00000000 00:00 0 
7f1c39b1c000-7f1c39b40000 r-xp 00000000 fd:00 8395674                    /usr/lib64/libselinux.so.1
7f1c39b40000-7f1c39d3f000 ---p 00024000 fd:00 8395674                    /usr/lib64/libselinux.so.1
7f1c39d3f000-7f1c39d40000 r--p 00023000 fd:00 8395674                    /usr/lib64/libselinux.so.1
7f1c39d40000-7f1c39d41000 rw-p 00024000 fd:00 8395674                    /usr/lib64/libselinux.so.1
7f1c39d41000-7f1c39d43000 rw-p 00000000 00:00 0 
7f1c39d43000-7f1c39d47000 r-xp 00000000 fd:00 8397324                    /usr/lib64/libcap-ng.so.0.0.0
7f1c39d47000-7f1c39f47000 ---p 00004000 fd:00 8397324                    /usr/lib64/libcap-ng.so.0.0.0
7f1c39f47000-7f1c39f48000 r--p 00004000 fd:00 8397324                    /usr/lib64/libcap-ng.so.0.0.0
7f1c39f48000-7f1c39f49000 rw-p 00005000 fd:00 8397324                    /usr/lib64/libcap-ng.so.0.0.0
7f1c39f49000-7f1c39f83000 r-xp 00000000 fd:00 8838679                    /usr/lib64/libnspr4.so
7f1c39f83000-7f1c3a182000 ---p 0003a000 fd:00 8838679                    /usr/lib64/libnspr4.so
7f1c3a182000-7f1c3a183000 r--p 00039000 fd:00 8838679                    /usr/lib64/libnspr4.so
7f1c3a183000-7f1c3a185000 rw-p 0003a000 fd:00 8838679                    /usr/lib64/libnspr4.so
7f1c3a185000-7f1c3a187000 rw-p 00000000 00:00 0 
7f1c3a187000-7f1c3a18b000 r-xp 00000000 fd:00 8838681                    /usr/lib64/libplc4.so
7f1c3a18b000-7f1c3a38a000 ---p 00004000 fd:00 8838681                    /usr/lib64/libplc4.so
7f1c3a38a000-7f1c3a38b000 r--p 00003000 fd:00 8838681                    /usr/lib64/libplc4.so
7f1c3a38b000-7f1c3a38c000 rw-p 00004000 fd:00 8838681                    /usr/lib64/libplc4.so
7f1c3a38c000-7f1c3a38f000 r-xp 00000000 fd:00 8838682                    /usr/lib64/libplds4.so
7f1c3a38f000-7f1c3a58e000 ---p 00003000 fd:00 8838682                    /usr/lib64/libplds4.so
7f1c3a58e000-7f1c3a58f000 r--p 00002000 fd:00 8838682                    /usr/lib64/libplds4.so
7f1c3a58f000-7f1c3a590000 rw-p 00003000 fd:00 8838682                    /usr/lib64/libplds4.so
7f1c3a590000-7f1c3a5b9000 r-xp 00000000 fd:00 8838683                    /usr/lib64/libnssutil3.so
7f1c3a5b9000-7f1c3a7b8000 ---p 00029000 fd:00 8838683                    /usr/lib64/libnssutil3.so
7f1c3a7b8000-7f1c3a7bf000 r--p 00028000 fd:00 8838683                    /usr/lib64/libnssutil3.so
7f1c3a7bf000-7f1c3a7c0000 rw-p 0002f000 fd:00 8838683                    /usr/lib64/libnssutil3.so
7f1c3a7c0000-7f1c3a8f0000 r-xp 00000000 fd:00 8610342                    /usr/lib64/libnss3.so
7f1c3a8f0000-7f1c3aaf0000 ---p 00130000 fd:00 8610342                    /usr/lib64/libnss3.so
7f1c3aaf0000-7f1c3aaf5000 r--p 00130000 fd:00 8610342                    /usr/lib64/libnss3.so
7f1c3aaf5000-7f1c3aaf8000 rw-p 00135000 fd:00 8610342                    /usr/lib64/libnss3.so
7f1c3aaf8000-7f1c3aaf9000 rw-p 00000000 00:00 0 
7f1c3aaf9000-7f1c3ab1e000 r-xp 00000000 fd:00 8610343                    /usr/lib64/libsmime3.so
7f1c3ab1e000-7f1c3ad1d000 ---p 00025000 fd:00 8610343                    /usr/lib64/libsmime3.so
7f1c3ad1d000-7f1c3ad20000 r--p 00024000 fd:00 8610343                    /usr/lib64/libsmime3.so
7f1c3ad20000-7f1c3ad21000 rw-p 00027000 fd:00 8610343                    /usr/lib64/libsmime3.so
7f1c3ad21000-7f1c3ad7e000 r-xp 00000000 fd:00 8610344                    /usr/lib64/libssl3.so
7f1c3ad7e000-7f1c3af7e000 ---p 0005d000 fd:00 8610344                    /usr/lib64/libssl3.so
7f1c3af7e000-7f1c3af82000 r--p 0005d000 fd:00 8610344                    /usr/lib64/libssl3.so
7f1c3af82000-7f1c3af83000 rw-p 00061000 fd:00 8610344                    /usr/lib64/libssl3.so
7f1c3af83000-7f1c3af84000 rw-p 00000000 00:00 0 
7f1c3af84000-7f1c3afa0000 r-xp 00000000 fd:00 8395327                    /usr/lib64/libsasl2.so.3.0.0
7f1c3afa0000-7f1c3b19f000 ---p 0001c000 fd:00 8395327                    /usr/lib64/libsasl2.so.3.0.0
7f1c3b19f000-7f1c3b1a0000 r--p 0001b000 fd:00 8395327                    /usr/lib64/libsasl2.so.3.0.0
7f1c3b1a0000-7f1c3b1a1000 rw-p 0001c000 fd:00 8395327                    /usr/lib64/libsasl2.so.3.0.0
7f1c3b1a1000-7f1c3b1af000 r-xp 00000000 fd:00 8607748                    /usr/lib64/liblber-2.4.so.2.10.7
7f1c3b1af000-7f1c3b3ae000 ---p 0000e000 fd:00 8607748                    /usr/lib64/liblber-2.4.so.2.10.7
7f1c3b3ae000-7f1c3b3af000 r--p 0000d000 fd:00 8607748                    /usr/lib64/liblber-2.4.so.2.10.7
7f1c3b3af000-7f1c3b3b0000 rw-p 0000e000 fd:00 8607748                    /usr/lib64/liblber-2.4.so.2.10.7
7f1c3b3b0000-7f1c3b3c6000 r-xp 00000000 fd:00 8799603                    /usr/lib64/libresolv-2.17.so
7f1c3b3c6000-7f1c3b5c6000 ---p 00016000 fd:00 8799603                    /usr/lib64/libresolv-2.17.so
7f1c3b5c6000-7f1c3b5c7000 r--p 00016000 fd:00 8799603                    /usr/lib64/libresolv-2.17.so
7f1c3b5c7000-7f1c3b5c8000 rw-p 00017000 fd:00 8799603                    /usr/lib64/libresolv-2.17.so
7f1c3b5c8000-7f1c3b5ca000 rw-p 00000000 00:00 0 
7f1c3b5ca000-7f1c3b5cd000 r-xp 00000000 fd:00 8395765                    /usr/lib64/libkeyutils.so.1.5
7f1c3b5cd000-7f1c3b7cc000 ---p 00003000 fd:00 8395765                    /usr/lib64/libkeyutils.so.1.5
7f1c3b7cc000-7f1c3b7cd000 r--p 00002000 fd:00 8395765                    /usr/lib64/libkeyutils.so.1.5
7f1c3b7cd000-7f1c3b7ce000 rw-p 00003000 fd:00 8395765                    /usr/lib64/libkeyutils.so.1.5
7f1c3b7ce000-7f1c3b7dc000 r-xp 00000000 fd:00 8542431                    /usr/lib64/libkrb5support.so.0.1
7f1c3b7dc000-7f1c3b9dc000 ---p 0000e000 fd:00 8542431                    /usr/lib64/libkrb5support.so.0.1
7f1c3b9dc000-7f1c3b9dd000 r--p 0000e000 fd:00 8542431                    /usr/lib64/libkrb5support.so.0.1
7f1c3b9dd000-7f1c3b9de000 rw-p 0000f000 fd:00 8542431                    /usr/lib64/libkrb5support.so.0.1
7f1c3b9de000-7f1c3cdb0000 r-xp 00000000 fd:00 9002026                    /usr/lib64/libicudata.so.50.2
7f1c3cdb0000-7f1c3cfaf000 ---p 013d2000 fd:00 9002026                    /usr/lib64/libicudata.so.50.2
7f1c3cfaf000-7f1c3cfb0000 r--p 013d1000 fd:00 9002026                    /usr/lib64/libicudata.so.50.2
7f1c3cfb0000-7f1c3cfb1000 rw-p 013d2000 fd:00 9002026                    /usr/lib64/libicudata.so.50.2
7f1c3cfb1000-7f1c3cfd6000 r-xp 00000000 fd:00 8395651                    /usr/lib64/libtinfo.so.5.9
7f1c3cfd6000-7f1c3d1d6000 ---p 00025000 fd:00 8395651                    /usr/lib64/libtinfo.so.5.9
7f1c3d1d6000-7f1c3d1da000 r--p 00025000 fd:00 8395651                    /usr/lib64/libtinfo.so.5.9
7f1c3d1da000-7f1c3d1db000 rw-p 00029000 fd:00 8395651                    /usr/lib64/libtinfo.so.5.9
7f1c3d1db000-7f1c3d1e2000 r-xp 00000000 fd:00 8395759                    /usr/lib64/libffi.so.6.0.1
7f1c3d1e2000-7f1c3d3e1000 ---p 00007000 fd:00 8395759                    /usr/lib64/libffi.so.6.0.1
7f1c3d3e1000-7f1c3d3e2000 r--p 00006000 fd:00 8395759                    /usr/lib64/libffi.so.6.0.1
7f1c3d3e2000-7f1c3d3e3000 rw-p 00007000 fd:00 8395759                    /usr/lib64/libffi.so.6.0.1
7f1c3d3e3000-7f1c3d443000 r-xp 00000000 fd:00 8395665                    /usr/lib64/libpcre.so.1.2.0
7f1c3d443000-7f1c3d643000 ---p 00060000 fd:00 8395665                    /usr/lib64/libpcre.so.1.2.0
7f1c3d643000-7f1c3d644000 r--p 00060000 fd:00 8395665                    /usr/lib64/libpcre.so.1.2.0
7f1c3d644000-7f1c3d645000 rw-p 00061000 fd:00 8395665                    /usr/lib64/libpcre.so.1.2.0
7f1c3d645000-7f1c3d663000 r-xp 00000000 fd:00 8397326                    /usr/lib64/libaudit.so.1.0.0
7f1c3d663000-7f1c3d862000 ---p 0001e000 fd:00 8397326                    /usr/lib64/libaudit.so.1.0.0
7f1c3d862000-7f1c3d863000 r--p 0001d000 fd:00 8397326                    /usr/lib64/libaudit.so.1.0.0
7f1c3d863000-7f1c3d864000 rw-p 0001e000 fd:00 8397326                    /usr/lib64/libaudit.so.1.0.0
7f1c3d864000-7f1c3d86e000 rw-p 00000000 00:00 0 
7f1c3d86e000-7f1c3d89f000 r-xp 00000000 fd:00 8542423                    /usr/lib64/libk5crypto.so.3.1
7f1c3d89f000-7f1c3da9e000 ---p 00031000 fd:00 8542423                    /usr/lib64/libk5crypto.so.3.1
7f1c3da9e000-7f1c3daa0000 r--p 00030000 fd:00 8542423                    /usr/lib64/libk5crypto.so.3.1
7f1c3daa0000-7f1c3daa1000 rw-p 00032000 fd:00 8542423                    /usr/lib64/libk5crypto.so.3.1
7f1c3daa1000-7f1c3daa4000 r-xp 00000000 fd:00 8800375                    /usr/lib64/libcom_err.so.2.1
7f1c3daa4000-7f1c3dca3000 ---p 00003000 fd:00 8800375                    /usr/lib64/libcom_err.so.2.1
7f1c3dca3000-7f1c3dca4000 r--p 00002000 fd:00 8800375                    /usr/lib64/libcom_err.so.2.1
7f1c3dca4000-7f1c3dca5000 rw-p 00003000 fd:00 8800375                    /usr/lib64/libcom_err.so.2.1
7f1c3dca5000-7f1c3dd7e000 r-xp 00000000 fd:00 8542429                    /usr/lib64/libkrb5.so.3.3
7f1c3dd7e000-7f1c3df7d000 ---p 000d9000 fd:00 8542429                    /usr/lib64/libkrb5.so.3.3
7f1c3df7d000-7f1c3df8b000 r--p 000d8000 fd:00 8542429                    /usr/lib64/libkrb5.so.3.3
7f1c3df8b000-7f1c3df8e000 rw-p 000e6000 fd:00 8542429                    /usr/lib64/libkrb5.so.3.3
7f1c3df8e000-7f1c3dfe7000 r-xp 00000000 fd:00 8643189                    /usr/lib64/libldap_r-2.4.so.2.10.7
7f1c3dfe7000-7f1c3e1e7000 ---p 00059000 fd:00 8643189                    /usr/lib64/libldap_r-2.4.so.2.10.7
7f1c3e1e7000-7f1c3e1e9000 r--p 00059000 fd:00 8643189                    /usr/lib64/libldap_r-2.4.so.2.10.7
7f1c3e1e9000-7f1c3e1ea000 rw-p 0005b000 fd:00 8643189                    /usr/lib64/libldap_r-2.4.so.2.10.7
7f1c3e1ea000-7f1c3e1ed000 rw-p 00000000 00:00 0 
7f1c3e1ed000-7f1c3e237000 r-xp 00000000 fd:00 8395624                    /usr/lib64/libgssapi_krb5.so.2.2
7f1c3e237000-7f1c3e437000 ---p 0004a000 fd:00 8395624                    /usr/lib64/libgssapi_krb5.so.2.2
7f1c3e437000-7f1c3e438000 r--p 0004a000 fd:00 8395624                    /usr/lib64/libgssapi_krb5.so.2.2
7f1c3e438000-7f1c3e43a000 rw-p 0004b000 fd:00 8395624                    /usr/lib64/libgssapi_krb5.so.2.2
7f1c3e43a000-7f1c3e45f000 r-xp 00000000 fd:00 8800447                    /usr/lib64/libgomp.so.1.0.0
7f1c3e45f000-7f1c3e65e000 ---p 00025000 fd:00 8800447                    /usr/lib64/libgomp.so.1.0.0
7f1c3e65e000-7f1c3e65f000 r--p 00024000 fd:00 8800447                    /usr/lib64/libgomp.so.1.0.0
7f1c3e65f000-7f1c3e660000 rw-p 00025000 fd:00 8800447                    /usr/lib64/libgomp.so.1.0.0
7f1c3e660000-7f1c3e850000 r-xp 00000000 fd:00 9002028                    /usr/lib64/libicui18n.so.50.2
7f1c3e850000-7f1c3ea50000 ---p 001f0000 fd:00 9002028                    /usr/lib64/libicui18n.so.50.2
7f1c3ea50000-7f1c3ea5c000 r--p 001f0000 fd:00 9002028                    /usr/lib64/libicui18n.so.50.2
7f1c3ea5c000-7f1c3ea5e000 rw-p 001fc000 fd:00 9002028                    /usr/lib64/libicui18n.so.50.2
7f1c3ea5e000-7f1c3ea5f000 rw-p 00000000 00:00 0 
7f1c3ea5f000-7f1c3ebc3000 r-xp 00000000 fd:00 9002040                    /usr/lib64/libicuuc.so.50.2
7f1c3ebc3000-7f1c3edc3000 ---p 00164000 fd:00 9002040                    /usr/lib64/libicuuc.so.50.2
7f1c3edc3000-7f1c3edd3000 r--p 00164000 fd:00 9002040                    /usr/lib64/libicuuc.so.50.2
7f1c3edd3000-7f1c3edd4000 rw-p 00174000 fd:00 9002040                    /usr/lib64/libicuuc.so.50.2
7f1c3edd4000-7f1c3edd8000 rw-p 00000000 00:00 0 
7f1c3edd8000-7f1c3ede7000 r-xp 00000000 fd:00 8395695                    /usr/lib64/libbz2.so.1.0.6
7f1c3ede7000-7f1c3efe6000 ---p 0000f000 fd:00 8395695                    /usr/lib64/libbz2.so.1.0.6
7f1c3efe6000-7f1c3efe7000 r--p 0000e000 fd:00 8395695                    /usr/lib64/libbz2.so.1.0.6
7f1c3efe7000-7f1c3efe8000 rw-p 0000f000 fd:00 8395695                    /usr/lib64/libbz2.so.1.0.6
7f1c3efe8000-7f1c3f00d000 r-xp 00000000 fd:00 8395686                    /usr/lib64/liblzma.so.5.2.2
7f1c3f00d000-7f1c3f20c000 ---p 00025000 fd:00 8395686                    /usr/lib64/liblzma.so.5.2.2
7f1c3f20c000-7f1c3f20d000 r--p 00024000 fd:00 8395686                    /usr/lib64/liblzma.so.5.2.2
7f1c3f20d000-7f1c3f20e000 rw-p 00025000 fd:00 8395686                    /usr/lib64/liblzma.so.5.2.2
7f1c3f20e000-7f1c3f284000 r-xp 00000000 fd:00 9007298                    /usr/lib64/libpcre2-8.so.0.5.0
7f1c3f284000-7f1c3f483000 ---p 00076000 fd:00 9007298                    /usr/lib64/libpcre2-8.so.0.5.0
7f1c3f483000-7f1c3f484000 r--p 00075000 fd:00 9007298                    /usr/lib64/libpcre2-8.so.0.5.0
7f1c3f484000-7f1c3f485000 rw-p 00076000 fd:00 9007298                    /usr/lib64/libpcre2-8.so.0.5.0
7f1c3f485000-7f1c3f4c1000 r-xp 00000000 fd:00 8395755                    /usr/lib64/libreadline.so.6.2
7f1c3f4c1000-7f1c3f6c1000 ---p 0003c000 fd:00 8395755                    /usr/lib64/libreadline.so.6.2
7f1c3f6c1000-7f1c3f6c3000 r--p 0003c000 fd:00 8395755                    /usr/lib64/libreadline.so.6.2
7f1c3f6c3000-7f1c3f6c9000 rw-p 0003e000 fd:00 8395755                    /usr/lib64/libreadline.so.6.2
7f1c3f6c9000-7f1c3f6cb000 rw-p 00000000 00:00 0 
7f1c3f6cb000-7f1c3f706000 r-xp 00000000 fd:00 8800435                    /usr/lib64/libquadmath.so.0.0.0
7f1c3f706000-7f1c3f905000 ---p 0003b000 fd:00 8800435                    /usr/lib64/libquadmath.so.0.0.0
7f1c3f905000-7f1c3f906000 r--p 0003a000 fd:00 8800435                    /usr/lib64/libquadmath.so.0.0.0
7f1c3f906000-7f1c3f907000 rw-p 0003b000 fd:00 8800435                    /usr/lib64/libquadmath.so.0.0.0
7f1c3f907000-7f1c3fb7d000 r-xp 00000000 fd:00 8977940                    /usr/lib64/libgfortran.so.5.0.0
7f1c3fb7d000-7f1c3fd7c000 ---p 00276000 fd:00 8977940                    /usr/lib64/libgfortran.so.5.0.0
7f1c3fd7c000-7f1c3fd7d000 r--p 00275000 fd:00 8977940                    /usr/lib64/libgfortran.so.5.0.0
7f1c3fd7d000-7f1c3fd7f000 rw-p 00276000 fd:00 8977940                    /usr/lib64/libgfortran.so.5.0.0
7f1c3fd7f000-7f1c43e43000 r-xp 00000000 00:28 2061735074                 /lrlhps/apps/intel/intel-2020/compilers_and_libraries_2020.0.166/linux/mkl/lib/intel64_lin/libmkl_core.so
7f1c43e43000-7f1c44042000 ---p 040c4000 00:28 2061735074                 /lrlhps/apps/intel/intel-2020/compilers_and_libraries_2020.0.166/linux/mkl/lib/intel64_lin/libmkl_core.so
7f1c44042000-7f1c44049000 r--p 040c3000 00:28 2061735074                 /lrlhps/apps/intel/intel-2020/compilers_and_libraries_2020.0.166/linux/mkl/lib/intel64_lin/libmkl_core.so
7f1c44049000-7f1c44079000 rw-p 040ca000 00:28 2061735074                 /lrlhps/apps/intel/intel-2020/compilers_and_libraries_2020.0.166/linux/mkl/lib/intel64_lin/libmkl_core.so
7f1c44079000-7f1c4409f000 rw-p 00000000 00:00 0 
7f1c4409f000-7f1c4575d000 r-xp 00000000 00:28 2050774594                 /lrlhps/apps/intel/intel-2020/compilers_and_libraries_2020.0.166/linux/mkl/lib/intel64_lin/libmkl_gnu_thread.so
7f1c4575d000-7f1c4595c000 ---p 016be000 00:28 2050774594                 /lrlhps/apps/intel/intel-2020/compilers_and_libraries_2020.0.166/linux/mkl/lib/intel64_lin/libmkl_gnu_thread.so
7f1c4595c000-7f1c45960000 r--p 016bd000 00:28 2050774594                 /lrlhps/apps/intel/intel-2020/compilers_and_libraries_2020.0.166/linux/mkl/lib/intel64_lin/libmkl_gnu_thread.so
7f1c45960000-7f1c45978000 rw-p 016c1000 00:28 2050774594                 /lrlhps/apps/intel/intel-2020/compilers_and_libraries_2020.0.166/linux/mkl/lib/intel64_lin/libmkl_gnu_thread.so
7f1c45978000-7f1c462ca000 r-xp 00000000 00:28 2062907069                 /lrlhps/apps/intel/intel-2020/compilers_and_libraries_2020.0.166/linux/mkl/lib/intel64_lin/libmkl_gf_lp64.so
7f1c462ca000-7f1c464c9000 ---p 00952000 00:28 2062907069                 /lrlhps/apps/intel/intel-2020/compilers_and_libraries_2020.0.166/linux/mkl/lib/intel64_lin/libmkl_gf_lp64.so
7f1c464c9000-7f1c464ca000 r--p 00951000 00:28 2062907069                 /lrlhps/apps/intel/intel-2020/compilers_and_libraries_2020.0.166/linux/mkl/lib/intel64_lin/libmkl_gf_lp64.so
7f1c464ca000-7f1c464dc000 rw-p 00952000 00:28 2062907069                 /lrlhps/apps/intel/intel-2020/compilers_and_libraries_2020.0.166/linux/mkl/lib/intel64_lin/libmkl_gf_lp64.so
7f1c464dc000-7f1c464e2000 rw-p 00000000 00:00 0 
7f1c464e2000-7f1c466a6000 r-xp 00000000 fd:00 8484532                    /usr/lib64/libc-2.17.so
7f1c466a6000-7f1c468a5000 ---p 001c4000 fd:00 8484532                    /usr/lib64/libc-2.17.so
7f1c468a5000-7f1c468a9000 r--p 001c3000 fd:00 8484532                    /usr/lib64/libc-2.17.so
7f1c468a9000-7f1c468ab000 rw-p 001c7000 fd:00 8484532                    /usr/lib64/libc-2.17.so
7f1c468ab000-7f1c468b0000 rw-p 00000000 00:00 0 
7f1c468b0000-7f1c468c5000 r-xp 00000000 fd:00 8799579                    /usr/lib64/libgcc_s-4.8.5-20150702.so.1
7f1c468c5000-7f1c46ac4000 ---p 00015000 fd:00 8799579                    /usr/lib64/libgcc_s-4.8.5-20150702.so.1
7f1c46ac4000-7f1c46ac5000 r--p 00014000 fd:00 8799579                    /usr/lib64/libgcc_s-4.8.5-20150702.so.1
7f1c46ac5000-7f1c46ac6000 rw-p 00015000 fd:00 8799579                    /usr/lib64/libgcc_s-4.8.5-20150702.so.1
7f1c46ac6000-7f1c46bc7000 r-xp 00000000 fd:00 8838677                    /usr/lib64/libm-2.17.so
7f1c46bc7000-7f1c46dc6000 ---p 00101000 fd:00 8838677                    /usr/lib64/libm-2.17.so
7f1c46dc6000-7f1c46dc7000 r--p 00100000 fd:00 8838677                    /usr/lib64/libm-2.17.so
7f1c46dc7000-7f1c46dc8000 rw-p 00101000 fd:00 8838677                    /usr/lib64/libm-2.17.so
7f1c46dc8000-7f1c46eb1000 r-xp 00000000 fd:00 8800378                    /usr/lib64/libstdc++.so.6.0.19
7f1c46eb1000-7f1c470b1000 ---p 000e9000 fd:00 8800378                    /usr/lib64/libstdc++.so.6.0.19
7f1c470b1000-7f1c470b9000 r--p 000e9000 fd:00 8800378                    /usr/lib64/libstdc++.so.6.0.19
7f1c470b9000-7f1c470bb000 rw-p 000f1000 fd:00 8800378                    /usr/lib64/libstdc++.so.6.0.19
7f1c470bb000-7f1c470d0000 rw-p 00000000 00:00 0 
7f1c470d0000-7f1c471e4000 r-xp 00000000 fd:00 8395276                    /usr/lib64/libglib-2.0.so.0.5600.1
7f1c471e4000-7f1c473e3000 ---p 00114000 fd:00 8395276                    /usr/lib64/libglib-2.0.so.0.5600.1
7f1c473e3000-7f1c473e4000 r--p 00113000 fd:00 8395276                    /usr/lib64/libglib-2.0.so.0.5600.1
7f1c473e4000-7f1c473e5000 rw-p 00114000 fd:00 8395276                    /usr/lib64/libglib-2.0.so.0.5600.1
7f1c473e5000-7f1c473e6000 rw-p 00000000 00:00 0 
7f1c473e6000-7f1c47435000 r-xp 00000000 fd:00 8395280                    /usr/lib64/libgobject-2.0.so.0.5600.1
7f1c47435000-7f1c47635000 ---p 0004f000 fd:00 8395280                    /usr/lib64/libgobject-2.0.so.0.5600.1
7f1c47635000-7f1c47636000 r--p 0004f000 fd:00 8395280                    /usr/lib64/libgobject-2.0.so.0.5600.1
7f1c47636000-7f1c47637000 rw-p 00050000 fd:00 8395280                    /usr/lib64/libgobject-2.0.so.0.5600.1
7f1c47637000-7f1c4764e000 r-xp 00000000 fd:00 8799601                    /usr/lib64/libpthread-2.17.so
7f1c4764e000-7f1c4784d000 ---p 00017000 fd:00 8799601                    /usr/lib64/libpthread-2.17.so
7f1c4784d000-7f1c4784e000 r--p 00016000 fd:00 8799601                    /usr/lib64/libpthread-2.17.so
7f1c4784e000-7f1c4784f000 rw-p 00017000 fd:00 8799601                    /usr/lib64/libpthread-2.17.so
7f1c4784f000-7f1c47853000 rw-p 00000000 00:00 0 
7f1c47853000-7f1c47860000 r-xp 00000000 fd:00 8484920                    /usr/lib64/libpam.so.0.83.1
7f1c47860000-7f1c47a60000 ---p 0000d000 fd:00 8484920                    /usr/lib64/libpam.so.0.83.1
7f1c47a60000-7f1c47a61000 r--p 0000d000 fd:00 8484920                    /usr/lib64/libpam.so.0.83.1
7f1c47a61000-7f1c47a62000 rw-p 0000e000 fd:00 8484920                    /usr/lib64/libpam.so.0.83.1
7f1c47a62000-7f1c47c99000 r-xp 00000000 fd:00 8395656                    /usr/lib64/libcrypto.so.1.0.2k
7f1c47c99000-7f1c47e98000 ---p 00237000 fd:00 8395656                    /usr/lib64/libcrypto.so.1.0.2k
7f1c47e98000-7f1c47eb4000 r--p 00236000 fd:00 8395656                    /usr/lib64/libcrypto.so.1.0.2k
7f1c47eb4000-7f1c47ec1000 rw-p 00252000 fd:00 8395656                    /usr/lib64/libcrypto.so.1.0.2k
7f1c47ec1000-7f1c47ec5000 rw-p 00000000 00:00 0 
7f1c47ec5000-7f1c47f2c000 r-xp 00000000 fd:00 8542417                    /usr/lib64/libssl.so.1.0.2k
7f1c47f2c000-7f1c4812c000 ---p 00067000 fd:00 8542417                    /usr/lib64/libssl.so.1.0.2k
7f1c4812c000-7f1c48130000 r--p 00067000 fd:00 8542417                    /usr/lib64/libssl.so.1.0.2k
7f1c48130000-7f1c48137000 rw-p 0006b000 fd:00 8542417                    /usr/lib64/libssl.so.1.0.2k
7f1c48137000-7f1c4814c000 r-xp 00000000 fd:00 8800372                    /usr/lib64/libz.so.1.2.7
7f1c4814c000-7f1c4834b000 ---p 00015000 fd:00 8800372                    /usr/lib64/libz.so.1.2.7
7f1c4834b000-7f1c4834c000 r--p 00014000 fd:00 8800372                    /usr/lib64/libz.so.1.2.7
7f1c4834c000-7f1c4834d000 rw-p 00015000 fd:00 8800372                    /usr/lib64/libz.so.1.2.7
7f1c4834d000-7f1c48354000 r-xp 00000000 fd:00 8799607                    /usr/lib64/librt-2.17.so
7f1c48354000-7f1c48553000 ---p 00007000 fd:00 8799607                    /usr/lib64/librt-2.17.so
7f1c48553000-7f1c48554000 r--p 00006000 fd:00 8799607                    /usr/lib64/librt-2.17.so
7f1c48554000-7f1c48555000 rw-p 00007000 fd:00 8799607                    /usr/lib64/librt-2.17.so
7f1c48555000-7f1c48559000 r-xp 00000000 fd:00 8395717                    /usr/lib64/libuuid.so.1.3.0
7f1c48559000-7f1c48758000 ---p 00004000 fd:00 8395717                    /usr/lib64/libuuid.so.1.3.0
7f1c48758000-7f1c48759000 r--p 00003000 fd:00 8395717                    /usr/lib64/libuuid.so.1.3.0
7f1c48759000-7f1c4875a000 rw-p 00004000 fd:00 8395717                    /usr/lib64/libuuid.so.1.3.0
7f1c4875a000-7f1c4875c000 r-xp 00000000 fd:00 8799612                    /usr/lib64/libutil-2.17.so
7f1c4875c000-7f1c4895b000 ---p 00002000 fd:00 8799612                    /usr/lib64/libutil-2.17.so
7f1c4895b000-7f1c4895c000 r--p 00001000 fd:00 8799612                    /usr/lib64/libutil-2.17.so
7f1c4895c000-7f1c4895d000 rw-p 00002000 fd:00 8799612                    /usr/lib64/libutil-2.17.so
7f1c4895d000-7f1c489a9000 r-xp 00000000 fd:00 29466644                   /usr/pgsql-14/lib/libpq.so.5.14
7f1c489a9000-7f1c48ba9000 ---p 0004c000 fd:00 29466644                   /usr/pgsql-14/lib/libpq.so.5.14
7f1c48ba9000-7f1c48bac000 r--p 0004c000 fd:00 29466644                   /usr/pgsql-14/lib/libpq.so.5.14
7f1c48bac000-7f1c48bad000 rw-p 0004f000 fd:00 29466644                   /usr/pgsql-14/lib/libpq.so.5.14
7f1c48bad000-7f1c48cbf000 r-xp 00000000 00:28 1849527405                 /lrlhps/apps/sqlite/sqlite-3.33.0/lib/libsqlite3.so.0.8.6
7f1c48cbf000-7f1c48ebf000 ---p 00112000 00:28 1849527405                 /lrlhps/apps/sqlite/sqlite-3.33.0/lib/libsqlite3.so.0.8.6
7f1c48ebf000-7f1c48ec2000 r--p 00112000 00:28 1849527405                 /lrlhps/apps/sqlite/sqlite-3.33.0/lib/libsqlite3.so.0.8.6
7f1c48ec2000-7f1c48ec5000 rw-p 00115000 00:28 1849527405                 /lrlhps/apps/sqlite/sqlite-3.33.0/lib/libsqlite3.so.0.8.6
7f1c48ec5000-7f1c48ec6000 rw-p 00000000 00:00 0 
7f1c48ec6000-7f1c491e5000 r-xp 00000000 fd:06 206799379                  /opt/R/R-4.0.3/lib64/R/lib/libR.so
7f1c491e5000-7f1c493e4000 ---p 0031f000 fd:06 206799379                  /opt/R/R-4.0.3/lib64/R/lib/libR.so
7f1c493e4000-7f1c49402000 r--p 0031e000 fd:06 206799379                  /opt/R/R-4.0.3/lib64/R/lib/libR.so
7f1c49402000-7f1c49410000 rw-p 0033c000 fd:06 206799379                  /opt/R/R-4.0.3/lib64/R/lib/libR.so
7f1c49410000-7f1c49560000 rw-p 00000000 00:00 0 
7f1c49560000-7f1c49562000 r-xp 00000000 fd:00 8838675                    /usr/lib64/libdl-2.17.so
7f1c49562000-7f1c49762000 ---p 00002000 fd:00 8838675                    /usr/lib64/libdl-2.17.so
7f1c49762000-7f1c49763000 r--p 00002000 fd:00 8838675                    /usr/lib64/libdl-2.17.so
7f1c49763000-7f1c49764000 rw-p 00003000 fd:00 8838675                    /usr/lib64/libdl-2.17.so
7f1c49764000-7f1c49786000 r-xp 00000000 fd:00 8395272                    /usr/lib64/ld-2.17.so
7f1c497cb000-7f1c49800000 r--s 00000000 fd:05 12595747                   /var/db/nscd/hosts
7f1c49800000-7f1c49861000 rw-p 00000000 00:00 0 
7f1c4986e000-7f1c4986f000 r--p 00000000 fd:00 12584494                   /usr/share/locale/en_US/LC_MESSAGES/mit-krb5.mo
7f1c4986f000-7f1c49870000 r--p 00000000 fd:06 224013355                  /opt/R/R-4.0.3/lib64/R/library/translations/en/LC_MESSAGES/R.mo
7f1c49870000-7f1c498ae000 r--s 0025d000 fd:06 122282556                  /opt/R/R-4.0.3/lib64/R/library/xlsxjars/java/xmlbeans-2.6.0.jar
7f1c498ae000-7f1c498bc000 r--s 000ef000 fd:06 122282554                  /opt/R/R-4.0.3/lib64/R/library/xlsxjars/java/poi-ooxml-3.10.1-20140818.jar
7f1c498bc000-7f1c498dd000 r--s 001bb000 fd:06 122282553                  /opt/R/R-4.0.3/lib64/R/library/xlsxjars/java/poi-3.10.1-20140818.jar
7f1c498dd000-7f1c498e2000 r--s 00048000 fd:06 122282552                  /opt/R/R-4.0.3/lib64/R/library/xlsxjars/java/dom4j-1.6.1.jar
7f1c498e2000-7f1c49964000 rw-p 00000000 00:00 0 
7f1c49964000-7f1c49965000 r--s 00003000 fd:06 115737148                  /opt/R/R-4.0.3/lib64/R/library/xlsx/java/rexcel-0.5.1.jar
7f1c49965000-7f1c4996b000 r--s 00033000 fd:06 122282551                  /opt/R/R-4.0.3/lib64/R/library/xlsxjars/java/commons-codec-1.6.jar
7f1c4996b000-7f1c49972000 r--s 000f5000 fd:00 3146843                    /usr/lib/jvm/java-1.8.0-openjdk-1.8.0.322.b06-1.el7_9.x86_64/jre/lib/jfr.jar
7f1c49972000-7f1c4997a000 rw-s 00000000 fd:02 58727424                   /tmp/hsperfdata_c242664/23506
7f1c4997a000-7f1c4997b000 rw-p 00000000 00:00 0 
7f1c4997b000-7f1c49982000 r--s 00000000 fd:00 16848390                   /usr/lib64/gconv/gconv-modules.cache
7f1c49982000-7f1c49983000 r--p 00000000 00:00 0 
7f1c49983000-7f1c49985000 rw-p 00000000 00:00 0 
7f1c49985000-7f1c49986000 r--p 00021000 fd:00 8395272                    /usr/lib64/ld-2.17.so
7f1c49986000-7f1c49987000 rw-p 00022000 fd:00 8395272                    /usr/lib64/ld-2.17.so
7f1c49987000-7f1c49988000 rw-p 00000000 00:00 0 
7fff91a71000-7fff91a74000 ---p 00000000 00:00 0 
7fff91a74000-7fff92271000 rw-p 00000000 00:00 0                          [stack]
7fff923c6000-7fff923c8000 r-xp 00000000 00:00 0                          [vdso]
ffffffffff600000-ffffffffff601000 r-xp 00000000 00:00 0                  [vsyscall]

VM Arguments:
jvm_args: -Xmx8g -Xrs vfprintf exit -Xss2m 
java_command: <unknown>
java_class_path (initial): /opt/R/R-4.0.3/lib64/R/library/rJava/java/boot
Launcher Type: generic

Environment Variables:
PATH=/lrlhps/apps/python/python-3.6.5/bin:/opt/uge/uge-8.6.6/bin/lx-amd64:/usr/lib64/qt-3.3/bin:/usr/local/bin:/usr/bin:/usr/local/sbin:/usr/sbin:/opt/puppetlabs/bin:/home/c242664/bin:/usr/lib/rstudio-server/bin/postback:/usr/lib/rstudio-server/bin/postback:/usr/lib/rstudio-server/bin/postback:/usr/lib/rstudio-server/bin/postback
LD_LIBRARY_PATH=/opt/uge/uge-8.6.6/lib/lilly:/opt/R/R-4.0.3/lib64/R/lib::/opt/rh/devtoolset-8/root/usr/lib64:/opt/rh/devtoolset-8/root/usr/lib:/opt/rh/devtoolset-8/root/usr/lib64/dyninst:/opt/rh/devtoolset-8/root/usr/lib/dyninst:/lrlhps/apps/libpostal/libpostal-1.1/lib:/lrlhps/apps/zeromq/zeromq-4.3.3/lib:/lrlhps/apps/jags/jags-4.3.0/lib:/lrlhps/apps/gdal/gdal-3.2.0/lib:/lrlhps/apps/proj/proj-7.2.0/lib:/lrlhps/apps/sqlite/sqlite-3.33.0/lib:/lrlhps/apps/gsl/gsl-2.6/lib:/lib:/usr/local/lib64:/lrlhps/apps/intel/intel-2020/compilers_and_libraries/linux/mkl/lib/intel64:/usr/lib/jvm/java/jre/lib/amd64/server:/oracle/product/current/lib:/lrlhps/apps/hdf5/hdf5-1.12.0/lib
DISPLAY=:0

Signal Handlers:
SIGSEGV: [libjvm.so+0xb666a0], sa_mask[0]=11111111011111111101111111111110, sa_flags=SA_RESTART|SA_SIGINFO
SIGBUS: [libjvm.so+0xb666a0], sa_mask[0]=11111111011111111101111111111110, sa_flags=SA_RESTART|SA_SIGINFO
SIGFPE: [libjvm.so+0x93c350], sa_mask[0]=11111111011111111101111111111110, sa_flags=SA_RESTART|SA_SIGINFO
SIGPIPE: [libjvm.so+0x93c350], sa_mask[0]=11111111011111111101111111111110, sa_flags=SA_RESTART|SA_SIGINFO
SIGXFSZ: [libjvm.so+0x93c350], sa_mask[0]=11111111011111111101111111111110, sa_flags=SA_RESTART|SA_SIGINFO
SIGILL: [libjvm.so+0x93c350], sa_mask[0]=11111111011111111101111111111110, sa_flags=SA_RESTART|SA_SIGINFO
SIGUSR1: [rsession+0x298110], sa_mask[0]=00000000010000000000000000000000, sa_flags=SA_RESTART
SIGUSR2: [libjvm.so+0x93c4c0], sa_mask[0]=11000000000000000000000000000000, sa_flags=SA_RESTART|SA_SIGINFO
SIGHUP: SIG_IGN, sa_mask[0]=00000000000000000000000000000000, sa_flags=none
SIGINT: [rsession+0x19dd10], sa_mask[0]=01000000000000000000000000000000, sa_flags=SA_RESTART
SIGTERM: SIG_DFL, sa_mask[0]=00000000000000000000000000000000, sa_flags=none
SIGQUIT: SIG_DFL, sa_mask[0]=00000000000000000000000000000000, sa_flags=none


---------------  S Y S T E M  ---------------

OS:Red Hat Enterprise Linux Server release 7.9 (Maipo)

uname:Linux 3.10.0-1160.62.1.el7.x86_64 #1 SMP Wed Mar 23 09:04:02 UTC 2022 x86_64
libc:glibc 2.17 NPTL 2.17 
rlimit: STACK 8192k, CORE 0k, NPROC 600, NOFILE 4096, AS 100663296k
load average:0.21 0.52 0.86

/proc/meminfo:
MemTotal:       263845408 kB
MemFree:        11568004 kB
MemAvailable:   27370924 kB
Buffers:            9432 kB
Cached:         17372680 kB
SwapCached:       237368 kB
Active:         235695968 kB
Inactive:       12659892 kB
Active(anon):   224220856 kB
Inactive(anon):  7684044 kB
Active(file):   11475112 kB
Inactive(file):  4975848 kB
Unevictable:          16 kB
Mlocked:              16 kB
SwapTotal:       8388604 kB
SwapFree:              0 kB
Dirty:               116 kB
Writeback:             0 kB
AnonPages:      230737204 kB
Mapped:           139808 kB
Shmem:            931076 kB
Slab:             421736 kB
SReclaimable:     236108 kB
SUnreclaim:       185628 kB
KernelStack:       27936 kB
PageTables:       550796 kB
NFS_Unstable:          0 kB
Bounce:                0 kB
WritebackTmp:          0 kB
CommitLimit:    140311308 kB
Committed_AS:   271663972 kB
VmallocTotal:   34359738367 kB
VmallocUsed:      716372 kB
VmallocChunk:   34224736252 kB
Percpu:             9216 kB
HardwareCorrupted:     0 kB
AnonHugePages:  60803072 kB
CmaTotal:              0 kB
CmaFree:               0 kB
HugePages_Total:       0
HugePages_Free:        0
HugePages_Rsvd:        0
HugePages_Surp:        0
Hugepagesize:       2048 kB
DirectMap4k:      586304 kB
DirectMap2M:    73734144 kB
DirectMap1G:    196083712 kB

container (cgroup) information:
container_type: cgroupv1
cpu_cpuset_cpus: 0-23
cpu_memory_nodes: 0-1
active_processor_count: 24
cpu_quota: -1
cpu_period: 100000
cpu_shares: -1
memory_limit_in_bytes: -1
memory_and_swap_limit_in_bytes: -1
memory_soft_limit_in_bytes: -1
memory_usage_in_bytes: 254298443776
memory_max_usage_in_bytes: 0


CPU:total 24 (initial active 24) (12 cores per cpu, 2 threads per core) family 6 model 63 stepping 2, cmov, cx8, fxsr, mmx, sse, sse2, sse3, ssse3, sse4.1, sse4.2, popcnt, avx, avx2, aes, clmul, erms, lzcnt, ht, tsc, tscinvbit, bmi1, bmi2

/proc/cpuinfo:
processor	: 0
vendor_id	: GenuineIntel
cpu family	: 6
model		: 63
model name	: Intel(R) Xeon(R) CPU E5-2680 v3 @ 2.50GHz
stepping	: 2
microcode	: 0x49
cpu MHz		: 2500.000
cache size	: 30720 KB
physical id	: 0
siblings	: 12
core id		: 0
cpu cores	: 12
apicid		: 0
initial apicid	: 0
fpu		: yes
fpu_exception	: yes
cpuid level	: 15
wp		: yes
flags		: fpu vme de pse tsc msr pae mce cx8 apic sep mtrr pge mca cmov pat pse36 clflush dts acpi mmx fxsr sse sse2 ss ht tm pbe syscall nx pdpe1gb rdtscp lm constant_tsc arch_perfmon pebs bts rep_good nopl xtopology nonstop_tsc aperfmperf eagerfpu pni pclmulqdq dtes64 monitor ds_cpl vmx smx est tm2 ssse3 sdbg fma cx16 xtpr pdcm pcid dca sse4_1 sse4_2 x2apic movbe popcnt tsc_deadline_timer aes xsave avx f16c rdrand lahf_lm abm epb invpcid_single intel_ppin ssbd ibrs ibpb stibp tpr_shadow vnmi flexpriority ept vpid fsgsbase tsc_adjust bmi1 avx2 smep bmi2 erms invpcid cqm xsaveopt cqm_llc cqm_occup_llc dtherm ida arat pln pts md_clear spec_ctrl intel_stibp flush_l1d
bogomips	: 4993.65
clflush size	: 64
cache_alignment	: 64
address sizes	: 46 bits physical, 48 bits virtual
power management:

processor	: 1
vendor_id	: GenuineIntel
cpu family	: 6
model		: 63
model name	: Intel(R) Xeon(R) CPU E5-2680 v3 @ 2.50GHz
stepping	: 2
microcode	: 0x49
cpu MHz		: 2500.000
cache size	: 30720 KB
physical id	: 0
siblings	: 12
core id		: 2
cpu cores	: 12
apicid		: 4
initial apicid	: 4
fpu		: yes
fpu_exception	: yes
cpuid level	: 15
wp		: yes
flags		: fpu vme de pse tsc msr pae mce cx8 apic sep mtrr pge mca cmov pat pse36 clflush dts acpi mmx fxsr sse sse2 ss ht tm pbe syscall nx pdpe1gb rdtscp lm constant_tsc arch_perfmon pebs bts rep_good nopl xtopology nonstop_tsc aperfmperf eagerfpu pni pclmulqdq dtes64 monitor ds_cpl vmx smx est tm2 ssse3 sdbg fma cx16 xtpr pdcm pcid dca sse4_1 sse4_2 x2apic movbe popcnt tsc_deadline_timer aes xsave avx f16c rdrand lahf_lm abm epb invpcid_single intel_ppin ssbd ibrs ibpb stibp tpr_shadow vnmi flexpriority ept vpid fsgsbase tsc_adjust bmi1 avx2 smep bmi2 erms invpcid cqm xsaveopt cqm_llc cqm_occup_llc dtherm ida arat pln pts md_clear spec_ctrl intel_stibp flush_l1d
bogomips	: 4993.65
clflush size	: 64
cache_alignment	: 64
address sizes	: 46 bits physical, 48 bits virtual
power management:

processor	: 2
vendor_id	: GenuineIntel
cpu family	: 6
model		: 63
model name	: Intel(R) Xeon(R) CPU E5-2680 v3 @ 2.50GHz
stepping	: 2
microcode	: 0x49
cpu MHz		: 2500.000
cache size	: 30720 KB
physical id	: 0
siblings	: 12
core id		: 4
cpu cores	: 12
apicid		: 8
initial apicid	: 8
fpu		: yes
fpu_exception	: yes
cpuid level	: 15
wp		: yes
flags		: fpu vme de pse tsc msr pae mce cx8 apic sep mtrr pge mca cmov pat pse36 clflush dts acpi mmx fxsr sse sse2 ss ht tm pbe syscall nx pdpe1gb rdtscp lm constant_tsc arch_perfmon pebs bts rep_good nopl xtopology nonstop_tsc aperfmperf eagerfpu pni pclmulqdq dtes64 monitor ds_cpl vmx smx est tm2 ssse3 sdbg fma cx16 xtpr pdcm pcid dca sse4_1 sse4_2 x2apic movbe popcnt tsc_deadline_timer aes xsave avx f16c rdrand lahf_lm abm epb invpcid_single intel_ppin ssbd ibrs ibpb stibp tpr_shadow vnmi flexpriority ept vpid fsgsbase tsc_adjust bmi1 avx2 smep bmi2 erms invpcid cqm xsaveopt cqm_llc cqm_occup_llc dtherm ida arat pln pts md_clear spec_ctrl intel_stibp flush_l1d
bogomips	: 4993.65
clflush size	: 64
cache_alignment	: 64
address sizes	: 46 bits physical, 48 bits virtual
power management:

processor	: 3
vendor_id	: GenuineIntel
cpu family	: 6
model		: 63
model name	: Intel(R) Xeon(R) CPU E5-2680 v3 @ 2.50GHz
stepping	: 2
microcode	: 0x49
cpu MHz		: 2500.000
cache size	: 30720 KB
physical id	: 0
siblings	: 12
core id		: 8
cpu cores	: 12
apicid		: 16
initial apicid	: 16
fpu		: yes
fpu_exception	: yes
cpuid level	: 15
wp		: yes
flags		: fpu vme de pse tsc msr pae mce cx8 apic sep mtrr pge mca cmov pat pse36 clflush dts acpi mmx fxsr sse sse2 ss ht tm pbe syscall nx pdpe1gb rdtscp lm constant_tsc arch_perfmon pebs bts rep_good nopl xtopology nonstop_tsc aperfmperf eagerfpu pni pclmulqdq dtes64 monitor ds_cpl vmx smx est tm2 ssse3 sdbg fma cx16 xtpr pdcm pcid dca sse4_1 sse4_2 x2apic movbe popcnt tsc_deadline_timer aes xsave avx f16c rdrand lahf_lm abm epb invpcid_single intel_ppin ssbd ibrs ibpb stibp tpr_shadow vnmi flexpriority ept vpid fsgsbase tsc_adjust bmi1 avx2 smep bmi2 erms invpcid cqm xsaveopt cqm_llc cqm_occup_llc dtherm ida arat pln pts md_clear spec_ctrl intel_stibp flush_l1d
bogomips	: 4993.65
clflush size	: 64
cache_alignment	: 64
address sizes	: 46 bits physical, 48 bits virtual
power management:

processor	: 4
vendor_id	: GenuineIntel
cpu family	: 6
model		: 63
model name	: Intel(R) Xeon(R) CPU E5-2680 v3 @ 2.50GHz
stepping	: 2
microcode	: 0x49
cpu MHz		: 2500.000
cache size	: 30720 KB
physical id	: 0
siblings	: 12
core id		: 10
cpu cores	: 12
apicid		: 20
initial apicid	: 20
fpu		: yes
fpu_exception	: yes
cpuid level	: 15
wp		: yes
flags		: fpu vme de pse tsc msr pae mce cx8 apic sep mtrr pge mca cmov pat pse36 clflush dts acpi mmx fxsr sse sse2 ss ht tm pbe syscall nx pdpe1gb rdtscp lm constant_tsc arch_perfmon pebs bts rep_good nopl xtopology nonstop_tsc aperfmperf eagerfpu pni pclmulqdq dtes64 monitor ds_cpl vmx smx est tm2 ssse3 sdbg fma cx16 xtpr pdcm pcid dca sse4_1 sse4_2 x2apic movbe popcnt tsc_deadline_timer aes xsave avx f16c rdrand lahf_lm abm epb invpcid_single intel_ppin ssbd ibrs ibpb stibp tpr_shadow vnmi flexpriority ept vpid fsgsbase tsc_adjust bmi1 avx2 smep bmi2 erms invpcid cqm xsaveopt cqm_llc cqm_occup_llc dtherm ida arat pln pts md_clear spec_ctrl intel_stibp flush_l1d
bogomips	: 4993.65
clflush size	: 64
cache_alignment	: 64
address sizes	: 46 bits physical, 48 bits virtual
power management:

processor	: 5
vendor_id	: GenuineIntel
cpu family	: 6
model		: 63
model name	: Intel(R) Xeon(R) CPU E5-2680 v3 @ 2.50GHz
stepping	: 2
microcode	: 0x49
cpu MHz		: 2500.000
cache size	: 30720 KB
physical id	: 0
siblings	: 12
core id		: 12
cpu cores	: 12
apicid		: 24
initial apicid	: 24
fpu		: yes
fpu_exception	: yes
cpuid level	: 15
wp		: yes
flags		: fpu vme de pse tsc msr pae mce cx8 apic sep mtrr pge mca cmov pat pse36 clflush dts acpi mmx fxsr sse sse2 ss ht tm pbe syscall nx pdpe1gb rdtscp lm constant_tsc arch_perfmon pebs bts rep_good nopl xtopology nonstop_tsc aperfmperf eagerfpu pni pclmulqdq dtes64 monitor ds_cpl vmx smx est tm2 ssse3 sdbg fma cx16 xtpr pdcm pcid dca sse4_1 sse4_2 x2apic movbe popcnt tsc_deadline_timer aes xsave avx f16c rdrand lahf_lm abm epb invpcid_single intel_ppin ssbd ibrs ibpb stibp tpr_shadow vnmi flexpriority ept vpid fsgsbase tsc_adjust bmi1 avx2 smep bmi2 erms invpcid cqm xsaveopt cqm_llc cqm_occup_llc dtherm ida arat pln pts md_clear spec_ctrl intel_stibp flush_l1d
bogomips	: 4993.65
clflush size	: 64
cache_alignment	: 64
address sizes	: 46 bits physical, 48 bits virtual
power management:

processor	: 6
vendor_id	: GenuineIntel
cpu family	: 6
model		: 63
model name	: Intel(R) Xeon(R) CPU E5-2680 v3 @ 2.50GHz
stepping	: 2
microcode	: 0x49
cpu MHz		: 2500.000
cache size	: 30720 KB
physical id	: 1
siblings	: 12
core id		: 0
cpu cores	: 12
apicid		: 32
initial apicid	: 32
fpu		: yes
fpu_exception	: yes
cpuid level	: 15
wp		: yes
flags		: fpu vme de pse tsc msr pae mce cx8 apic sep mtrr pge mca cmov pat pse36 clflush dts acpi mmx fxsr sse sse2 ss ht tm pbe syscall nx pdpe1gb rdtscp lm constant_tsc arch_perfmon pebs bts rep_good nopl xtopology nonstop_tsc aperfmperf eagerfpu pni pclmulqdq dtes64 monitor ds_cpl vmx smx est tm2 ssse3 sdbg fma cx16 xtpr pdcm pcid dca sse4_1 sse4_2 x2apic movbe popcnt tsc_deadline_timer aes xsave avx f16c rdrand lahf_lm abm epb invpcid_single intel_ppin ssbd ibrs ibpb stibp tpr_shadow vnmi flexpriority ept vpid fsgsbase tsc_adjust bmi1 avx2 smep bmi2 erms invpcid cqm xsaveopt cqm_llc cqm_occup_llc dtherm ida arat pln pts md_clear spec_ctrl intel_stibp flush_l1d
bogomips	: 4998.87
clflush size	: 64
cache_alignment	: 64
address sizes	: 46 bits physical, 48 bits virtual
power management:

processor	: 7
vendor_id	: GenuineIntel
cpu family	: 6
model		: 63
model name	: Intel(R) Xeon(R) CPU E5-2680 v3 @ 2.50GHz
stepping	: 2
microcode	: 0x49
cpu MHz		: 2500.000
cache size	: 30720 KB
physical id	: 1
siblings	: 12
core id		: 2
cpu cores	: 12
apicid		: 36
initial apicid	: 36
fpu		: yes
fpu_exception	: yes
cpuid level	: 15
wp		: yes
flags		: fpu vme de pse tsc msr pae mce cx8 apic sep mtrr pge mca cmov pat pse36 clflush dts acpi mmx fxsr sse sse2 ss ht tm pbe syscall nx pdpe1gb rdtscp lm constant_tsc arch_perfmon pebs bts rep_good nopl xtopology nonstop_tsc aperfmperf eagerfpu pni pclmulqdq dtes64 monitor ds_cpl vmx smx est tm2 ssse3 sdbg fma cx16 xtpr pdcm pcid dca sse4_1 sse4_2 x2apic movbe popcnt tsc_deadline_timer aes xsave avx f16c rdrand lahf_lm abm epb invpcid_single intel_ppin ssbd ibrs ibpb stibp tpr_shadow vnmi flexpriority ept vpid fsgsbase tsc_adjust bmi1 avx2 smep bmi2 erms invpcid cqm xsaveopt cqm_llc cqm_occup_llc dtherm ida arat pln pts md_clear spec_ctrl intel_stibp flush_l1d
bogomips	: 4998.87
clflush size	: 64
cache_alignment	: 64
address sizes	: 46 bits physical, 48 bits virtual
power management:

processor	: 8
vendor_id	: GenuineIntel
cpu family	: 6
model		: 63
model name	: Intel(R) Xeon(R) CPU E5-2680 v3 @ 2.50GHz
stepping	: 2
microcode	: 0x49
cpu MHz		: 2500.000
cache size	: 30720 KB
physical id	: 1
siblings	: 12
core id		: 4
cpu cores	: 12
apicid		: 40
initial apicid	: 40
fpu		: yes
fpu_exception	: yes
cpuid level	: 15
wp		: yes
flags		: fpu vme de pse tsc msr pae mce cx8 apic sep mtrr pge mca cmov pat pse36 clflush dts acpi mmx fxsr sse sse2 ss ht tm pbe syscall nx pdpe1gb rdtscp lm constant_tsc arch_perfmon pebs bts rep_good nopl xtopology nonstop_tsc aperfmperf eagerfpu pni pclmulqdq dtes64 monitor ds_cpl vmx smx est tm2 ssse3 sdbg fma cx16 xtpr pdcm pcid dca sse4_1 sse4_2 x2apic movbe popcnt tsc_deadline_timer aes xsave avx f16c rdrand lahf_lm abm epb invpcid_single intel_ppin ssbd ibrs ibpb stibp tpr_shadow vnmi flexpriority ept vpid fsgsbase tsc_adjust bmi1 avx2 smep bmi2 erms invpcid cqm xsaveopt cqm_llc cqm_occup_llc dtherm ida arat pln pts md_clear spec_ctrl intel_stibp flush_l1d
bogomips	: 4998.87
clflush size	: 64
cache_alignment	: 64
address sizes	: 46 bits physical, 48 bits virtual
power management:

processor	: 9
vendor_id	: GenuineIntel
cpu family	: 6
model		: 63
model name	: Intel(R) Xeon(R) CPU E5-2680 v3 @ 2.50GHz
stepping	: 2
microcode	: 0x49
cpu MHz		: 2500.000
cache size	: 30720 KB
physical id	: 1
siblings	: 12
core id		: 8
cpu cores	: 12
apicid		: 48
initial apicid	: 48
fpu		: yes
fpu_exception	: yes
cpuid level	: 15
wp		: yes
flags		: fpu vme de pse tsc msr pae mce cx8 apic sep mtrr pge mca cmov pat pse36 clflush dts acpi mmx fxsr sse sse2 ss ht tm pbe syscall nx pdpe1gb rdtscp lm constant_tsc arch_perfmon pebs bts rep_good nopl xtopology nonstop_tsc aperfmperf eagerfpu pni pclmulqdq dtes64 monitor ds_cpl vmx smx est tm2 ssse3 sdbg fma cx16 xtpr pdcm pcid dca sse4_1 sse4_2 x2apic movbe popcnt tsc_deadline_timer aes xsave avx f16c rdrand lahf_lm abm epb invpcid_single intel_ppin ssbd ibrs ibpb stibp tpr_shadow vnmi flexpriority ept vpid fsgsbase tsc_adjust bmi1 avx2 smep bmi2 erms invpcid cqm xsaveopt cqm_llc cqm_occup_llc dtherm ida arat pln pts md_clear spec_ctrl intel_stibp flush_l1d
bogomips	: 4998.87
clflush size	: 64
cache_alignment	: 64
address sizes	: 46 bits physical, 48 bits virtual
power management:

processor	: 10
vendor_id	: GenuineIntel
cpu family	: 6
model		: 63
model name	: Intel(R) Xeon(R) CPU E5-2680 v3 @ 2.50GHz
stepping	: 2
microcode	: 0x49
cpu MHz		: 2500.000
cache size	: 30720 KB
physical id	: 1
siblings	: 12
core id		: 10
cpu cores	: 12
apicid		: 52
initial apicid	: 52
fpu		: yes
fpu_exception	: yes
cpuid level	: 15
wp		: yes
flags		: fpu vme de pse tsc msr pae mce cx8 apic sep mtrr pge mca cmov pat pse36 clflush dts acpi mmx fxsr sse sse2 ss ht tm pbe syscall nx pdpe1gb rdtscp lm constant_tsc arch_perfmon pebs bts rep_good nopl xtopology nonstop_tsc aperfmperf eagerfpu pni pclmulqdq dtes64 monitor ds_cpl vmx smx est tm2 ssse3 sdbg fma cx16 xtpr pdcm pcid dca sse4_1 sse4_2 x2apic movbe popcnt tsc_deadline_timer aes xsave avx f16c rdrand lahf_lm abm epb invpcid_single intel_ppin ssbd ibrs ibpb stibp tpr_shadow vnmi flexpriority ept vpid fsgsbase tsc_adjust bmi1 avx2 smep bmi2 erms invpcid cqm xsaveopt cqm_llc cqm_occup_llc dtherm ida arat pln pts md_clear spec_ctrl intel_stibp flush_l1d
bogomips	: 4998.87
clflush size	: 64
cache_alignment	: 64
address sizes	: 46 bits physical, 48 bits virtual
power management:

processor	: 11
vendor_id	: GenuineIntel
cpu family	: 6
model		: 63
model name	: Intel(R) Xeon(R) CPU E5-2680 v3 @ 2.50GHz
stepping	: 2
microcode	: 0x49
cpu MHz		: 2500.000
cache size	: 30720 KB
physical id	: 1
siblings	: 12
core id		: 12
cpu cores	: 12
apicid		: 56
initial apicid	: 56
fpu		: yes
fpu_exception	: yes
cpuid level	: 15
wp		: yes
flags		: fpu vme de pse tsc msr pae mce cx8 apic sep mtrr pge mca cmov pat pse36 clflush dts acpi mmx fxsr sse sse2 ss ht tm pbe syscall nx pdpe1gb rdtscp lm constant_tsc arch_perfmon pebs bts rep_good nopl xtopology nonstop_tsc aperfmperf eagerfpu pni pclmulqdq dtes64 monitor ds_cpl vmx smx est tm2 ssse3 sdbg fma cx16 xtpr pdcm pcid dca sse4_1 sse4_2 x2apic movbe popcnt tsc_deadline_timer aes xsave avx f16c rdrand lahf_lm abm epb invpcid_single intel_ppin ssbd ibrs ibpb stibp tpr_shadow vnmi flexpriority ept vpid fsgsbase tsc_adjust bmi1 avx2 smep bmi2 erms invpcid cqm xsaveopt cqm_llc cqm_occup_llc dtherm ida arat pln pts md_clear spec_ctrl intel_stibp flush_l1d
bogomips	: 4998.87
clflush size	: 64
cache_alignment	: 64
address sizes	: 46 bits physical, 48 bits virtual
power management:

processor	: 12
vendor_id	: GenuineIntel
cpu family	: 6
model		: 63
model name	: Intel(R) Xeon(R) CPU E5-2680 v3 @ 2.50GHz
stepping	: 2
microcode	: 0x49
cpu MHz		: 2500.000
cache size	: 30720 KB
physical id	: 0
siblings	: 12
core id		: 1
cpu cores	: 12
apicid		: 2
initial apicid	: 2
fpu		: yes
fpu_exception	: yes
cpuid level	: 15
wp		: yes
flags		: fpu vme de pse tsc msr pae mce cx8 apic sep mtrr pge mca cmov pat pse36 clflush dts acpi mmx fxsr sse sse2 ss ht tm pbe syscall nx pdpe1gb rdtscp lm constant_tsc arch_perfmon pebs bts rep_good nopl xtopology nonstop_tsc aperfmperf eagerfpu pni pclmulqdq dtes64 monitor ds_cpl vmx smx est tm2 ssse3 sdbg fma cx16 xtpr pdcm pcid dca sse4_1 sse4_2 x2apic movbe popcnt tsc_deadline_timer aes xsave avx f16c rdrand lahf_lm abm epb invpcid_single intel_ppin ssbd ibrs ibpb stibp tpr_shadow vnmi flexpriority ept vpid fsgsbase tsc_adjust bmi1 avx2 smep bmi2 erms invpcid cqm xsaveopt cqm_llc cqm_occup_llc dtherm ida arat pln pts md_clear spec_ctrl intel_stibp flush_l1d
bogomips	: 4993.65
clflush size	: 64
cache_alignment	: 64
address sizes	: 46 bits physical, 48 bits virtual
power management:

processor	: 13
vendor_id	: GenuineIntel
cpu family	: 6
model		: 63
model name	: Intel(R) Xeon(R) CPU E5-2680 v3 @ 2.50GHz
stepping	: 2
microcode	: 0x49
cpu MHz		: 2500.000
cache size	: 30720 KB
physical id	: 0
siblings	: 12
core id		: 3
cpu cores	: 12
apicid		: 6
initial apicid	: 6
fpu		: yes
fpu_exception	: yes
cpuid level	: 15
wp		: yes
flags		: fpu vme de pse tsc msr pae mce cx8 apic sep mtrr pge mca cmov pat pse36 clflush dts acpi mmx fxsr sse sse2 ss ht tm pbe syscall nx pdpe1gb rdtscp lm constant_tsc arch_perfmon pebs bts rep_good nopl xtopology nonstop_tsc aperfmperf eagerfpu pni pclmulqdq dtes64 monitor ds_cpl vmx smx est tm2 ssse3 sdbg fma cx16 xtpr pdcm pcid dca sse4_1 sse4_2 x2apic movbe popcnt tsc_deadline_timer aes xsave avx f16c rdrand lahf_lm abm epb invpcid_single intel_ppin ssbd ibrs ibpb stibp tpr_shadow vnmi flexpriority ept vpid fsgsbase tsc_adjust bmi1 avx2 smep bmi2 erms invpcid cqm xsaveopt cqm_llc cqm_occup_llc dtherm ida arat pln pts md_clear spec_ctrl intel_stibp flush_l1d
bogomips	: 4993.65
clflush size	: 64
cache_alignment	: 64
address sizes	: 46 bits physical, 48 bits virtual
power management:

processor	: 14
vendor_id	: GenuineIntel
cpu family	: 6
model		: 63
model name	: Intel(R) Xeon(R) CPU E5-2680 v3 @ 2.50GHz
stepping	: 2
microcode	: 0x49
cpu MHz		: 2500.000
cache size	: 30720 KB
physical id	: 0
siblings	: 12
core id		: 5
cpu cores	: 12
apicid		: 10
initial apicid	: 10
fpu		: yes
fpu_exception	: yes
cpuid level	: 15
wp		: yes
flags		: fpu vme de pse tsc msr pae mce cx8 apic sep mtrr pge mca cmov pat pse36 clflush dts acpi mmx fxsr sse sse2 ss ht tm pbe syscall nx pdpe1gb rdtscp lm constant_tsc arch_perfmon pebs bts rep_good nopl xtopology nonstop_tsc aperfmperf eagerfpu pni pclmulqdq dtes64 monitor ds_cpl vmx smx est tm2 ssse3 sdbg fma cx16 xtpr pdcm pcid dca sse4_1 sse4_2 x2apic movbe popcnt tsc_deadline_timer aes xsave avx f16c rdrand lahf_lm abm epb invpcid_single intel_ppin ssbd ibrs ibpb stibp tpr_shadow vnmi flexpriority ept vpid fsgsbase tsc_adjust bmi1 avx2 smep bmi2 erms invpcid cqm xsaveopt cqm_llc cqm_occup_llc dtherm ida arat pln pts md_clear spec_ctrl intel_stibp flush_l1d
bogomips	: 4993.65
clflush size	: 64
cache_alignment	: 64
address sizes	: 46 bits physical, 48 bits virtual
power management:

processor	: 15
vendor_id	: GenuineIntel
cpu family	: 6
model		: 63
model name	: Intel(R) Xeon(R) CPU E5-2680 v3 @ 2.50GHz
stepping	: 2
microcode	: 0x49
cpu MHz		: 2500.000
cache size	: 30720 KB
physical id	: 0
siblings	: 12
core id		: 9
cpu cores	: 12
apicid		: 18
initial apicid	: 18
fpu		: yes
fpu_exception	: yes
cpuid level	: 15
wp		: yes
flags		: fpu vme de pse tsc msr pae mce cx8 apic sep mtrr pge mca cmov pat pse36 clflush dts acpi mmx fxsr sse sse2 ss ht tm pbe syscall nx pdpe1gb rdtscp lm constant_tsc arch_perfmon pebs bts rep_good nopl xtopology nonstop_tsc aperfmperf eagerfpu pni pclmulqdq dtes64 monitor ds_cpl vmx smx est tm2 ssse3 sdbg fma cx16 xtpr pdcm pcid dca sse4_1 sse4_2 x2apic movbe popcnt tsc_deadline_timer aes xsave avx f16c rdrand lahf_lm abm epb invpcid_single intel_ppin ssbd ibrs ibpb stibp tpr_shadow vnmi flexpriority ept vpid fsgsbase tsc_adjust bmi1 avx2 smep bmi2 erms invpcid cqm xsaveopt cqm_llc cqm_occup_llc dtherm ida arat pln pts md_clear spec_ctrl intel_stibp flush_l1d
bogomips	: 4993.65
clflush size	: 64
cache_alignment	: 64
address sizes	: 46 bits physical, 48 bits virtual
power management:

processor	: 16
vendor_id	: GenuineIntel
cpu family	: 6
model		: 63
model name	: Intel(R) Xeon(R) CPU E5-2680 v3 @ 2.50GHz
stepping	: 2
microcode	: 0x49
cpu MHz		: 2500.000
cache size	: 30720 KB
physical id	: 0
siblings	: 12
core id		: 11
cpu cores	: 12
apicid		: 22
initial apicid	: 22
fpu		: yes
fpu_exception	: yes
cpuid level	: 15
wp		: yes
flags		: fpu vme de pse tsc msr pae mce cx8 apic sep mtrr pge mca cmov pat pse36 clflush dts acpi mmx fxsr sse sse2 ss ht tm pbe syscall nx pdpe1gb rdtscp lm constant_tsc arch_perfmon pebs bts rep_good nopl xtopology nonstop_tsc aperfmperf eagerfpu pni pclmulqdq dtes64 monitor ds_cpl vmx smx est tm2 ssse3 sdbg fma cx16 xtpr pdcm pcid dca sse4_1 sse4_2 x2apic movbe popcnt tsc_deadline_timer aes xsave avx f16c rdrand lahf_lm abm epb invpcid_single intel_ppin ssbd ibrs ibpb stibp tpr_shadow vnmi flexpriority ept vpid fsgsbase tsc_adjust bmi1 avx2 smep bmi2 erms invpcid cqm xsaveopt cqm_llc cqm_occup_llc dtherm ida arat pln pts md_clear spec_ctrl intel_stibp flush_l1d
bogomips	: 4993.65
clflush size	: 64
cache_alignment	: 64
address sizes	: 46 bits physical, 48 bits virtual
power management:

processor	: 17
vendor_id	: GenuineIntel
cpu family	: 6
model		: 63
model name	: Intel(R) Xeon(R) CPU E5-2680 v3 @ 2.50GHz
stepping	: 2
microcode	: 0x49
cpu MHz		: 2500.000
cache size	: 30720 KB
physical id	: 0
siblings	: 12
core id		: 13
cpu cores	: 12
apicid		: 26
initial apicid	: 26
fpu		: yes
fpu_exception	: yes
cpuid level	: 15
wp		: yes
flags		: fpu vme de pse tsc msr pae mce cx8 apic sep mtrr pge mca cmov pat pse36 clflush dts acpi mmx fxsr sse sse2 ss ht tm pbe syscall nx pdpe1gb rdtscp lm constant_tsc arch_perfmon pebs bts rep_good nopl xtopology nonstop_tsc aperfmperf eagerfpu pni pclmulqdq dtes64 monitor ds_cpl vmx smx est tm2 ssse3 sdbg fma cx16 xtpr pdcm pcid dca sse4_1 sse4_2 x2apic movbe popcnt tsc_deadline_timer aes xsave avx f16c rdrand lahf_lm abm epb invpcid_single intel_ppin ssbd ibrs ibpb stibp tpr_shadow vnmi flexpriority ept vpid fsgsbase tsc_adjust bmi1 avx2 smep bmi2 erms invpcid cqm xsaveopt cqm_llc cqm_occup_llc dtherm ida arat pln pts md_clear spec_ctrl intel_stibp flush_l1d
bogomips	: 4993.65
clflush size	: 64
cache_alignment	: 64
address sizes	: 46 bits physical, 48 bits virtual
power management:

processor	: 18
vendor_id	: GenuineIntel
cpu family	: 6
model		: 63
model name	: Intel(R) Xeon(R) CPU E5-2680 v3 @ 2.50GHz
stepping	: 2
microcode	: 0x49
cpu MHz		: 2500.000
cache size	: 30720 KB
physical id	: 1
siblings	: 12
core id		: 1
cpu cores	: 12
apicid		: 34
initial apicid	: 34
fpu		: yes
fpu_exception	: yes
cpuid level	: 15
wp		: yes
flags		: fpu vme de pse tsc msr pae mce cx8 apic sep mtrr pge mca cmov pat pse36 clflush dts acpi mmx fxsr sse sse2 ss ht tm pbe syscall nx pdpe1gb rdtscp lm constant_tsc arch_perfmon pebs bts rep_good nopl xtopology nonstop_tsc aperfmperf eagerfpu pni pclmulqdq dtes64 monitor ds_cpl vmx smx est tm2 ssse3 sdbg fma cx16 xtpr pdcm pcid dca sse4_1 sse4_2 x2apic movbe popcnt tsc_deadline_timer aes xsave avx f16c rdrand lahf_lm abm epb invpcid_single intel_ppin ssbd ibrs ibpb stibp tpr_shadow vnmi flexpriority ept vpid fsgsbase tsc_adjust bmi1 avx2 smep bmi2 erms invpcid cqm xsaveopt cqm_llc cqm_occup_llc dtherm ida arat pln pts md_clear spec_ctrl intel_stibp flush_l1d
bogomips	: 4998.87
clflush size	: 64
cache_alignment	: 64
address sizes	: 46 bits physical, 48 bits virtual
power management:

processor	: 19
vendor_id	: GenuineIntel
cpu family	: 6
model		: 63
model name	: Intel(R) Xeon(R) CPU E5-2680 v3 @ 2.50GHz
stepping	: 2
microcode	: 0x49
cpu MHz		: 2500.000
cache size	: 30720 KB
physical id	: 1
siblings	: 12
core id		: 3
cpu cores	: 12
apicid		: 38
initial apicid	: 38
fpu		: yes
fpu_exception	: yes
cpuid level	: 15
wp		: yes
flags		: fpu vme de pse tsc msr pae mce cx8 apic sep mtrr pge mca cmov pat pse36 clflush dts acpi mmx fxsr sse sse2 ss ht tm pbe syscall nx pdpe1gb rdtscp lm constant_tsc arch_perfmon pebs bts rep_good nopl xtopology nonstop_tsc aperfmperf eagerfpu pni pclmulqdq dtes64 monitor ds_cpl vmx smx est tm2 ssse3 sdbg fma cx16 xtpr pdcm pcid dca sse4_1 sse4_2 x2apic movbe popcnt tsc_deadline_timer aes xsave avx f16c rdrand lahf_lm abm epb invpcid_single intel_ppin ssbd ibrs ibpb stibp tpr_shadow vnmi flexpriority ept vpid fsgsbase tsc_adjust bmi1 avx2 smep bmi2 erms invpcid cqm xsaveopt cqm_llc cqm_occup_llc dtherm ida arat pln pts md_clear spec_ctrl intel_stibp flush_l1d
bogomips	: 4998.87
clflush size	: 64
cache_alignment	: 64
address sizes	: 46 bits physical, 48 bits virtual
power management:

processor	: 20
vendor_id	: GenuineIntel
cpu family	: 6
model		: 63
model name	: Intel(R) Xeon(R) CPU E5-2680 v3 @ 2.50GHz
stepping	: 2
microcode	: 0x49
cpu MHz		: 2500.000
cache size	: 30720 KB
physical id	: 1
siblings	: 12
core id		: 5
cpu cores	: 12
apicid		: 42
initial apicid	: 42
fpu		: yes
fpu_exception	: yes
cpuid level	: 15
wp		: yes
flags		: fpu vme de pse tsc msr pae mce cx8 apic sep mtrr pge mca cmov pat pse36 clflush dts acpi mmx fxsr sse sse2 ss ht tm pbe syscall nx pdpe1gb rdtscp lm constant_tsc arch_perfmon pebs bts rep_good nopl xtopology nonstop_tsc aperfmperf eagerfpu pni pclmulqdq dtes64 monitor ds_cpl vmx smx est tm2 ssse3 sdbg fma cx16 xtpr pdcm pcid dca sse4_1 sse4_2 x2apic movbe popcnt tsc_deadline_timer aes xsave avx f16c rdrand lahf_lm abm epb invpcid_single intel_ppin ssbd ibrs ibpb stibp tpr_shadow vnmi flexpriority ept vpid fsgsbase tsc_adjust bmi1 avx2 smep bmi2 erms invpcid cqm xsaveopt cqm_llc cqm_occup_llc dtherm ida arat pln pts md_clear spec_ctrl intel_stibp flush_l1d
bogomips	: 4998.87
clflush size	: 64
cache_alignment	: 64
address sizes	: 46 bits physical, 48 bits virtual
power management:

processor	: 21
vendor_id	: GenuineIntel
cpu family	: 6
model		: 63
model name	: Intel(R) Xeon(R) CPU E5-2680 v3 @ 2.50GHz
stepping	: 2
microcode	: 0x49
cpu MHz		: 2500.000
cache size	: 30720 KB
physical id	: 1
siblings	: 12
core id		: 9
cpu cores	: 12
apicid		: 50
initial apicid	: 50
fpu		: yes
fpu_exception	: yes
cpuid level	: 15
wp		: yes
flags		: fpu vme de pse tsc msr pae mce cx8 apic sep mtrr pge mca cmov pat pse36 clflush dts acpi mmx fxsr sse sse2 ss ht tm pbe syscall nx pdpe1gb rdtscp lm constant_tsc arch_perfmon pebs bts rep_good nopl xtopology nonstop_tsc aperfmperf eagerfpu pni pclmulqdq dtes64 monitor ds_cpl vmx smx est tm2 ssse3 sdbg fma cx16 xtpr pdcm pcid dca sse4_1 sse4_2 x2apic movbe popcnt tsc_deadline_timer aes xsave avx f16c rdrand lahf_lm abm epb invpcid_single intel_ppin ssbd ibrs ibpb stibp tpr_shadow vnmi flexpriority ept vpid fsgsbase tsc_adjust bmi1 avx2 smep bmi2 erms invpcid cqm xsaveopt cqm_llc cqm_occup_llc dtherm ida arat pln pts md_clear spec_ctrl intel_stibp flush_l1d
bogomips	: 4998.87
clflush size	: 64
cache_alignment	: 64
address sizes	: 46 bits physical, 48 bits virtual
power management:

processor	: 22
vendor_id	: GenuineIntel
cpu family	: 6
model		: 63
model name	: Intel(R) Xeon(R) CPU E5-2680 v3 @ 2.50GHz
stepping	: 2
microcode	: 0x49
cpu MHz		: 2500.000
cache size	: 30720 KB
physical id	: 1
siblings	: 12
core id		: 11
cpu cores	: 12
apicid		: 54
initial apicid	: 54
fpu		: yes
fpu_exception	: yes
cpuid level	: 15
wp		: yes
flags		: fpu vme de pse tsc msr pae mce cx8 apic sep mtrr pge mca cmov pat pse36 clflush dts acpi mmx fxsr sse sse2 ss ht tm pbe syscall nx pdpe1gb rdtscp lm constant_tsc arch_perfmon pebs bts rep_good nopl xtopology nonstop_tsc aperfmperf eagerfpu pni pclmulqdq dtes64 monitor ds_cpl vmx smx est tm2 ssse3 sdbg fma cx16 xtpr pdcm pcid dca sse4_1 sse4_2 x2apic movbe popcnt tsc_deadline_timer aes xsave avx f16c rdrand lahf_lm abm epb invpcid_single intel_ppin ssbd ibrs ibpb stibp tpr_shadow vnmi flexpriority ept vpid fsgsbase tsc_adjust bmi1 avx2 smep bmi2 erms invpcid cqm xsaveopt cqm_llc cqm_occup_llc dtherm ida arat pln pts md_clear spec_ctrl intel_stibp flush_l1d
bogomips	: 4998.87
clflush size	: 64
cache_alignment	: 64
address sizes	: 46 bits physical, 48 bits virtual
power management:

processor	: 23
vendor_id	: GenuineIntel
cpu family	: 6
model		: 63
model name	: Intel(R) Xeon(R) CPU E5-2680 v3 @ 2.50GHz
stepping	: 2
microcode	: 0x49
cpu MHz		: 2500.000
cache size	: 30720 KB
physical id	: 1
siblings	: 12
core id		: 13
cpu cores	: 12
apicid		: 58
initial apicid	: 58
fpu		: yes
fpu_exception	: yes
cpuid level	: 15
wp		: yes
flags		: fpu vme de pse tsc msr pae mce cx8 apic sep mtrr pge mca cmov pat pse36 clflush dts acpi mmx fxsr sse sse2 ss ht tm pbe syscall nx pdpe1gb rdtscp lm constant_tsc arch_perfmon pebs bts rep_good nopl xtopology nonstop_tsc aperfmperf eagerfpu pni pclmulqdq dtes64 monitor ds_cpl vmx smx est tm2 ssse3 sdbg fma cx16 xtpr pdcm pcid dca sse4_1 sse4_2 x2apic movbe popcnt tsc_deadline_timer aes xsave avx f16c rdrand lahf_lm abm epb invpcid_single intel_ppin ssbd ibrs ibpb stibp tpr_shadow vnmi flexpriority ept vpid fsgsbase tsc_adjust bmi1 avx2 smep bmi2 erms invpcid cqm xsaveopt cqm_llc cqm_occup_llc dtherm ida arat pln pts md_clear spec_ctrl intel_stibp flush_l1d
bogomips	: 4998.87
clflush size	: 64
cache_alignment	: 64
address sizes	: 46 bits physical, 48 bits virtual
power management:



Memory: 4k page, physical 263845408k(11568004k free), swap 8388604k(0k free)

vm_info: OpenJDK 64-Bit Server VM (25.322-b06) for linux-amd64 JRE (1.8.0_322-b06), built on Jan 21 2022 06:01:57 by "mockbuild" with gcc 4.8.5 20150623 (Red Hat 4.8.5-44)

time: Thu Jun  9 16:12:01 2022
timezone: EDT
elapsed time: 281.097543 seconds (0d 0h 4m 41s)

