#
# A fatal error has been detected by the Java Runtime Environment:
#
#  SIGSEGV (0xb) at pc=0x00007f58b3c61a00, pid=26356, tid=0x00007f58b707d980
#
# JRE version: OpenJDK Runtime Environment (8.0_322-b06) (build 1.8.0_322-b06)
# Java VM: OpenJDK 64-Bit Server VM (25.322-b06 mixed mode linux-amd64 compressed oops)
# Problematic frame:
# C  [libc.so.6+0x4aa00]  _IO_vfprintf+0x2400
#
# Failed to write core dump. Core dumps have been disabled. To enable core dumping, try "ulimit -c unlimited" before starting Java again
#
# If you would like to submit a bug report, please visit:
#   https://bugzilla.redhat.com/enter_bug.cgi?product=Red%20Hat%20Enterprise%20Linux%207&component=java-1.8.0-openjdk
# The crash happened outside the Java Virtual Machine in native code.
# See problematic frame for where to report the bug.
#

---------------  T H R E A D  ---------------

Current thread (0x000055d931296800):  JavaThread "main" [_thread_in_native, id=26356, stack(0x00007ffc021f0000,0x00007ffc029ed000)]

siginfo: si_signo: 11 (SIGSEGV), si_code: 1 (SEGV_MAPERR), si_addr: 0x00000000ffffffff

Registers:
RAX=0x0000000000000000, RBX=0x0000000000000000, RCX=0xffffffffffffffff, RDX=0x0000000000000015
RSP=0x00007ffc029e26a0, RBP=0x00007ffc029e35e0, RSI=0x00007ffc029e2728, RDI=0x00000000ffffffff
R8 =0x0000000000000073, R9 =0x00007f58b3c642cd, R10=0x00007f55a0a436af, R11=0x00000000ffffffff
R12=0x00007ffc029e35a8, R13=0x00007ffc029e3778, R14=0x00007f55a0a436a2, R15=0x00007ffc029e35f0
RIP=0x00007f58b3c61a00, EFLAGS=0x0000000000010286, CSGSFS=0xa34e000000000033, ERR=0x0000000000000004
  TRAPNO=0x000000000000000e

Top of Stack: (sp=0x00007ffc029e26a0)
0x00007ffc029e26a0:   00007f55a0a4366b 00007f58b3c83f2b
0x00007ffc029e26b0:   00000000ffffffff 00007f55a0a436b0
0x00007ffc029e26c0:   ffffffffffffffff 0000000300000003
0x00007ffc029e26d0:   0000000000000002 00007f58b3c60e7a
0x00007ffc029e26e0:   00000000ffffffff 0000000000000073
0x00007ffc029e26f0:   00007ffc00000020 00007f55a0a436a4
0x00007ffc029e2700:   00007f55a0a436ae ffffffffffffffff
0x00007ffc029e2710:   0000000300000000 0000000000000001
0x00007ffc029e2720:   00007ffcffffffff 00000000ffffffff
0x00007ffc029e2730:   0000500000000073 0000000000000020
0x00007ffc029e2740:   00007f55a0a436b0 00007f55a0a436b1
0x00007ffc029e2750:   ffffffffffffffff 0000000300000001
0x00007ffc029e2760:   0000000000000001 00007f58ffffffff
0x00007ffc029e2770:   00007ffc029e2b00 00007f58b6eaf9ea
0x00007ffc029e2780:   0000000000000001 0000000000000000
0x00007ffc029e2790:   0000000000000000 0000000000000040
0x00007ffc029e27a0:   00007ffc029e2c90 000055d879e4e390
0x00007ffc029e27b0:   000055d87ee01ba0 000055d88335a050
0x00007ffc029e27c0:   0000000000000000 00007ffc029e2900
0x00007ffc029e27d0:   00007ffc029e2960 0000ffff00001fb2
0x00007ffc029e27e0:   000055d8843cd2c0 00007f58b6ea2684
0x00007ffc029e27f0:   7ea20f87903d0bf8 00007f58b51a0588
0x00007ffc029e2800:   2f0bf9cf90449514 4ac956133a8ef187
0x00007ffc029e2810:   13f00e9cb1b0a150 92a31c4f41971e5e
0x00007ffc029e2820:   f921be7f3fffe225 f62b2eb70365dc93
0x00007ffc029e2830:   8bc9225752c47170 c0b9fa90315aab2a
0x00007ffc029e2840:   0e6d44fcced42dfc 320e4f95885b186b
0x00007ffc029e2850:   bfc26b17c2c9f929 06478b35e7fb9a9c
0x00007ffc029e2860:   96861e8eac902966 0b7ee7be42b5f440
0x00007ffc029e2870:   537006f94cece2ca 294fe70dd334f7e3
0x00007ffc029e2880:   cf4a279b78d16b90 9dbf7dd8e5f2b1d7
0x00007ffc029e2890:   9b7aa4d5f4a488b2 1923e050226c6d69 

Instructions: (pc=0x00007f58b3c61a00)
0x00007f58b3c619e0:   30 fb ff ff 48 63 85 f8 fa ff ff 48 89 85 68 fa
0x00007f58b3c619f0:   ff ff e9 c2 e4 ff ff 31 c0 48 83 c9 ff 4c 89 df
0x00007f58b3c61a00:   f2 ae c7 85 70 fa ff ff 00 00 00 00 48 89 ce 48
0x00007f58b3c61a10:   f7 d6 4c 8d 66 ff e9 b7 fd ff ff 48 8d 85 80 fb 

Register to memory mapping:

RAX=0x0000000000000000 is an unknown value
RBX=0x0000000000000000 is an unknown value
RCX=0xffffffffffffffff is an unknown value
RDX=0x0000000000000015 is an unknown value
RSP=0x00007ffc029e26a0 is pointing into the stack for thread: 0x000055d931296800
RBP=0x00007ffc029e35e0 is pointing into the stack for thread: 0x000055d931296800
RSI=0x00007ffc029e2728 is pointing into the stack for thread: 0x000055d931296800
RDI=0x00000000ffffffff is an unknown value
R8 =0x0000000000000073 is an unknown value
R9 =0x00007f58b3c642cd: _IO_vfprintf+0x4ccd in /lib64/libc.so.6 at 0x00007f58b3c17000
R10=0x00007f55a0a436af: <offset 0xa6af> in /home/c242664/R/x86_64-pc-linux-gnu-library/4.0/RPostgreSQL/libs/RPostgreSQL.so at 0x00007f55a0a39000
R11=0x00000000ffffffff is an unknown value
R12=0x00007ffc029e35a8 is pointing into the stack for thread: 0x000055d931296800
R13=0x00007ffc029e3778 is pointing into the stack for thread: 0x000055d931296800
R14=0x00007f55a0a436a2: <offset 0xa6a2> in /home/c242664/R/x86_64-pc-linux-gnu-library/4.0/RPostgreSQL/libs/RPostgreSQL.so at 0x00007f55a0a39000
R15=0x00007ffc029e35f0 is pointing into the stack for thread: 0x000055d931296800


Stack: [0x00007ffc021f0000,0x00007ffc029ed000],  sp=0x00007ffc029e26a0,  free space=8137k
Native frames: (J=compiled Java code, j=interpreted, Vv=VM code, C=native code)
C  [libc.so.6+0x4aa00]  _IO_vfprintf+0x2400
C  [libc.so.6+0x78179]  vsnprintf+0x79
C  0x28203a7265766972


---------------  P R O C E S S  ---------------

Java Threads: ( => current thread )
  0x000055d935084800 JavaThread "Service Thread" daemon [_thread_blocked, id=28351, stack(0x00007f55a97f2000,0x00007f55a99f3000)]
  0x000055d935081000 JavaThread "C1 CompilerThread11" daemon [_thread_blocked, id=28350, stack(0x00007f55a99f4000,0x00007f55a9af4000)]
  0x000055d93507f000 JavaThread "C1 CompilerThread10" daemon [_thread_blocked, id=28349, stack(0x00007f55a9af5000,0x00007f55a9bf5000)]
  0x000055d93507c800 JavaThread "C1 CompilerThread9" daemon [_thread_blocked, id=28347, stack(0x00007f55a9bf6000,0x00007f55a9cf6000)]
  0x000055d93507a000 JavaThread "C1 CompilerThread8" daemon [_thread_blocked, id=28346, stack(0x00007f55a9cf7000,0x00007f55a9df7000)]
  0x000055d935078000 JavaThread "C2 CompilerThread7" daemon [_thread_blocked, id=28345, stack(0x00007f55a9df8000,0x00007f55a9ef8000)]
  0x000055d935075800 JavaThread "C2 CompilerThread6" daemon [_thread_blocked, id=28344, stack(0x00007f55a9ef9000,0x00007f55a9ff9000)]
  0x000055d935073800 JavaThread "C2 CompilerThread5" daemon [_thread_blocked, id=28343, stack(0x00007f55a9ffa000,0x00007f55aa0fa000)]
  0x000055d935069000 JavaThread "C2 CompilerThread4" daemon [_thread_blocked, id=28342, stack(0x00007f55aa0fb000,0x00007f55aa1fb000)]
  0x000055d935067000 JavaThread "C2 CompilerThread3" daemon [_thread_blocked, id=28341, stack(0x00007f55aa1fc000,0x00007f55aa2fc000)]
  0x000055d935064800 JavaThread "C2 CompilerThread2" daemon [_thread_blocked, id=28340, stack(0x00007f55aa2fd000,0x00007f55aa3fd000)]
  0x000055d935062800 JavaThread "C2 CompilerThread1" daemon [_thread_blocked, id=28339, stack(0x00007f55aa3fe000,0x00007f55aa4fe000)]
  0x000055d935060000 JavaThread "C2 CompilerThread0" daemon [_thread_blocked, id=28338, stack(0x00007f55aa4ff000,0x00007f55aa5ff000)]
  0x000055d935051800 JavaThread "Attach Listener" daemon [_thread_blocked, id=28337, stack(0x00007f55aa5ff000,0x00007f55aa800000)]
  0x000055d935027000 JavaThread "Finalizer" daemon [_thread_blocked, id=28335, stack(0x00007f55ec032000,0x00007f55ec233000)]
  0x000055d935022000 JavaThread "Reference Handler" daemon [_thread_blocked, id=28334, stack(0x00007f55ec233000,0x00007f55ec434000)]
=>0x000055d931296800 JavaThread "main" [_thread_in_native, id=26356, stack(0x00007ffc021f0000,0x00007ffc029ed000)]

Other Threads:
  0x000055d935018000 VMThread [stack: 0x00007f55ec435000,0x00007f55ec535000] [id=28333]
  0x000055d935087000 WatcherThread [stack: 0x00007f55a96f2000,0x00007f55a97f2000] [id=28352]

VM state:not at safepoint (normal execution)

VM Mutex/Monitor currently owned by a thread: None

heap address: 0x00000005c0000000, size: 8192 MB, Compressed Oops mode: Zero based, Oop shift amount: 3
Narrow klass base: 0x0000000000000000, Narrow klass shift: 3
Compressed class space size: 1073741824 Address: 0x00000007c0000000

Heap:
 PSYoungGen      total 611840K, used 62978K [0x0000000715580000, 0x0000000740000000, 0x00000007c0000000)
  eden space 524800K, 12% used [0x0000000715580000,0x00000007193008e0,0x0000000735600000)
  from space 87040K, 0% used [0x000000073ab00000,0x000000073ab00000,0x0000000740000000)
  to   space 87040K, 0% used [0x0000000735600000,0x0000000735600000,0x000000073ab00000)
 ParOldGen       total 1398272K, used 0K [0x00000005c0000000, 0x0000000615580000, 0x0000000715580000)
  object space 1398272K, 0% used [0x00000005c0000000,0x00000005c0000000,0x0000000615580000)
 Metaspace       used 7644K, capacity 7944K, committed 8192K, reserved 1056768K
  class space    used 918K, capacity 948K, committed 1024K, reserved 1048576K

Card table byte_map: [0x00007f55ee1c2000,0x00007f55ef1c3000] byte_map_base: 0x00007f55eb3c2000

Marking Bits: (ParMarkBitMap*) 0x00007f571b15c680
 Begin Bits: [0x00007f55c8000000, 0x00007f55d0000000)
 End Bits:   [0x00007f55d0000000, 0x00007f55d8000000)

Polling page: 0x00007f58b70b7000

CodeCache: size=245760Kb used=4403Kb max_used=4414Kb free=241356Kb
 bounds [0x00007f55ef583000, 0x00007f55ef9e3000, 0x00007f55fe583000]
 total_blobs=870 nmethods=588 adapters=192
 compilation: enabled

Compilation events (250 events):
Event: 1.332 Thread 0x000055d93507a000 nmethod 462 0x00007f55ef986ad0 code [0x00007f55ef986c60, 0x00007f55ef987180]
Event: 1.332 Thread 0x000055d935081000 nmethod 460 0x00007f55ef97c710 code [0x00007f55ef97c880, 0x00007f55ef97cab0]
Event: 1.332 Thread 0x000055d935081000  463       3       java.util.Collections$UnmodifiableCollection$1::next (10 bytes)
Event: 1.332 Thread 0x000055d935081000 nmethod 463 0x00007f55ef986690 code [0x00007f55ef986800, 0x00007f55ef986a30]
Event: 1.332 Thread 0x000055d93507a000  464       3       java.util.AbstractSet::<init> (5 bytes)
Event: 1.332 Thread 0x000055d93507a000 nmethod 464 0x00007f55ef986210 code [0x00007f55ef986380, 0x00007f55ef986598]
Event: 1.332 Thread 0x000055d93507a000  465       3       java.util.HashMap::containsKey (18 bytes)
Event: 1.332 Thread 0x000055d935081000  466       3       java.util.HashSet::iterator (13 bytes)
Event: 1.332 Thread 0x000055d93507c800  468       3       java.util.HashSet::contains (9 bytes)
Event: 1.332 Thread 0x000055d93507f000  467       1       java.util.Collections$1::hasNext (5 bytes)
Event: 1.333 Thread 0x000055d93507a000 nmethod 465 0x00007f55ef985b50 code [0x00007f55ef985ce0, 0x00007f55ef9860e0]
Event: 1.333 Thread 0x000055d93507a000  469       3       java.util.HashMap$HashIterator::<init> (79 bytes)
Event: 1.333 Thread 0x000055d93507f000 nmethod 467 0x00007f55ef97c450 code [0x00007f55ef97c5a0, 0x00007f55ef97c6b8]
Event: 1.333 Thread 0x000055d93507f000  470       3       java.util.HashMap::keySet (25 bytes)
Event: 1.333 Thread 0x000055d935081000 nmethod 466 0x00007f55ef98af10 code [0x00007f55ef98b0a0, 0x00007f55ef98b380]
Event: 1.333 Thread 0x000055d93507c800 nmethod 468 0x00007f55ef98b490 code [0x00007f55ef98b620, 0x00007f55ef98bb20]
Event: 1.333 Thread 0x000055d93507c800  471       3       java.util.HashMap$KeySet::iterator (12 bytes)
Event: 1.333 Thread 0x000055d935081000  472       3       java.util.HashMap$KeyIterator::<init> (11 bytes)
Event: 1.333 Thread 0x000055d93507a000 nmethod 469 0x00007f55ef98bcd0 code [0x00007f55ef98be60, 0x00007f55ef98c218]
Event: 1.333 Thread 0x000055d93507a000  477       3       org.apache.xmlbeans.impl.schema.SchemaTypeImpl::computeAllContainedElements (137 bytes)
Event: 1.333 Thread 0x000055d93507c800 nmethod 471 0x00007f55ef98c390 code [0x00007f55ef98c500, 0x00007f55ef98c790]
Event: 1.333 Thread 0x000055d93507f000 nmethod 470 0x00007f55ef98c890 code [0x00007f55ef98ca20, 0x00007f55ef98cdb8]
Event: 1.333 Thread 0x000055d93507f000  473       3       java.util.Collections$UnmodifiableCollection::<init> (22 bytes)
Event: 1.333 Thread 0x000055d93507c800  474       3       java.util.Collections::unmodifiableSet (9 bytes)
Event: 1.333 Thread 0x000055d935081000 nmethod 472 0x00007f55ef985790 code [0x00007f55ef985900, 0x00007f55ef985ab0]
Event: 1.333 Thread 0x000055d935081000  475       3       java.util.Collections$UnmodifiableSet::<init> (6 bytes)
Event: 1.333 Thread 0x000055d935081000 nmethod 475 0x00007f55ef98cf50 code [0x00007f55ef98d0e0, 0x00007f55ef98d410]
Event: 1.333 Thread 0x000055d93507c800 nmethod 474 0x00007f55ef98d590 code [0x00007f55ef98d720, 0x00007f55ef98daf0]
Event: 1.333 Thread 0x000055d93507c800  476       3       java.util.Collections$UnmodifiableCollection::iterator (9 bytes)
Event: 1.333 Thread 0x000055d93507f000 nmethod 473 0x00007f55ef98dcd0 code [0x00007f55ef98de60, 0x00007f55ef98e130]
Event: 1.333 Thread 0x000055d93507f000  478       3       java.util.Collections$UnmodifiableCollection::contains (11 bytes)
Event: 1.334 Thread 0x000055d93507f000 nmethod 478 0x00007f55ef98e250 code [0x00007f55ef98e3c0, 0x00007f55ef98e5f0]
Event: 1.334 Thread 0x000055d93507f000  479       3       java.util.Collections$UnmodifiableCollection$1::<init> (26 bytes)
Event: 1.334 Thread 0x000055d93507c800 nmethod 476 0x00007f55ef98e6d0 code [0x00007f55ef98e860, 0x00007f55ef98ebf0]
Event: 1.334 Thread 0x000055d93507c800  480       3       java.util.HashSet::isEmpty (8 bytes)
Event: 1.334 Thread 0x000055d935081000  481       3       java.util.HashMap::isEmpty (13 bytes)
Event: 1.334 Thread 0x000055d93507a000 nmethod 477 0x00007f55ef98ed50 code [0x00007f55ef98ef80, 0x00007f55ef98fc20]
Event: 1.334 Thread 0x000055d93507c800 nmethod 480 0x00007f55ef990150 code [0x00007f55ef9902c0, 0x00007f55ef990578]
Event: 1.334 Thread 0x000055d93507c800  482       3       javax.xml.namespace.QName::equals (59 bytes)
Event: 1.334 Thread 0x000055d935081000 nmethod 481 0x00007f55ef990650 code [0x00007f55ef9907c0, 0x00007f55ef990978]
Event: 1.334 Thread 0x000055d935081000  483       3       java.util.Collections$EmptySet::iterator (4 bytes)
Event: 1.334 Thread 0x000055d935081000 nmethod 483 0x00007f55ef990a10 code [0x00007f55ef990b80, 0x00007f55ef990d38]
Event: 1.334 Thread 0x000055d935081000  485       3       java.util.AbstractCollection::addAll (42 bytes)
Event: 1.334 Thread 0x000055d93507c800 nmethod 482 0x00007f55ef990dd0 code [0x00007f55ef990f80, 0x00007f55ef9915e0]
Event: 1.334 Thread 0x000055d93507c800  484       3       java.util.Collections::emptyIterator (4 bytes)
Event: 1.334 Thread 0x000055d93507f000 nmethod 479 0x00007f55ef991750 code [0x00007f55ef9918c0, 0x00007f55ef991b90]
Event: 1.334 Thread 0x000055d93507c800 nmethod 484 0x00007f55ef991c90 code [0x00007f55ef991e00, 0x00007f55ef991f58]
Event: 1.334 Thread 0x000055d935075800  486       4       java.util.HashMap$HashIterator::hasNext (13 bytes)
Event: 1.334 Thread 0x000055d935081000 nmethod 485 0x00007f55ef991fd0 code [0x00007f55ef992180, 0x00007f55ef992700]
Event: 1.334 Thread 0x000055d93507c800  487       3       org.apache.xmlbeans.QNameSet::includedURIs (14 bytes)
Event: 1.334 Thread 0x000055d935081000  488       3       org.apache.xmlbeans.QNameSet::includedQNamesInExcludedURIs (22 bytes)
Event: 1.334 Thread 0x000055d93507c800 nmethod 487 0x00007f55ef993dd0 code [0x00007f55ef993f40, 0x00007f55ef9940f8]
Event: 1.334 Thread 0x000055d93507a000  489       3       org.apache.xmlbeans.QNameSet::excludedQNamesInIncludedURIs (22 bytes)
Event: 1.334 Thread 0x000055d935075800 nmethod 486 0x00007f55ef995910 code [0x00007f55ef995a60, 0x00007f55ef995ad8]
Event: 1.335 Thread 0x000055d935081000 nmethod 488 0x00007f55ef993510 code [0x00007f55ef9936c0, 0x00007f55ef993b70]
Event: 1.335 Thread 0x000055d93507a000 nmethod 489 0x00007f55ef992c50 code [0x00007f55ef992e00, 0x00007f55ef9932b0]
Event: 1.336 Thread 0x000055d93507c800  490       3       org.apache.xmlbeans.impl.schema.SchemaTypeSystemImpl$XsbReader::readTypeRef (8 bytes)
Event: 1.336 Thread 0x000055d93507c800 nmethod 490 0x00007f55ef995450 code [0x00007f55ef9955c0, 0x00007f55ef995850]
Event: 1.339 Thread 0x000055d935069000  491   !   4       sun.misc.URLClassPath$JarLoader::getResource (85 bytes)
Event: 1.341 Thread 0x000055d93507f000  493       3       java.util.ArrayDeque::add (7 bytes)
Event: 1.341 Thread 0x000055d935081000  494       3       java.util.ArrayDeque::addLast (53 bytes)
Event: 1.341 Thread 0x000055d93507f000 nmethod 493 0x00007f55ef994cd0 code [0x00007f55ef994e40, 0x00007f55ef994ff0]
Event: 1.342 Thread 0x000055d935081000 nmethod 494 0x00007f55ef994590 code [0x00007f55ef994720, 0x00007f55ef994b40]
Event: 1.344 Thread 0x000055d93507a000  495  s    3       java.util.jar.JarFile::getInputStream (89 bytes)
Event: 1.344 Thread 0x000055d93507a000 nmethod 495 0x00007f55ef995b50 code [0x00007f55ef995d60, 0x00007f55ef996900]
Event: 1.345 Thread 0x000055d93507f000  497       3       org.apache.xmlbeans.impl.schema.SchemaParticleImpl::mutate (16 bytes)
Event: 1.345 Thread 0x000055d93507c800  496       3       org.apache.xmlbeans.QNameSet::minSetCopy (53 bytes)
Event: 1.345 Thread 0x000055d935081000  498       3       java.util.HashMap::<init> (11 bytes)
Event: 1.345 Thread 0x000055d93507a000  499       3       java.util.HashSet::size (8 bytes)
Event: 1.345 Thread 0x000055d93507f000 nmethod 497 0x00007f55ef996c10 code [0x00007f55ef996d80, 0x00007f55ef996ff0]
Event: 1.345 Thread 0x000055d935081000 nmethod 498 0x00007f55ef9970d0 code [0x00007f55ef997240, 0x00007f55ef997458]
Event: 1.345 Thread 0x000055d93507a000 nmethod 499 0x00007f55ef994190 code [0x00007f55ef994300, 0x00007f55ef9944f8]
Event: 1.345 Thread 0x000055d935081000  500       3       org.apache.xmlbeans.impl.schema.SchemaTypeSystemImpl$XsbReader::atLeast (54 bytes)
Event: 1.345 Thread 0x000055d93507a000  501   !   3       org.apache.xmlbeans.impl.schema.SchemaTypeSystemImpl$XsbReader::readInt (34 bytes)
Event: 1.345 Thread 0x000055d93507c800 nmethod 496 0x00007f55ef997550 code [0x00007f55ef997740, 0x00007f55ef997f70]
Event: 1.345 Thread 0x000055d93507c800  502       3       java.io.DataInputStream::readInt (72 bytes)
Event: 1.345 Thread 0x000055d935081000 nmethod 500 0x00007f55ef998250 code [0x00007f55ef9983c0, 0x00007f55ef9986d8]
Event: 1.345 Thread 0x000055d93507f000  503       1       org.apache.xmlbeans.impl.schema.SchemaPropertyImpl::isAttribute (5 bytes)
Event: 1.345 Thread 0x000055d93507a000 nmethod 501 0x00007f55ef998750 code [0x00007f55ef9988e0, 0x00007f55ef998cf0]
Event: 1.345 Thread 0x000055d93507f000 nmethod 503 0x00007f55ef998ed0 code [0x00007f55ef999020, 0x00007f55ef999138]
Event: 1.345 Thread 0x000055d93507c800 nmethod 502 0x00007f55ef999190 code [0x00007f55ef999360, 0x00007f55ef999910]
Event: 1.345 Thread 0x000055d93507f000  504       3       org.apache.xmlbeans.impl.schema.SchemaTypeSystemImpl$XsbReader::readBigInteger (54 bytes)
Event: 1.345 Thread 0x000055d935081000  505   !   3       org.apache.xmlbeans.impl.schema.SchemaTypeSystemImpl$XsbReader::readByteArray (48 bytes)
Event: 1.345 Thread 0x000055d93507a000  506       3       java.io.DataInputStream::readShort (40 bytes)
Event: 1.345 Thread 0x000055d93507c800  507       3       java.io.DataInputStream::readFully (9 bytes)
Event: 1.346 Thread 0x000055d93507c800 nmethod 507 0x00007f55ef999b50 code [0x00007f55ef999cc0, 0x00007f55ef999ef0]
Event: 1.346 Thread 0x000055d93507c800  509       3       org.apache.xmlbeans.impl.schema.SchemaParticleImpl::getParticleChild (7 bytes)
Event: 1.346 Thread 0x000055d93507f000 nmethod 504 0x00007f55ef999fd0 code [0x00007f55ef99a180, 0x00007f55ef99a580]
Event: 1.346 Thread 0x000055d93507a000 nmethod 506 0x00007f55ef99a6d0 code [0x00007f55ef99a860, 0x00007f55ef99ac70]
Event: 1.346 Thread 0x000055d93507f000  508       3       org.apache.xmlbeans.QNameSet::excludedURIs (17 bytes)
Event: 1.346 Thread 0x000055d935081000 nmethod 505 0x00007f55ef99ae10 code [0x00007f55ef99afc0, 0x00007f55ef99b600]
Event: 1.346 Thread 0x000055d93507c800 nmethod 509 0x00007f55ef99b8d0 code [0x00007f55ef99ba40, 0x00007f55ef99bbd8]
Event: 1.346 Thread 0x000055d93507f000 nmethod 508 0x00007f55ef99bcd0 code [0x00007f55ef99be80, 0x00007f55ef99c330]
Event: 1.349 Thread 0x000055d93507a000  510       3       java.lang.ClassLoader::preDefineClass (109 bytes)
Event: 1.349 Thread 0x000055d935081000  511   !   3       java.lang.ClassLoader::checkCerts (195 bytes)
Event: 1.349 Thread 0x000055d93507c800  512       3       java.lang.ClassLoader::defineClassSourceLocation (28 bytes)
Event: 1.349 Thread 0x000055d93507f000  514       3       java.lang.ClassLoader::addClass (9 bytes)
Event: 1.349 Thread 0x000055d93507f000 nmethod 514 0x00007f55ef99c9d0 code [0x00007f55ef99cb40, 0x00007f55ef99cd70]
Event: 1.349 Thread 0x000055d93507f000  515       3       java.lang.ClassLoader::postDefineClass (26 bytes)
Event: 1.349 Thread 0x000055d93507c800 nmethod 512 0x00007f55ef99ce50 code [0x00007f55ef99cfe0, 0x00007f55ef99d630]
Event: 1.349 Thread 0x000055d93507f000 nmethod 515 0x00007f55ef99d810 code [0x00007f55ef99d9a0, 0x00007f55ef99df00]
Event: 1.350 Thread 0x000055d93507a000 nmethod 510 0x00007f55ef99e090 code [0x00007f55ef99e360, 0x00007f55ef99f8d0]
Event: 1.350 Thread 0x000055d93507a000  516   !   3       java.net.URLClassLoader::definePackageInternal (81 bytes)
Event: 1.350 Thread 0x000055d935081000 nmethod 511 0x00007f55ef9a01d0 code [0x00007f55ef9a04a0, 0x00007f55ef9a1b40]
Event: 1.351 Thread 0x000055d93507a000 nmethod 516 0x00007f55ef9a2510 code [0x00007f55ef9a2740, 0x00007f55ef9a32e0]
Event: 1.351 Thread 0x000055d93507a000  517       3       java.util.HashSet::<init> (16 bytes)
Event: 1.351 Thread 0x000055d935062800  518       4       java.util.HashMap$HashIterator::nextNode (100 bytes)
Event: 1.351 Thread 0x000055d93507a000 nmethod 517 0x00007f55ef9a37d0 code [0x00007f55ef9a3960, 0x00007f55ef9a3d78]
Event: 1.351 Thread 0x000055d93507a000  520       3       java.lang.ClassLoader::defineClass (43 bytes)
Event: 1.351 Thread 0x000055d93507c800  519   !   3       java.security.SecureClassLoader::getProtectionDomain (114 bytes)
Event: 1.352 Thread 0x000055d93507a000 nmethod 520 0x00007f55ef9a3f50 code [0x00007f55ef9a4140, 0x00007f55ef9a4d10]
Event: 1.352 Thread 0x000055d93507c800 nmethod 519 0x00007f55ef9a5210 code [0x00007f55ef9a5400, 0x00007f55ef9a5f10]
Event: 1.352 Thread 0x000055d93507f000  521       3       sun.misc.URLClassPath$JarLoader$2::getCodeSourceURL (8 bytes)
Event: 1.352 Thread 0x000055d935081000  522       3       sun.misc.URLClassPath$JarLoader$2::getManifest (26 bytes)
Event: 1.352 Thread 0x000055d93507a000  523       3       java.util.jar.JavaUtilJarAccessImpl::ensureInitialization (5 bytes)
Event: 1.353 Thread 0x000055d93507f000 nmethod 521 0x00007f55ef9a6490 code [0x00007f55ef9a6600, 0x00007f55ef9a6778]
Event: 1.353 Thread 0x000055d93507f000  525       3       sun.misc.URLClassPath$JarLoader$2::getInputStream (15 bytes)
Event: 1.353 Thread 0x000055d93507c800  524  s!   3       java.util.jar.JarFile::ensureInitialization (41 bytes)
Event: 1.353 Thread 0x000055d93507a000 nmethod 523 0x00007f55ef9a6810 code [0x00007f55ef9a6980, 0x00007f55ef9a6b90]
Event: 1.353 Thread 0x000055d93507a000  526       3       sun.misc.URLClassPath$JarLoader$2::getBytes (48 bytes)
Event: 1.353 Thread 0x000055d93507f000 nmethod 525 0x00007f55ef9a6c50 code [0x00007f55ef9a6dc0, 0x00007f55ef9a7010]
Event: 1.353 Thread 0x000055d93507f000  527       3       sun.misc.URLClassPath$JarLoader$2::getContentLength (9 bytes)
Event: 1.353 Thread 0x000055d935081000 nmethod 522 0x00007f55ef9a7110 code [0x00007f55ef9a72c0, 0x00007f55ef9a7810]
Event: 1.353 Thread 0x000055d93507f000 nmethod 527 0x00007f55ef9a7a50 code [0x00007f55ef9a7bc0, 0x00007f55ef9a7e18]
Event: 1.353 Thread 0x000055d93507c800 nmethod 524 0x00007f55ef9a7ed0 code [0x00007f55ef9a8060, 0x00007f55ef9a8510]
Event: 1.353 Thread 0x000055d93507f000  528       3       java.util.zip.CRC32::<init> (5 bytes)
Event: 1.353 Thread 0x000055d935081000  529       3       java.util.zip.CRC32::update (16 bytes)
Event: 1.353 Thread 0x000055d93507c800  530       3       java.util.zip.CRC32::getValue (10 bytes)
Event: 1.353 Thread 0x000055d93507f000 nmethod 528 0x00007f55ef9a8690 code [0x00007f55ef9a8800, 0x00007f55ef9a89b8]
Event: 1.353 Thread 0x000055d935081000 nmethod 529 0x00007f55ef9a8a50 code [0x00007f55ef9a8bc0, 0x00007f55ef9a8d58]
Event: 1.353 Thread 0x000055d93507c800 nmethod 530 0x00007f55ef9a8e10 code [0x00007f55ef9a8f80, 0x00007f55ef9a90f8]
Event: 1.353 Thread 0x000055d93507c800  532       3       sun.misc.URLClassPath$JarLoader$2::getCodeSigners (8 bytes)
Event: 1.353 Thread 0x000055d935081000  531       3       java.util.zip.ZipEntry::getCrc (5 bytes)
Event: 1.353 Thread 0x000055d93507f000  533   !   3       java.util.jar.JarFile$JarFileEntry::getCodeSigners (78 bytes)
Event: 1.353 Thread 0x000055d935081000 nmethod 531 0x00007f55ef9abfd0 code [0x00007f55ef9ac140, 0x00007f55ef9ac298]
Event: 1.353 Thread 0x000055d93507a000 nmethod 526 0x00007f55ef9ac310 code [0x00007f55ef9ac4e0, 0x00007f55ef9acac0]
Event: 1.353 Thread 0x000055d935062800 nmethod 518 0x00007f55ef9acd50 code [0x00007f55ef9acea0, 0x00007f55ef9ad0d8]
Event: 1.353 Thread 0x000055d93507c800 nmethod 532 0x00007f55ef9abb90 code [0x00007f55ef9abd00, 0x00007f55ef9abf30]
Event: 1.353 Thread 0x000055d935081000  534       3       java.util.jar.JarFile::access$200 (5 bytes)
Event: 1.353 Thread 0x000055d935081000 nmethod 534 0x00007f55ef9ab810 code [0x00007f55ef9ab980, 0x00007f55ef9abaf0]
Event: 1.353 Thread 0x000055d93507f000 nmethod 533 0x00007f55ef9aacd0 code [0x00007f55ef9aaea0, 0x00007f55ef9ab580]
Event: 1.355 Thread 0x000055d935075800  540       4       java.util.regex.Pattern$BitClass::isSatisfiedBy (22 bytes)
Event: 1.355 Thread 0x000055d935078000  541       4       java.util.regex.Pattern$7::isSatisfiedBy (28 bytes)
Event: 1.355 Thread 0x000055d93507c800  535       3       java.util.regex.Pattern$6::isSatisfiedBy (28 bytes)
Event: 1.355 Thread 0x000055d93507a000  536       3       java.util.regex.Pattern$1::isSatisfiedBy (13 bytes)
Event: 1.355 Thread 0x000055d935081000  537       3       java.util.regex.Pattern::access$200 (7 bytes)
Event: 1.355 Thread 0x000055d93507f000  538       3       java.util.regex.Pattern::inRange (16 bytes)
Event: 1.356 Thread 0x000055d93507f000 nmethod 538 0x00007f55ef9aa6d0 code [0x00007f55ef9aa840, 0x00007f55ef9aaa18]
Event: 1.356 Thread 0x000055d935081000 nmethod 537 0x00007f55ef9aa290 code [0x00007f55ef9aa400, 0x00007f55ef9aa638]
Event: 1.356 Thread 0x000055d93507c800 nmethod 535 0x00007f55ef9a9c50 code [0x00007f55ef9a9de0, 0x00007f55ef9aa180]
Event: 1.356 Thread 0x000055d93507c800  542       3       java.util.regex.Pattern$Node::<init> (12 bytes)
Event: 1.356 Thread 0x000055d935081000  539       3       java.util.regex.Pattern$CharProperty$1::isSatisfiedBy (17 bytes)
Event: 1.356 Thread 0x000055d93507f000  543       3       java.util.regex.Pattern$Dot::isSatisfiedBy (34 bytes)
Event: 1.356 Thread 0x000055d93507a000 nmethod 536 0x00007f55ef9a9750 code [0x00007f55ef9a98c0, 0x00007f55ef9a9b78]
Event: 1.356 Thread 0x000055d93507c800 nmethod 542 0x00007f55ef9a9350 code [0x00007f55ef9a94c0, 0x00007f55ef9a96b8]
Event: 1.356 Thread 0x000055d935081000 nmethod 539 0x00007f55ef9afe90 code [0x00007f55ef9b0000, 0x00007f55ef9b0290]
Event: 1.356 Thread 0x000055d935075800 nmethod 540 0x00007f55ef9b0350 code [0x00007f55ef9b04a0, 0x00007f55ef9b0578]
Event: 1.356 Thread 0x000055d93507f000 nmethod 543 0x00007f55ef9afa10 code [0x00007f55ef9afb80, 0x00007f55ef9afdf8]
Event: 1.357 Thread 0x000055d935078000 nmethod 541 0x00007f55ef9adb90 code [0x00007f55ef9add40, 0x00007f55ef9ae0e8]
Event: 1.358 Thread 0x000055d93507a000  544       3       sun.misc.URLClassPath$JarLoader::findResource (18 bytes)
Event: 1.358 Thread 0x000055d935081000  545       1       java.nio.Buffer::position (5 bytes)
Event: 1.358 Thread 0x000055d935081000 nmethod 545 0x00007f55ef9ad8d0 code [0x00007f55ef9ada20, 0x00007f55ef9adb38]
Event: 1.358 Thread 0x000055d93507a000 nmethod 544 0x00007f55ef9ad390 code [0x00007f55ef9ad520, 0x00007f55ef9ad7e0]
Event: 1.358 Thread 0x000055d93507c800  548       1       java.lang.System::getSecurityManager (4 bytes)
Event: 1.358 Thread 0x000055d93507f000  547       3       org.apache.xmlbeans.QNameSetBuilder::removeAllMatchingFirstOnly (62 bytes)
Event: 1.358 Thread 0x000055d93507c800 nmethod 548 0x00007f55ef9af750 code [0x00007f55ef9af8a0, 0x00007f55ef9af9b8]
Event: 1.358 Thread 0x000055d93507c800  546       3       org.apache.xmlbeans.QNameSetBuilder::addAllImpl (470 bytes)
Event: 1.359 Thread 0x000055d93507f000 nmethod 547 0x00007f55ef9ae990 code [0x00007f55ef9aeb80, 0x00007f55ef9af440]
Event: 1.359 Thread 0x000055d93507c800 nmethod 546 0x00007f55ef9b2110 code [0x00007f55ef9b2560, 0x00007f55ef9b4d00]
Event: 1.359 Thread 0x000055d93507c800  549       3       java.util.regex.Pattern$Slice::match (79 bytes)
Event: 1.360 Thread 0x000055d935081000  550       3       java.lang.String::toLowerCase (8 bytes)
Event: 1.360 Thread 0x000055d93507c800 nmethod 549 0x00007f55ef9b18d0 code [0x00007f55ef9b1a80, 0x00007f55ef9b1f40]
Event: 1.360 Thread 0x000055d935081000 nmethod 550 0x00007f55ef9b1410 code [0x00007f55ef9b1580, 0x00007f55ef9b1810]
Event: 1.361 Thread 0x000055d93507a000  551       1       java.math.BigInteger::signum (5 bytes)
Event: 1.361 Thread 0x000055d93507a000 nmethod 551 0x00007f55ef9ae6d0 code [0x00007f55ef9ae820, 0x00007f55ef9ae938]
Event: 1.363 Thread 0x000055d93507c800  552       3       org.apache.xmlbeans.QNameSetBuilder::addAll (67 bytes)
Event: 1.363 Thread 0x000055d93507f000  553       1       org.apache.xmlbeans.impl.schema.SchemaParticleImpl::getParticleType (5 bytes)
Event: 1.363 Thread 0x000055d93507f000 nmethod 553 0x00007f55ef9b1150 code [0x00007f55ef9b12a0, 0x00007f55ef9b13b8]
Event: 1.363 Thread 0x000055d93507c800 nmethod 552 0x00007f55ef9b5d10 code [0x00007f55ef9b5f20, 0x00007f55ef9b67a0]
Event: 1.365 Thread 0x000055d935073800  554       4       java.lang.CharacterDataLatin1::toLowerCase (39 bytes)
Event: 1.365 Thread 0x000055d935073800 nmethod 554 0x00007f55ef9b0e50 code [0x00007f55ef9b0fa0, 0x00007f55ef9b1098]
Event: 1.366 Thread 0x000055d935067000  555       4       org.apache.xmlbeans.impl.schema.SchemaTypeSystemImpl$XsbReader::readHandle (585 bytes)
Event: 1.366 Thread 0x000055d93507a000  556       1       org.apache.xmlbeans.impl.schema.SchemaPropertyImpl::getName (5 bytes)
Event: 1.366 Thread 0x000055d935081000  558       3       java.util.LinkedHashMap$LinkedHashIterator::hasNext (13 bytes)
Event: 1.366 Thread 0x000055d93507a000 nmethod 556 0x00007f55ef9b0b90 code [0x00007f55ef9b0ce0, 0x00007f55ef9b0df8]
Event: 1.366 Thread 0x000055d93507f000  557       3       java.lang.Float::isNaN (12 bytes)
Event: 1.366 Thread 0x000055d935081000 nmethod 558 0x00007f55ef9b07d0 code [0x00007f55ef9b0940, 0x00007f55ef9b0af8]
Event: 1.366 Thread 0x000055d93507f000 nmethod 557 0x00007f55ef9b9310 code [0x00007f55ef9b9480, 0x00007f55ef9b9638]
Event: 1.370 Thread 0x000055d935069000 nmethod 491 0x00007f55ef9bcc90 code [0x00007f55ef9bd060, 0x00007f55ef9beec0]
Event: 1.372 Thread 0x000055d93507a000  560       3       java.util.HashMap::removeNode (291 bytes)
Event: 1.372 Thread 0x000055d93507c800  559       3       java.util.HashMap$HashIterator::remove (77 bytes)
Event: 1.372 Thread 0x000055d935081000  561       3       java.util.HashMap::afterNodeRemoval (1 bytes)
Event: 1.372 Thread 0x000055d935075800  564       4       java.util.HashMap::hash (20 bytes)
Event: 1.372 Thread 0x000055d93507f000  562       3       java.util.HashMap::tableSizeFor (59 bytes)
Event: 1.372 Thread 0x000055d935081000 nmethod 561 0x00007f55ef9b8fd0 code [0x00007f55ef9b9140, 0x00007f55ef9b9298]
Event: 1.372 Thread 0x000055d935081000  563       3       java.util.HashMap::<init> (98 bytes)
Event: 1.372 Thread 0x000055d93507f000 nmethod 562 0x00007f55ef9b8b90 code [0x00007f55ef9b8d00, 0x00007f55ef9b8f38]
Event: 1.372 Thread 0x000055d93507c800 nmethod 559 0x00007f55ef9b8150 code [0x00007f55ef9b8320, 0x00007f55ef9b8900]
Event: 1.372 Thread 0x000055d93507a000 nmethod 560 0x00007f55ef9bb190 code [0x00007f55ef9bb3e0, 0x00007f55ef9bc640]
Event: 1.372 Thread 0x000055d935075800 nmethod 564 0x00007f55ef9b69d0 code [0x00007f55ef9b6b20, 0x00007f55ef9b6bd8]
Event: 1.373 Thread 0x000055d935081000 nmethod 563 0x00007f55ef9c1350 code [0x00007f55ef9c15e0, 0x00007f55ef9c27d0]
Event: 1.375 Thread 0x000055d93507f000  565       3       java.io.File::<init> (47 bytes)
Event: 1.375 Thread 0x000055d93507f000 nmethod 565 0x00007f55ef9b7550 code [0x00007f55ef9b7720, 0x00007f55ef9b7e10]
Event: 1.375 Thread 0x000055d93507c800  566       3       java.util.jar.Manifest::getTrustedAttributes (57 bytes)
Event: 1.376 Thread 0x000055d93507c800 nmethod 566 0x00007f55ef9b9e50 code [0x00007f55ef9ba080, 0x00007f55ef9bac60]
Event: 1.378 Thread 0x000055d93507a000  567       3       org.apache.xmlbeans.QNameSet::contains (55 bytes)
Event: 1.379 Thread 0x000055d935081000  568       3       org.apache.xmlbeans.QNameSet::nsFromName (16 bytes)
Event: 1.379 Thread 0x000055d93507a000 nmethod 567 0x00007f55ef9b6c50 code [0x00007f55ef9b6e00, 0x00007f55ef9b7370]
Event: 1.379 Thread 0x000055d935081000 nmethod 568 0x00007f55ef9c4850 code [0x00007f55ef9c49c0, 0x00007f55ef9c4b98]
Event: 1.379 Thread 0x000055d935067000 nmethod 555 0x00007f55ef9c4c50 code [0x00007f55ef9c5060, 0x00007f55ef9c5fe8]
Event: 1.380 Thread 0x000055d93507f000  569       3       org.apache.xmlbeans.impl.schema.SchemaTypeImpl::assertUnresolved (23 bytes)
Event: 1.381 Thread 0x000055d93507f000 nmethod 569 0x00007f55ef9b9950 code [0x00007f55ef9b9ac0, 0x00007f55ef9b9d70]
Event: 1.382 Thread 0x000055d93507c800  570       3       org.apache.xmlbeans.impl.schema.SchemaTypeSystemImpl$XsbReader::readXmlValueObject (350 bytes)
Event: 1.384 Thread 0x000055d93507c800 nmethod 570 0x00007f55ef9c73d0 code [0x00007f55ef9c7920, 0x00007f55ef9caab0]
Event: 1.385 Thread 0x000055d93507a000  571       3       org.apache.xmlbeans.impl.schema.BuiltinSchemaTypeSystem::resolveHandle (14 bytes)
Event: 1.385 Thread 0x000055d935081000  572       3       org.apache.xmlbeans.impl.store.Xobj::kind (8 bytes)
Event: 1.385 Thread 0x000055d93507a000 nmethod 571 0x00007f55ef9c42d0 code [0x00007f55ef9c4440, 0x00007f55ef9c4770]
Event: 1.385 Thread 0x000055d935081000 nmethod 572 0x00007f55ef9c3f90 code [0x00007f55ef9c4100, 0x00007f55ef9c4258]
Event: 1.387 Thread 0x000055d935075800  573 %     4       java.io.DataInputStream::readUTF @ 92 (501 bytes)
Event: 1.387 Thread 0x000055d935078000  574       4       javax.xml.namespace.QName::hashCode (16 bytes)
Event: 1.389 Thread 0x000055d935081000  575       3       org.apache.xmlbeans.impl.store.Cur::moveTo (274 bytes)
Event: 1.389 Thread 0x000055d93507f000  576       3       org.apache.xmlbeans.impl.store.Cur::moveToNoCheck (68 bytes)
Event: 1.389 Thread 0x000055d935081000 nmethod 575 0x00007f55ef9c3ad0 code [0x00007f55ef9c3c40, 0x00007f55ef9c3ed0]
Event: 1.389 Thread 0x000055d93507c800  577       3       java.util.zip.InflaterInputStream::<init> (79 bytes)
Event: 1.389 Thread 0x000055d93507f000 nmethod 576 0x00007f55ef9c3410 code [0x00007f55ef9c35a0, 0x00007f55ef9c39a0]
Event: 1.389 Thread 0x000055d93507c800 nmethod 577 0x00007f55ef9cca90 code [0x00007f55ef9ccc40, 0x00007f55ef9cd340]
Event: 1.390 Thread 0x000055d935073800  578       4       java.util.HashMap::getNode (148 bytes)
Event: 1.390 Thread 0x000055d935081000  579       3       java.util.Collections$SingletonSet::contains (9 bytes)
Event: 1.390 Thread 0x000055d93507a000  580       3       java.util.Collections::eq (22 bytes)
Event: 1.390 Thread 0x000055d93507f000  581       3       java.util.Collections$SingletonSet::iterator (8 bytes)
Event: 1.390 Thread 0x000055d93507a000 nmethod 580 0x00007f55ef9cd610 code [0x00007f55ef9cd780, 0x00007f55ef9cda30]
Event: 1.390 Thread 0x000055d93507c800  582       3       java.util.Collections::singletonIterator (9 bytes)
Event: 1.390 Thread 0x000055d935081000 nmethod 579 0x00007f55ef9cdb10 code [0x00007f55ef9cdca0, 0x00007f55ef9cdff0]
Event: 1.390 Thread 0x000055d935081000  583       3       java.util.Collections$1::<init> (15 bytes)
Event: 1.390 Thread 0x000055d93507a000  584       3       java.util.Collections$1::next (25 bytes)
Event: 1.390 Thread 0x000055d935081000 nmethod 583 0x00007f55ef9c2fd0 code [0x00007f55ef9c3140, 0x00007f55ef9c3318]
Event: 1.390 Thread 0x000055d93507f000 nmethod 581 0x00007f55ef9ce110 code [0x00007f55ef9ce280, 0x00007f55ef9ce578]
Event: 1.390 Thread 0x000055d93507c800 nmethod 582 0x00007f55ef9ce6d0 code [0x00007f55ef9ce840, 0x00007f55ef9ceab8]
Event: 1.391 Thread 0x000055d93507a000 nmethod 584 0x00007f55ef9d1b10 code [0x00007f55ef9d1c80, 0x00007f55ef9d1eb0]
Event: 1.391 Thread 0x000055d935078000 nmethod 574 0x00007f55ef9d1f90 code [0x00007f55ef9d20e0, 0x00007f55ef9d23f8]
Event: 1.392 Thread 0x000055d935064800  585       4       java.lang.Math::min (11 bytes)
Event: 1.392 Thread 0x000055d935064800 nmethod 585 0x00007f55ef9b96d0 code [0x00007f55ef9b9820, 0x00007f55ef9b9878]
Event: 1.392 Thread 0x000055d935078000  586       4       java.lang.String::lastIndexOf (13 bytes)
Event: 1.392 Thread 0x000055d935073800 nmethod 578 0x00007f55ef9d2550 code [0x00007f55ef9d26c0, 0x00007f55ef9d2998]
Event: 1.393 Thread 0x000055d935078000 nmethod 586 0x00007f55ef9d2bd0 code [0x00007f55ef9d2d20, 0x00007f55ef9d2e98]
Event: 1.395 Thread 0x000055d935075800 nmethod 573% 0x00007f55ef9cf910 code [0x00007f55ef9cfaa0, 0x00007f55ef9d0198]
Event: 1.396 Thread 0x000055d935081000  587       1       java.net.URLConnection::getUseCaches (5 bytes)
Event: 1.396 Thread 0x000055d935081000 nmethod 587 0x00007f55ef9cf650 code [0x00007f55ef9cf7a0, 0x00007f55ef9cf8b8]
Event: 1.397 Thread 0x000055d93507f000  588       3       org.apache.xmlbeans.impl.store.Xobj::isAttr (14 bytes)
Event: 1.397 Thread 0x000055d93507f000 nmethod 588 0x00007f55ef9cf190 code [0x00007f55ef9cf300, 0x00007f55ef9cf598]

GC Heap History (0 events):
No events

Deoptimization events (5 events):
Event: 1.179 Thread 0x000055d931296800 Uncommon trap: reason=unstable_if action=reinterpret pc=0x00007f55ef8972f0 method=java.lang.String.indexOf([CII[CIII)I @ 123
Event: 1.257 Thread 0x000055d931296800 Uncommon trap: reason=unstable_if action=reinterpret pc=0x00007f55ef92dbd8 method=java.lang.String.indexOf([CII[CIII)I @ 3
Event: 1.284 Thread 0x000055d931296800 Uncommon trap: reason=unstable_if action=reinterpret pc=0x00007f55ef940a30 method=java.util.HashMap.getNode(ILjava/lang/Object;)Ljava/util/HashMap$Node; @ 116
Event: 1.292 Thread 0x000055d931296800 Uncommon trap: reason=unstable_if action=reinterpret pc=0x00007f55ef93ff6c method=java.util.HashMap.getNode(ILjava/lang/Object;)Ljava/util/HashMap$Node; @ 116
Event: 1.295 Thread 0x000055d931296800 Uncommon trap: reason=unstable_if action=reinterpret pc=0x00007f55ef96eda0 method=java.io.DataInputStream.readUTF(Ljava/io/DataInput;)Ljava/lang/String; @ 31

Classes redefined (0 events):
No events

Internal exceptions (16 events):
Event: 0.130 Thread 0x000055d931296800 Exception <a 'java/lang/NoSuchMethodError': Method sun.misc.Unsafe.defineClass(Ljava/lang/String;[BII)Ljava/lang/Class; name or signature does not match> (0x0000000715587cc0) thrown at [/builddir/build/BUILD/java-1.8.0-openjdk-1.8.0.322.b06-1.el7_9.x86_64
Event: 0.130 Thread 0x000055d931296800 Exception <a 'java/lang/NoSuchMethodError': Method sun.misc.Unsafe.prefetchRead(Ljava/lang/Object;J)V name or signature does not match> (0x0000000715587fa8) thrown at [/builddir/build/BUILD/java-1.8.0-openjdk-1.8.0.322.b06-1.el7_9.x86_64/openjdk/hotspot/s
Event: 1.180 Thread 0x000055d931296800 Exception <a 'java/security/PrivilegedActionException'> (0x0000000715cca9e0) thrown at [/builddir/build/BUILD/java-1.8.0-openjdk-1.8.0.322.b06-1.el7_9.x86_64/openjdk/hotspot/src/share/vm/prims/jvm.cpp, line 1531]
Event: 1.180 Thread 0x000055d931296800 Exception <a 'java/security/PrivilegedActionException'> (0x0000000715ccabf0) thrown at [/builddir/build/BUILD/java-1.8.0-openjdk-1.8.0.322.b06-1.el7_9.x86_64/openjdk/hotspot/src/share/vm/prims/jvm.cpp, line 1531]
Event: 1.181 Thread 0x000055d931296800 Exception <a 'java/security/PrivilegedActionException'> (0x0000000715ccdf80) thrown at [/builddir/build/BUILD/java-1.8.0-openjdk-1.8.0.322.b06-1.el7_9.x86_64/openjdk/hotspot/src/share/vm/prims/jvm.cpp, line 1531]
Event: 1.181 Thread 0x000055d931296800 Exception <a 'java/security/PrivilegedActionException'> (0x0000000715cce190) thrown at [/builddir/build/BUILD/java-1.8.0-openjdk-1.8.0.322.b06-1.el7_9.x86_64/openjdk/hotspot/src/share/vm/prims/jvm.cpp, line 1531]
Event: 1.238 Thread 0x000055d931296800 Exception <a 'java/security/PrivilegedActionException'> (0x0000000715f184d8) thrown at [/builddir/build/BUILD/java-1.8.0-openjdk-1.8.0.322.b06-1.el7_9.x86_64/openjdk/hotspot/src/share/vm/prims/jvm.cpp, line 1531]
Event: 1.238 Thread 0x000055d931296800 Exception <a 'java/security/PrivilegedActionException'> (0x0000000715f188d0) thrown at [/builddir/build/BUILD/java-1.8.0-openjdk-1.8.0.322.b06-1.el7_9.x86_64/openjdk/hotspot/src/share/vm/prims/jvm.cpp, line 1531]
Event: 1.242 Thread 0x000055d931296800 Exception <a 'java/security/PrivilegedActionException'> (0x0000000715f2eb30) thrown at [/builddir/build/BUILD/java-1.8.0-openjdk-1.8.0.322.b06-1.el7_9.x86_64/openjdk/hotspot/src/share/vm/prims/jvm.cpp, line 1531]
Event: 1.242 Thread 0x000055d931296800 Exception <a 'java/security/PrivilegedActionException'> (0x0000000715f2ef28) thrown at [/builddir/build/BUILD/java-1.8.0-openjdk-1.8.0.322.b06-1.el7_9.x86_64/openjdk/hotspot/src/share/vm/prims/jvm.cpp, line 1531]
Event: 1.242 Thread 0x000055d931296800 Exception <a 'java/security/PrivilegedActionException'> (0x0000000715f37148) thrown at [/builddir/build/BUILD/java-1.8.0-openjdk-1.8.0.322.b06-1.el7_9.x86_64/openjdk/hotspot/src/share/vm/prims/jvm.cpp, line 1531]
Event: 1.242 Thread 0x000055d931296800 Exception <a 'java/security/PrivilegedActionException'> (0x0000000715f37540) thrown at [/builddir/build/BUILD/java-1.8.0-openjdk-1.8.0.322.b06-1.el7_9.x86_64/openjdk/hotspot/src/share/vm/prims/jvm.cpp, line 1531]
Event: 1.242 Thread 0x000055d931296800 Exception <a 'java/security/PrivilegedActionException'> (0x0000000715f3e428) thrown at [/builddir/build/BUILD/java-1.8.0-openjdk-1.8.0.322.b06-1.el7_9.x86_64/openjdk/hotspot/src/share/vm/prims/jvm.cpp, line 1531]
Event: 1.242 Thread 0x000055d931296800 Exception <a 'java/security/PrivilegedActionException'> (0x0000000715f3e820) thrown at [/builddir/build/BUILD/java-1.8.0-openjdk-1.8.0.322.b06-1.el7_9.x86_64/openjdk/hotspot/src/share/vm/prims/jvm.cpp, line 1531]
Event: 1.243 Thread 0x000055d931296800 Exception <a 'java/security/PrivilegedActionException'> (0x0000000715f46d20) thrown at [/builddir/build/BUILD/java-1.8.0-openjdk-1.8.0.322.b06-1.el7_9.x86_64/openjdk/hotspot/src/share/vm/prims/jvm.cpp, line 1531]
Event: 1.243 Thread 0x000055d931296800 Exception <a 'java/security/PrivilegedActionException'> (0x0000000715f47118) thrown at [/builddir/build/BUILD/java-1.8.0-openjdk-1.8.0.322.b06-1.el7_9.x86_64/openjdk/hotspot/src/share/vm/prims/jvm.cpp, line 1531]

Events (250 events):
Event: 1.314 Thread 0x000055d931296800 DEOPT PACKING pc=0x00007f55ef9361de sp=0x00007ffc029c4e00
Event: 1.314 Thread 0x000055d931296800 DEOPT UNPACKING pc=0x00007f55ef5ca4cc sp=0x00007ffc029c4af8 mode 0
Event: 1.315 loading class org/apache/xmlbeans/impl/store/Xobj$SoapPartDocXobj
Event: 1.315 loading class org/apache/xmlbeans/impl/store/Xobj$SoapPartDocXobj done
Event: 1.315 loading class org/apache/xmlbeans/impl/store/Xobj$AttrXobj
Event: 1.315 loading class org/apache/xmlbeans/impl/store/Xobj$AttrXobj done
Event: 1.316 loading class org/w3c/dom/Attr
Event: 1.316 loading class org/w3c/dom/Attr done
Event: 1.316 loading class org/apache/xmlbeans/impl/store/Xobj$ProcInstXobj
Event: 1.316 loading class org/apache/xmlbeans/impl/store/Xobj$ProcInstXobj done
Event: 1.316 loading class org/w3c/dom/ProcessingInstruction
Event: 1.316 loading class org/w3c/dom/ProcessingInstruction done
Event: 1.317 loading class org/apache/xmlbeans/impl/store/Xobj$CommentXobj
Event: 1.317 loading class org/apache/xmlbeans/impl/store/Xobj$CommentXobj done
Event: 1.317 loading class org/w3c/dom/Comment
Event: 1.317 loading class org/w3c/dom/Comment done
Event: 1.320 loading class org/openxmlformats/schemas/spreadsheetml/x2006/main/impl/CTWorkbookImpl
Event: 1.320 loading class org/openxmlformats/schemas/spreadsheetml/x2006/main/impl/CTWorkbookImpl done
Event: 1.320 loading class org/apache/xmlbeans/impl/values/XmlComplexContentImpl
Event: 1.320 loading class org/apache/xmlbeans/impl/values/XmlComplexContentImpl done
Event: 1.323 loading class org/w3c/dom/NamedNodeMap
Event: 1.323 loading class org/w3c/dom/NamedNodeMap done
Event: 1.325 loading class org/openxmlformats/schemas/spreadsheetml/x2006/main/impl/CTWorkbookPrImpl
Event: 1.325 loading class org/openxmlformats/schemas/spreadsheetml/x2006/main/impl/CTWorkbookPrImpl done
Event: 1.325 loading class org/openxmlformats/schemas/spreadsheetml/x2006/main/CTWorkbookPr
Event: 1.325 loading class org/openxmlformats/schemas/spreadsheetml/x2006/main/CTWorkbookPr done
Event: 1.326 loading class org/apache/xmlbeans/StringEnumAbstractBase
Event: 1.326 loading class org/apache/xmlbeans/StringEnumAbstractBase done
Event: 1.326 loading class org/openxmlformats/schemas/spreadsheetml/x2006/main/STUpdateLinks$Enum
Event: 1.326 loading class org/openxmlformats/schemas/spreadsheetml/x2006/main/STUpdateLinks$Enum done
Event: 1.327 loading class org/openxmlformats/schemas/spreadsheetml/x2006/main/STObjects$Enum
Event: 1.327 loading class org/openxmlformats/schemas/spreadsheetml/x2006/main/STObjects$Enum done
Event: 1.328 loading class org/apache/xmlbeans/impl/values/XmlBooleanImpl
Event: 1.328 loading class org/apache/xmlbeans/impl/values/XmlBooleanImpl done
Event: 1.328 loading class org/apache/xmlbeans/XmlBoolean
Event: 1.328 loading class org/apache/xmlbeans/XmlBoolean done
Event: 1.328 loading class org/apache/xmlbeans/impl/values/JavaBooleanHolder
Event: 1.328 loading class org/apache/xmlbeans/impl/values/JavaBooleanHolder done
Event: 1.329 loading class java/util/Collections$1
Event: 1.330 loading class java/util/Collections$1 done
Event: 1.335 loading class org/openxmlformats/schemas/spreadsheetml/x2006/main/impl/CTBookViewsImpl
Event: 1.335 loading class org/openxmlformats/schemas/spreadsheetml/x2006/main/impl/CTBookViewsImpl done
Event: 1.335 loading class org/openxmlformats/schemas/spreadsheetml/x2006/main/CTBookViews
Event: 1.335 loading class org/openxmlformats/schemas/spreadsheetml/x2006/main/CTBookViews done
Event: 1.336 loading class org/openxmlformats/schemas/spreadsheetml/x2006/main/impl/CTBookViewImpl
Event: 1.336 loading class org/openxmlformats/schemas/spreadsheetml/x2006/main/impl/CTBookViewImpl done
Event: 1.337 loading class org/openxmlformats/schemas/spreadsheetml/x2006/main/CTBookView
Event: 1.337 loading class org/openxmlformats/schemas/spreadsheetml/x2006/main/CTBookView done
Event: 1.337 loading class org/openxmlformats/schemas/spreadsheetml/x2006/main/STVisibility$Enum
Event: 1.337 loading class org/openxmlformats/schemas/spreadsheetml/x2006/main/STVisibility$Enum done
Event: 1.338 loading class org/apache/xmlbeans/impl/values/XmlUnsignedIntImpl
Event: 1.338 loading class org/apache/xmlbeans/impl/values/XmlUnsignedIntImpl done
Event: 1.339 loading class org/apache/xmlbeans/XmlUnsignedInt
Event: 1.339 loading class org/apache/xmlbeans/XmlUnsignedInt done
Event: 1.339 loading class org/apache/xmlbeans/XmlUnsignedLong
Event: 1.339 loading class org/apache/xmlbeans/XmlUnsignedLong done
Event: 1.339 loading class org/apache/xmlbeans/XmlNonNegativeInteger
Event: 1.339 loading class org/apache/xmlbeans/XmlNonNegativeInteger done
Event: 1.339 loading class org/apache/xmlbeans/impl/values/JavaLongHolderEx
Event: 1.339 loading class org/apache/xmlbeans/impl/values/JavaLongHolderEx done
Event: 1.339 loading class org/apache/xmlbeans/impl/values/JavaLongHolder
Event: 1.339 loading class org/apache/xmlbeans/impl/values/JavaLongHolder done
Event: 1.340 loading class org/openxmlformats/schemas/spreadsheetml/x2006/main/impl/CTSheetsImpl
Event: 1.340 loading class org/openxmlformats/schemas/spreadsheetml/x2006/main/impl/CTSheetsImpl done
Event: 1.341 loading class org/openxmlformats/schemas/spreadsheetml/x2006/main/CTSheets
Event: 1.341 loading class org/openxmlformats/schemas/spreadsheetml/x2006/main/CTSheets done
Event: 1.342 loading class org/apache/poi/POIXMLProperties
Event: 1.342 loading class org/apache/poi/POIXMLProperties done
Event: 1.342 loading class org/openxmlformats/schemas/officeDocument/x2006/extendedProperties/PropertiesDocument$Factory
Event: 1.342 loading class org/openxmlformats/schemas/officeDocument/x2006/extendedProperties/PropertiesDocument$Factory done
Event: 1.343 loading class org/openxmlformats/schemas/officeDocument/x2006/extendedProperties/PropertiesDocument
Event: 1.343 loading class org/openxmlformats/schemas/officeDocument/x2006/extendedProperties/PropertiesDocument done
Event: 1.343 loading class org/openxmlformats/schemas/officeDocument/x2006/extendedProperties/impl/PropertiesDocumentImpl
Event: 1.343 loading class org/openxmlformats/schemas/officeDocument/x2006/extendedProperties/impl/PropertiesDocumentImpl done
Event: 1.346 loading class org/openxmlformats/schemas/officeDocument/x2006/extendedProperties/impl/CTPropertiesImpl
Event: 1.346 loading class org/openxmlformats/schemas/officeDocument/x2006/extendedProperties/impl/CTPropertiesImpl done
Event: 1.346 loading class org/openxmlformats/schemas/officeDocument/x2006/extendedProperties/CTProperties
Event: 1.346 loading class org/openxmlformats/schemas/officeDocument/x2006/extendedProperties/CTProperties done
Event: 1.349 loading class org/openxmlformats/schemas/officeDocument/x2006/customProperties/PropertiesDocument$Factory
Event: 1.349 loading class org/openxmlformats/schemas/officeDocument/x2006/customProperties/PropertiesDocument$Factory done
Event: 1.349 loading class org/openxmlformats/schemas/officeDocument/x2006/customProperties/PropertiesDocument
Event: 1.349 loading class org/openxmlformats/schemas/officeDocument/x2006/customProperties/PropertiesDocument done
Event: 1.350 loading class org/openxmlformats/schemas/officeDocument/x2006/customProperties/impl/PropertiesDocumentImpl
Event: 1.350 loading class org/openxmlformats/schemas/officeDocument/x2006/customProperties/impl/PropertiesDocumentImpl done
Event: 1.351 loading class org/openxmlformats/schemas/officeDocument/x2006/customProperties/impl/CTPropertiesImpl
Event: 1.351 loading class org/openxmlformats/schemas/officeDocument/x2006/customProperties/impl/CTPropertiesImpl done
Event: 1.351 loading class org/openxmlformats/schemas/officeDocument/x2006/customProperties/CTProperties
Event: 1.351 loading class org/openxmlformats/schemas/officeDocument/x2006/customProperties/CTProperties done
Event: 1.352 loading class org/apache/poi/POIXMLProperties$CoreProperties
Event: 1.352 loading class org/apache/poi/POIXMLProperties$CoreProperties done
Event: 1.352 loading class org/apache/poi/POIXMLProperties$ExtendedProperties
Event: 1.352 loading class org/apache/poi/POIXMLProperties$ExtendedProperties done
Event: 1.353 loading class org/apache/poi/POIXMLProperties$CustomProperties
Event: 1.353 loading class org/apache/poi/POIXMLProperties$CustomProperties done
Event: 1.353 loading class org/apache/xmlbeans/impl/store/CharUtil
Event: 1.353 loading class org/apache/xmlbeans/impl/store/CharUtil done
Event: 1.354 loading class org/apache/xmlbeans/impl/store/CharUtil$1
Event: 1.354 loading class org/apache/xmlbeans/impl/store/CharUtil$1 done
Event: 1.354 loading class org/apache/xmlbeans/impl/store/CharUtil$CharIterator
Event: 1.354 loading class org/apache/xmlbeans/impl/store/CharUtil$CharIterator done
Event: 1.356 loading class java/util/Collections$SingletonMap
Event: 1.356 loading class java/util/Collections$SingletonMap done
Event: 1.356 loading class org/openxmlformats/schemas/spreadsheetml/x2006/main/SstDocument$Factory
Event: 1.356 loading class org/openxmlformats/schemas/spreadsheetml/x2006/main/SstDocument$Factory done
Event: 1.356 loading class org/openxmlformats/schemas/spreadsheetml/x2006/main/SstDocument
Event: 1.356 loading class org/openxmlformats/schemas/spreadsheetml/x2006/main/SstDocument done
Event: 1.357 loading class org/openxmlformats/schemas/spreadsheetml/x2006/main/impl/SstDocumentImpl
Event: 1.357 loading class org/openxmlformats/schemas/spreadsheetml/x2006/main/impl/SstDocumentImpl done
Event: 1.358 loading class org/openxmlformats/schemas/spreadsheetml/x2006/main/impl/CTSstImpl
Event: 1.358 loading class org/openxmlformats/schemas/spreadsheetml/x2006/main/impl/CTSstImpl done
Event: 1.358 loading class org/openxmlformats/schemas/spreadsheetml/x2006/main/CTSst
Event: 1.358 loading class org/openxmlformats/schemas/spreadsheetml/x2006/main/CTSst done
Event: 1.360 loading class org/openxmlformats/schemas/spreadsheetml/x2006/main/StyleSheetDocument$Factory
Event: 1.360 loading class org/openxmlformats/schemas/spreadsheetml/x2006/main/StyleSheetDocument$Factory done
Event: 1.361 loading class org/openxmlformats/schemas/spreadsheetml/x2006/main/StyleSheetDocument
Event: 1.361 loading class org/openxmlformats/schemas/spreadsheetml/x2006/main/StyleSheetDocument done
Event: 1.361 loading class org/openxmlformats/schemas/spreadsheetml/x2006/main/impl/StyleSheetDocumentImpl
Event: 1.361 loading class org/openxmlformats/schemas/spreadsheetml/x2006/main/impl/StyleSheetDocumentImpl done
Event: 1.363 loading class org/openxmlformats/schemas/spreadsheetml/x2006/main/impl/CTStylesheetImpl
Event: 1.363 loading class org/openxmlformats/schemas/spreadsheetml/x2006/main/impl/CTStylesheetImpl done
Event: 1.363 loading class org/openxmlformats/schemas/spreadsheetml/x2006/main/CTStylesheet
Event: 1.363 loading class org/openxmlformats/schemas/spreadsheetml/x2006/main/CTStylesheet done
Event: 1.364 loading class org/openxmlformats/schemas/spreadsheetml/x2006/main/CTFont$Factory
Event: 1.364 loading class org/openxmlformats/schemas/spreadsheetml/x2006/main/CTFont$Factory done
Event: 1.364 loading class org/openxmlformats/schemas/spreadsheetml/x2006/main/CTFont
Event: 1.364 loading class org/openxmlformats/schemas/spreadsheetml/x2006/main/CTFont done
Event: 1.366 loading class org/openxmlformats/schemas/spreadsheetml/x2006/main/impl/CTFontImpl
Event: 1.366 loading class org/openxmlformats/schemas/spreadsheetml/x2006/main/impl/CTFontImpl done
Event: 1.368 loading class org/apache/poi/xssf/usermodel/XSSFFont
Event: 1.368 loading class org/apache/poi/xssf/usermodel/XSSFFont done
Event: 1.369 loading class org/apache/poi/ss/usermodel/IndexedColors
Event: 1.369 loading class org/apache/poi/ss/usermodel/IndexedColors done
Event: 1.370 loading class org/openxmlformats/schemas/spreadsheetml/x2006/main/impl/CTFontSizeImpl
Event: 1.370 loading class org/openxmlformats/schemas/spreadsheetml/x2006/main/impl/CTFontSizeImpl done
Event: 1.370 loading class org/openxmlformats/schemas/spreadsheetml/x2006/main/CTFontSize
Event: 1.370 loading class org/openxmlformats/schemas/spreadsheetml/x2006/main/CTFontSize done
Event: 1.371 loading class org/apache/xmlbeans/impl/values/XmlDoubleImpl
Event: 1.371 loading class org/apache/xmlbeans/impl/values/XmlDoubleImpl done
Event: 1.371 loading class org/apache/xmlbeans/XmlDouble
Event: 1.371 loading class org/apache/xmlbeans/XmlDouble done
Event: 1.371 loading class org/apache/xmlbeans/impl/values/JavaDoubleHolder
Event: 1.371 loading class org/apache/xmlbeans/impl/values/JavaDoubleHolder done
Event: 1.372 loading class org/openxmlformats/schemas/spreadsheetml/x2006/main/impl/CTColorImpl
Event: 1.372 loading class org/openxmlformats/schemas/spreadsheetml/x2006/main/impl/CTColorImpl done
Event: 1.373 loading class org/openxmlformats/schemas/spreadsheetml/x2006/main/CTColor
Event: 1.373 loading class org/openxmlformats/schemas/spreadsheetml/x2006/main/CTColor done
Event: 1.374 loading class org/openxmlformats/schemas/spreadsheetml/x2006/main/impl/CTFontNameImpl
Event: 1.374 loading class org/openxmlformats/schemas/spreadsheetml/x2006/main/impl/CTFontNameImpl done
Event: 1.374 loading class org/openxmlformats/schemas/spreadsheetml/x2006/main/CTFontName
Event: 1.374 loading class org/openxmlformats/schemas/spreadsheetml/x2006/main/CTFontName done
Event: 1.375 loading class org/openxmlformats/schemas/spreadsheetml/x2006/main/impl/STXstringImpl
Event: 1.375 loading class org/openxmlformats/schemas/spreadsheetml/x2006/main/impl/STXstringImpl done
Event: 1.375 loading class org/openxmlformats/schemas/spreadsheetml/x2006/main/STXstring
Event: 1.375 loading class org/openxmlformats/schemas/spreadsheetml/x2006/main/STXstring done
Event: 1.375 loading class org/apache/xmlbeans/impl/values/JavaStringHolderEx
Event: 1.375 loading class org/apache/xmlbeans/impl/values/JavaStringHolderEx done
Event: 1.376 loading class org/apache/poi/ss/usermodel/FontFamily
Event: 1.376 loading class org/apache/poi/ss/usermodel/FontFamily done
Event: 1.376 loading class org/openxmlformats/schemas/spreadsheetml/x2006/main/impl/CTIntPropertyImpl
Event: 1.376 loading class org/openxmlformats/schemas/spreadsheetml/x2006/main/impl/CTIntPropertyImpl done
Event: 1.376 loading class org/openxmlformats/schemas/spreadsheetml/x2006/main/CTIntProperty
Event: 1.376 loading class org/openxmlformats/schemas/spreadsheetml/x2006/main/CTIntProperty done
Event: 1.377 loading class org/apache/xmlbeans/impl/values/XmlIntImpl
Event: 1.377 loading class org/apache/xmlbeans/impl/values/XmlIntImpl done
Event: 1.377 loading class org/apache/xmlbeans/XmlInt
Event: 1.377 loading class org/apache/xmlbeans/XmlInt done
Event: 1.377 loading class org/apache/xmlbeans/XmlLong
Event: 1.377 loading class org/apache/xmlbeans/XmlLong done
Event: 1.377 loading class org/apache/xmlbeans/impl/values/JavaIntHolder
Event: 1.377 loading class org/apache/xmlbeans/impl/values/JavaIntHolder done
Event: 1.378 loading class org/apache/poi/ss/usermodel/FontScheme
Event: 1.378 loading class org/apache/poi/ss/usermodel/FontScheme done
Event: 1.379 loading class org/openxmlformats/schemas/spreadsheetml/x2006/main/impl/CTFontSchemeImpl
Event: 1.379 loading class org/openxmlformats/schemas/spreadsheetml/x2006/main/impl/CTFontSchemeImpl done
Event: 1.379 loading class org/openxmlformats/schemas/spreadsheetml/x2006/main/CTFontScheme
Event: 1.379 loading class org/openxmlformats/schemas/spreadsheetml/x2006/main/CTFontScheme done
Event: 1.379 loading class org/openxmlformats/schemas/spreadsheetml/x2006/main/STFontScheme$Enum
Event: 1.379 loading class org/openxmlformats/schemas/spreadsheetml/x2006/main/STFontScheme$Enum done
Event: 1.379 loading class org/apache/xmlbeans/StringEnumAbstractBase$Table
Event: 1.379 loading class org/apache/xmlbeans/StringEnumAbstractBase$Table done
Event: 1.380 loading class org/apache/xmlbeans/SchemaStringEnumEntry
Event: 1.380 loading class org/apache/xmlbeans/SchemaStringEnumEntry done
Event: 1.380 loading class org/apache/xmlbeans/impl/schema/SchemaStringEnumEntryImpl
Event: 1.380 loading class org/apache/xmlbeans/impl/schema/SchemaStringEnumEntryImpl done
Event: 1.380 loading class org/openxmlformats/schemas/spreadsheetml/x2006/main/impl/STFontSchemeImpl
Event: 1.380 loading class org/openxmlformats/schemas/spreadsheetml/x2006/main/impl/STFontSchemeImpl done
Event: 1.381 loading class org/openxmlformats/schemas/spreadsheetml/x2006/main/STFontScheme
Event: 1.381 loading class org/openxmlformats/schemas/spreadsheetml/x2006/main/STFontScheme done
Event: 1.381 loading class org/apache/xmlbeans/impl/values/JavaStringEnumerationHolderEx
Event: 1.381 loading class org/apache/xmlbeans/impl/values/JavaStringEnumerationHolderEx done
Event: 1.381 loading class org/openxmlformats/schemas/spreadsheetml/x2006/main/CTFill
Event: 1.381 loading class org/openxmlformats/schemas/spreadsheetml/x2006/main/CTFill done
Event: 1.381 loading class org/openxmlformats/schemas/spreadsheetml/x2006/main/CTFill$Factory
Event: 1.381 loading class org/openxmlformats/schemas/spreadsheetml/x2006/main/CTFill$Factory done
Event: 1.382 loading class org/openxmlformats/schemas/spreadsheetml/x2006/main/impl/CTFillImpl
Event: 1.382 loading class org/openxmlformats/schemas/spreadsheetml/x2006/main/impl/CTFillImpl done
Event: 1.383 loading class org/openxmlformats/schemas/spreadsheetml/x2006/main/impl/CTPatternFillImpl
Event: 1.383 loading class org/openxmlformats/schemas/spreadsheetml/x2006/main/impl/CTPatternFillImpl done
Event: 1.383 loading class org/openxmlformats/schemas/spreadsheetml/x2006/main/CTPatternFill
Event: 1.383 loading class org/openxmlformats/schemas/spreadsheetml/x2006/main/CTPatternFill done
Event: 1.384 loading class org/openxmlformats/schemas/spreadsheetml/x2006/main/STPatternType$Enum
Event: 1.384 loading class org/openxmlformats/schemas/spreadsheetml/x2006/main/STPatternType$Enum done
Event: 1.384 loading class org/openxmlformats/schemas/spreadsheetml/x2006/main/STPatternType
Event: 1.384 loading class org/openxmlformats/schemas/spreadsheetml/x2006/main/STPatternType done
Event: 1.385 loading class org/openxmlformats/schemas/spreadsheetml/x2006/main/impl/STPatternTypeImpl
Event: 1.385 loading class org/openxmlformats/schemas/spreadsheetml/x2006/main/impl/STPatternTypeImpl done
Event: 1.386 loading class org/apache/poi/xssf/usermodel/extensions/XSSFCellFill
Event: 1.386 loading class org/apache/poi/xssf/usermodel/extensions/XSSFCellFill done
Event: 1.386 loading class org/openxmlformats/schemas/spreadsheetml/x2006/main/CTBorder$Factory
Event: 1.386 loading class org/openxmlformats/schemas/spreadsheetml/x2006/main/CTBorder$Factory done
Event: 1.386 loading class org/openxmlformats/schemas/spreadsheetml/x2006/main/CTBorder
Event: 1.386 loading class org/openxmlformats/schemas/spreadsheetml/x2006/main/CTBorder done
Event: 1.387 loading class org/openxmlformats/schemas/spreadsheetml/x2006/main/impl/CTBorderImpl
Event: 1.387 loading class org/openxmlformats/schemas/spreadsheetml/x2006/main/impl/CTBorderImpl done
Event: 1.389 loading class org/openxmlformats/schemas/spreadsheetml/x2006/main/impl/CTBorderPrImpl
Event: 1.389 loading class org/openxmlformats/schemas/spreadsheetml/x2006/main/impl/CTBorderPrImpl done
Event: 1.389 loading class org/openxmlformats/schemas/spreadsheetml/x2006/main/CTBorderPr
Event: 1.389 loading class org/openxmlformats/schemas/spreadsheetml/x2006/main/CTBorderPr done
Event: 1.389 loading class org/openxmlformats/schemas/spreadsheetml/x2006/main/STBorderStyle$Enum
Event: 1.389 loading class org/openxmlformats/schemas/spreadsheetml/x2006/main/STBorderStyle$Enum done
Event: 1.390 loading class org/apache/poi/xssf/usermodel/extensions/XSSFCellBorder
Event: 1.390 loading class org/apache/poi/xssf/usermodel/extensions/XSSFCellBorder done
Event: 1.391 loading class org/openxmlformats/schemas/spreadsheetml/x2006/main/CTXf$Factory
Event: 1.391 loading class org/openxmlformats/schemas/spreadsheetml/x2006/main/CTXf$Factory done
Event: 1.391 loading class org/openxmlformats/schemas/spreadsheetml/x2006/main/CTXf
Event: 1.391 loading class org/openxmlformats/schemas/spreadsheetml/x2006/main/CTXf done
Event: 1.392 loading class org/openxmlformats/schemas/spreadsheetml/x2006/main/impl/CTXfImpl
Event: 1.392 loading class org/openxmlformats/schemas/spreadsheetml/x2006/main/impl/CTXfImpl done
Event: 1.394 loading class org/openxmlformats/schemas/spreadsheetml/x2006/main/impl/STNumFmtIdImpl
Event: 1.394 loading class org/openxmlformats/schemas/spreadsheetml/x2006/main/impl/STNumFmtIdImpl done
Event: 1.394 loading class org/openxmlformats/schemas/spreadsheetml/x2006/main/STNumFmtId
Event: 1.394 loading class org/openxmlformats/schemas/spreadsheetml/x2006/main/STNumFmtId done
Event: 1.395 loading class org/openxmlformats/schemas/spreadsheetml/x2006/main/impl/STFontIdImpl
Event: 1.395 loading class org/openxmlformats/schemas/spreadsheetml/x2006/main/impl/STFontIdImpl done
Event: 1.395 loading class org/openxmlformats/schemas/spreadsheetml/x2006/main/STFontId
Event: 1.395 loading class org/openxmlformats/schemas/spreadsheetml/x2006/main/STFontId done
Event: 1.396 loading class org/openxmlformats/schemas/spreadsheetml/x2006/main/impl/STFillIdImpl
Event: 1.396 loading class org/openxmlformats/schemas/spreadsheetml/x2006/main/impl/STFillIdImpl done
Event: 1.396 loading class org/openxmlformats/schemas/spreadsheetml/x2006/main/STFillId
Event: 1.396 loading class org/openxmlformats/schemas/spreadsheetml/x2006/main/STFillId done
Event: 1.397 loading class org/openxmlformats/schemas/spreadsheetml/x2006/main/impl/STBorderIdImpl
Event: 1.397 loading class org/openxmlformats/schemas/spreadsheetml/x2006/main/impl/STBorderIdImpl done
Event: 1.397 loading class org/openxmlformats/schemas/spreadsheetml/x2006/main/STBorderId
Event: 1.397 loading class org/openxmlformats/schemas/spreadsheetml/x2006/main/STBorderId done
Event: 1.397 loading class org/openxmlformats/schemas/spreadsheetml/x2006/main/impl/STCellStyleXfIdImpl
Event: 1.397 loading class org/openxmlformats/schemas/spreadsheetml/x2006/main/impl/STCellStyleXfIdImpl done
Event: 1.398 loading class org/openxmlformats/schemas/spreadsheetml/x2006/main/STCellStyleXfId
Event: 1.398 loading class org/openxmlformats/schemas/spreadsheetml/x2006/main/STCellStyleXfId done
Event: 4.173 Executing VM operation: EnableBiasedLocking
Event: 4.174 Executing VM operation: EnableBiasedLocking done


Dynamic libraries:
5c0000000-615580000 rw-p 00000000 00:00 0 
615580000-715580000 ---p 00000000 00:00 0 
715580000-740000000 rw-p 00000000 00:00 0 
740000000-7c0000000 ---p 00000000 00:00 0 
7c0000000-7c0100000 rw-p 00000000 00:00 0 
7c0100000-800000000 ---p 00000000 00:00 0 
55d8778f1000-55d878cb1000 r-xp 00000000 fd:00 2898952                    /usr/lib/rstudio-server/bin/rsession
55d878eb1000-55d878ede000 r--p 013c0000 fd:00 2898952                    /usr/lib/rstudio-server/bin/rsession
55d878ede000-55d878ee3000 rw-p 013ed000 fd:00 2898952                    /usr/lib/rstudio-server/bin/rsession
55d878ee3000-55d878ef4000 rw-p 00000000 00:00 0 
55d879359000-55d96eec9000 rw-p 00000000 00:00 0                          [heap]
7f5534000000-7f5534021000 rw-p 00000000 00:00 0 
7f5534021000-7f5538000000 ---p 00000000 00:00 0 
7f5538000000-7f5538021000 rw-p 00000000 00:00 0 
7f5538021000-7f553c000000 ---p 00000000 00:00 0 
7f553c000000-7f553c03c000 rw-p 00000000 00:00 0 
7f553c03c000-7f5540000000 ---p 00000000 00:00 0 
7f5540000000-7f5540021000 rw-p 00000000 00:00 0 
7f5540021000-7f5544000000 ---p 00000000 00:00 0 
7f5544000000-7f554403b000 rw-p 00000000 00:00 0 
7f554403b000-7f5548000000 ---p 00000000 00:00 0 
7f5548000000-7f5548167000 rw-p 00000000 00:00 0 
7f5548167000-7f554c000000 ---p 00000000 00:00 0 
7f554c000000-7f554c0e6000 rw-p 00000000 00:00 0 
7f554c0e6000-7f5550000000 ---p 00000000 00:00 0 
7f5550000000-7f55500d8000 rw-p 00000000 00:00 0 
7f55500d8000-7f5554000000 ---p 00000000 00:00 0 
7f5554000000-7f5554164000 rw-p 00000000 00:00 0 
7f5554164000-7f5558000000 ---p 00000000 00:00 0 
7f5558000000-7f55580cb000 rw-p 00000000 00:00 0 
7f55580cb000-7f555c000000 ---p 00000000 00:00 0 
7f555c000000-7f555c1a3000 rw-p 00000000 00:00 0 
7f555c1a3000-7f5560000000 ---p 00000000 00:00 0 
7f5560000000-7f55601cc000 rw-p 00000000 00:00 0 
7f55601cc000-7f5564000000 ---p 00000000 00:00 0 
7f5564000000-7f55640d7000 rw-p 00000000 00:00 0 
7f55640d7000-7f5568000000 ---p 00000000 00:00 0 
7f5568000000-7f55680fd000 rw-p 00000000 00:00 0 
7f55680fd000-7f556c000000 ---p 00000000 00:00 0 
7f556c000000-7f556c021000 rw-p 00000000 00:00 0 
7f556c021000-7f5570000000 ---p 00000000 00:00 0 
7f5570000000-7f557014a000 rw-p 00000000 00:00 0 
7f557014a000-7f5574000000 ---p 00000000 00:00 0 
7f5574000000-7f5574021000 rw-p 00000000 00:00 0 
7f5574021000-7f5578000000 ---p 00000000 00:00 0 
7f5578000000-7f5578021000 rw-p 00000000 00:00 0 
7f5578021000-7f557c000000 ---p 00000000 00:00 0 
7f557c000000-7f557c021000 rw-p 00000000 00:00 0 
7f557c021000-7f5580000000 ---p 00000000 00:00 0 
7f5580000000-7f5580021000 rw-p 00000000 00:00 0 
7f5580021000-7f5584000000 ---p 00000000 00:00 0 
7f5584000000-7f5584021000 rw-p 00000000 00:00 0 
7f5584021000-7f5588000000 ---p 00000000 00:00 0 
7f558c000000-7f558c021000 rw-p 00000000 00:00 0 
7f558c021000-7f5590000000 ---p 00000000 00:00 0 
7f5594000000-7f5594021000 rw-p 00000000 00:00 0 
7f5594021000-7f5598000000 ---p 00000000 00:00 0 
7f559c000000-7f559c021000 rw-p 00000000 00:00 0 
7f559c021000-7f55a0000000 ---p 00000000 00:00 0 
7f55a0a39000-7f55a0a46000 r-xp 00000000 00:38 113254242                  /home/c242664/R/x86_64-pc-linux-gnu-library/4.0/RPostgreSQL/libs/RPostgreSQL.so
7f55a0a46000-7f55a0c46000 ---p 0000d000 00:38 113254242                  /home/c242664/R/x86_64-pc-linux-gnu-library/4.0/RPostgreSQL/libs/RPostgreSQL.so
7f55a0c46000-7f55a0c47000 r--p 0000d000 00:38 113254242                  /home/c242664/R/x86_64-pc-linux-gnu-library/4.0/RPostgreSQL/libs/RPostgreSQL.so
7f55a0c47000-7f55a0c48000 rw-p 0000e000 00:38 113254242                  /home/c242664/R/x86_64-pc-linux-gnu-library/4.0/RPostgreSQL/libs/RPostgreSQL.so
7f55a0c48000-7f55a0c4b000 r-xp 00000000 fd:06 236259842                  /opt/R/R-4.0.3/lib64/R/library/zoo/libs/zoo.so
7f55a0c4b000-7f55a0e4b000 ---p 00003000 fd:06 236259842                  /opt/R/R-4.0.3/lib64/R/library/zoo/libs/zoo.so
7f55a0e4b000-7f55a0e4c000 r--p 00003000 fd:06 236259842                  /opt/R/R-4.0.3/lib64/R/library/zoo/libs/zoo.so
7f55a0e4c000-7f55a0e4d000 rw-p 00004000 fd:06 236259842                  /opt/R/R-4.0.3/lib64/R/library/zoo/libs/zoo.so
7f55a0e4d000-7f55a0eb4000 r-xp 00000000 00:38 123016702                  /home/c242664/R/x86_64-pc-linux-gnu-library/4.0/reticulate/libs/reticulate.so
7f55a0eb4000-7f55a10b4000 ---p 00067000 00:38 123016702                  /home/c242664/R/x86_64-pc-linux-gnu-library/4.0/reticulate/libs/reticulate.so
7f55a10b4000-7f55a10b6000 r--p 00067000 00:38 123016702                  /home/c242664/R/x86_64-pc-linux-gnu-library/4.0/reticulate/libs/reticulate.so
7f55a10b6000-7f55a10b7000 rw-p 00069000 00:38 123016702                  /home/c242664/R/x86_64-pc-linux-gnu-library/4.0/reticulate/libs/reticulate.so
7f55a10b7000-7f55a10b9000 rw-p 00000000 00:00 0 
7f55a10b9000-7f55a10e2000 r-xp 00000000 fd:00 8800390                    /usr/lib64/libpng15.so.15.13.0
7f55a10e2000-7f55a12e2000 ---p 00029000 fd:00 8800390                    /usr/lib64/libpng15.so.15.13.0
7f55a12e2000-7f55a12e3000 r--p 00029000 fd:00 8800390                    /usr/lib64/libpng15.so.15.13.0
7f55a12e3000-7f55a12e4000 rw-p 0002a000 fd:00 8800390                    /usr/lib64/libpng15.so.15.13.0
7f55a12e4000-7f55a12e9000 r-xp 00000000 fd:06 311105557                  /opt/R/R-4.0.3/lib64/R/library/png/libs/png.so
7f55a12e9000-7f55a14e8000 ---p 00005000 fd:06 311105557                  /opt/R/R-4.0.3/lib64/R/library/png/libs/png.so
7f55a14e8000-7f55a14e9000 r--p 00004000 fd:06 311105557                  /opt/R/R-4.0.3/lib64/R/library/png/libs/png.so
7f55a14e9000-7f55a14ea000 rw-p 00005000 fd:06 311105557                  /opt/R/R-4.0.3/lib64/R/library/png/libs/png.so
7f55a14ea000-7f55a14ec000 r-xp 00000000 fd:00 17470509                   /usr/lib64/gconv/ISO8859-1.so
7f55a14ec000-7f55a16eb000 ---p 00002000 fd:00 17470509                   /usr/lib64/gconv/ISO8859-1.so
7f55a16eb000-7f55a16ec000 r--p 00001000 fd:00 17470509                   /usr/lib64/gconv/ISO8859-1.so
7f55a16ec000-7f55a16ed000 rw-p 00002000 fd:00 17470509                   /usr/lib64/gconv/ISO8859-1.so
7f55a16ed000-7f55a3092000 r--s 00000000 fd:06 2020310                    /opt/R/R-4.0.3/lib64/R/library/stringi/libs/icudt61l.dat
7f55a3092000-7f55a3583000 r-xp 00000000 fd:06 2020311                    /opt/R/R-4.0.3/lib64/R/library/stringi/libs/stringi.so
7f55a3583000-7f55a3782000 ---p 004f1000 fd:06 2020311                    /opt/R/R-4.0.3/lib64/R/library/stringi/libs/stringi.so
7f55a3782000-7f55a37a4000 r--p 004f0000 fd:06 2020311                    /opt/R/R-4.0.3/lib64/R/library/stringi/libs/stringi.so
7f55a37a4000-7f55a37af000 rw-p 00512000 fd:06 2020311                    /opt/R/R-4.0.3/lib64/R/library/stringi/libs/stringi.so
7f55a37af000-7f55a37b1000 rw-p 00000000 00:00 0 
7f55a37b1000-7f55a390f000 r-xp 00000000 fd:00 8838703                    /usr/lib64/libxml2.so.2.9.1
7f55a390f000-7f55a3b0f000 ---p 0015e000 fd:00 8838703                    /usr/lib64/libxml2.so.2.9.1
7f55a3b0f000-7f55a3b17000 r--p 0015e000 fd:00 8838703                    /usr/lib64/libxml2.so.2.9.1
7f55a3b17000-7f55a3b19000 rw-p 00166000 fd:00 8838703                    /usr/lib64/libxml2.so.2.9.1
7f55a3b19000-7f55a3b1b000 rw-p 00000000 00:00 0 
7f55a3b1b000-7f55a3b3f000 r-xp 00000000 fd:06 130156041                  /opt/R/R-4.0.3/lib64/R/library/xml2/libs/xml2.so
7f55a3b3f000-7f55a3d3f000 ---p 00024000 fd:06 130156041                  /opt/R/R-4.0.3/lib64/R/library/xml2/libs/xml2.so
7f55a3d3f000-7f55a3d40000 r--p 00024000 fd:06 130156041                  /opt/R/R-4.0.3/lib64/R/library/xml2/libs/xml2.so
7f55a3d40000-7f55a3d41000 rw-p 00025000 fd:06 130156041                  /opt/R/R-4.0.3/lib64/R/library/xml2/libs/xml2.so
7f55a3d41000-7f55a3df8000 r-xp 00000000 fd:06 149383215                  /opt/R/R-4.0.3/lib64/R/library/readr/libs/readr.so
7f55a3df8000-7f55a3ff7000 ---p 000b7000 fd:06 149383215                  /opt/R/R-4.0.3/lib64/R/library/readr/libs/readr.so
7f55a3ff7000-7f55a3ffa000 r--p 000b6000 fd:06 149383215                  /opt/R/R-4.0.3/lib64/R/library/readr/libs/readr.so
7f55a3ffa000-7f55a3ffb000 rw-p 000b9000 fd:06 149383215                  /opt/R/R-4.0.3/lib64/R/library/readr/libs/readr.so
7f55a3ffb000-7f55a4000000 rw-p 00000000 00:00 0 
7f55a4000000-7f55a4021000 rw-p 00000000 00:00 0 
7f55a4021000-7f55a8000000 ---p 00000000 00:00 0 
7f55a806e000-7f55a80b6000 r-xp 00000000 00:38 51683623                   /home/c242664/R/x86_64-pc-linux-gnu-library/4.0/lubridate/libs/lubridate.so
7f55a80b6000-7f55a82b5000 ---p 00048000 00:38 51683623                   /home/c242664/R/x86_64-pc-linux-gnu-library/4.0/lubridate/libs/lubridate.so
7f55a82b5000-7f55a82b6000 r--p 00047000 00:38 51683623                   /home/c242664/R/x86_64-pc-linux-gnu-library/4.0/lubridate/libs/lubridate.so
7f55a82b6000-7f55a82b7000 rw-p 00048000 00:38 51683623                   /home/c242664/R/x86_64-pc-linux-gnu-library/4.0/lubridate/libs/lubridate.so
7f55a82b7000-7f55a82c5000 r-xp 00000000 00:38 122835462                  /home/c242664/R/x86_64-pc-linux-gnu-library/4.0/jsonlite/libs/jsonlite.so
7f55a82c5000-7f55a84c5000 ---p 0000e000 00:38 122835462                  /home/c242664/R/x86_64-pc-linux-gnu-library/4.0/jsonlite/libs/jsonlite.so
7f55a84c5000-7f55a84c6000 r--p 0000e000 00:38 122835462                  /home/c242664/R/x86_64-pc-linux-gnu-library/4.0/jsonlite/libs/jsonlite.so
7f55a84c6000-7f55a84c7000 rw-p 0000f000 00:38 122835462                  /home/c242664/R/x86_64-pc-linux-gnu-library/4.0/jsonlite/libs/jsonlite.so
7f55a84c7000-7f55a8544000 r-xp 00000000 00:38 29491021                   /home/c242664/R/x86_64-pc-linux-gnu-library/4.0/haven/libs/haven.so
7f55a8544000-7f55a8744000 ---p 0007d000 00:38 29491021                   /home/c242664/R/x86_64-pc-linux-gnu-library/4.0/haven/libs/haven.so
7f55a8744000-7f55a8745000 r--p 0007d000 00:38 29491021                   /home/c242664/R/x86_64-pc-linux-gnu-library/4.0/haven/libs/haven.so
7f55a8745000-7f55a8748000 rw-p 0007e000 00:38 29491021                   /home/c242664/R/x86_64-pc-linux-gnu-library/4.0/haven/libs/haven.so
7f55a8748000-7f55a8749000 rw-p 00000000 00:00 0 
7f55a8749000-7f55a8754000 r-xp 00000000 fd:06 265313706                  /opt/R/R-4.0.3/lib64/R/library/colorspace/libs/colorspace.so
7f55a8754000-7f55a8953000 ---p 0000b000 fd:06 265313706                  /opt/R/R-4.0.3/lib64/R/library/colorspace/libs/colorspace.so
7f55a8953000-7f55a8954000 r--p 0000a000 fd:06 265313706                  /opt/R/R-4.0.3/lib64/R/library/colorspace/libs/colorspace.so
7f55a8954000-7f55a8955000 rw-p 0000b000 fd:06 265313706                  /opt/R/R-4.0.3/lib64/R/library/colorspace/libs/colorspace.so
7f55a8955000-7f55a8956000 r-xp 00000000 fd:06 138064915                  /opt/R/R-4.0.3/lib64/R/library/backports/libs/backports.so
7f55a8956000-7f55a8b55000 ---p 00001000 fd:06 138064915                  /opt/R/R-4.0.3/lib64/R/library/backports/libs/backports.so
7f55a8b55000-7f55a8b56000 r--p 00000000 fd:06 138064915                  /opt/R/R-4.0.3/lib64/R/library/backports/libs/backports.so
7f55a8b56000-7f55a8b57000 rw-p 00001000 fd:06 138064915                  /opt/R/R-4.0.3/lib64/R/library/backports/libs/backports.so
7f55a8b57000-7f55a8b86000 r-xp 00000000 00:38 122363532                  /home/c242664/R/x86_64-pc-linux-gnu-library/4.0/tidyr/libs/tidyr.so
7f55a8b86000-7f55a8d86000 ---p 0002f000 00:38 122363532                  /home/c242664/R/x86_64-pc-linux-gnu-library/4.0/tidyr/libs/tidyr.so
7f55a8d86000-7f55a8d87000 r--p 0002f000 00:38 122363532                  /home/c242664/R/x86_64-pc-linux-gnu-library/4.0/tidyr/libs/tidyr.so
7f55a8d87000-7f55a8d88000 rw-p 00030000 00:38 122363532                  /home/c242664/R/x86_64-pc-linux-gnu-library/4.0/tidyr/libs/tidyr.so
7f55a8d88000-7f55a8dc8000 r-xp 00000000 fd:06 167950895                  /opt/R/R-4.0.3/lib64/R/library/fs/libs/fs.so
7f55a8dc8000-7f55a8fc8000 ---p 00040000 fd:06 167950895                  /opt/R/R-4.0.3/lib64/R/library/fs/libs/fs.so
7f55a8fc8000-7f55a8fc9000 r--p 00040000 fd:06 167950895                  /opt/R/R-4.0.3/lib64/R/library/fs/libs/fs.so
7f55a8fc9000-7f55a8fca000 rw-p 00041000 fd:06 167950895                  /opt/R/R-4.0.3/lib64/R/library/fs/libs/fs.so
7f55a8fca000-7f55a8fcb000 rw-p 00000000 00:00 0 
7f55a8fcb000-7f55a902a000 r-xp 00000000 fd:06 183756850                  /opt/R/R-4.0.3/lib64/R/library/readxl/libs/readxl.so
7f55a902a000-7f55a9229000 ---p 0005f000 fd:06 183756850                  /opt/R/R-4.0.3/lib64/R/library/readxl/libs/readxl.so
7f55a9229000-7f55a922a000 r--p 0005e000 fd:06 183756850                  /opt/R/R-4.0.3/lib64/R/library/readxl/libs/readxl.so
7f55a922a000-7f55a922c000 rw-p 0005f000 fd:06 183756850                  /opt/R/R-4.0.3/lib64/R/library/readxl/libs/readxl.so
7f55a922c000-7f55a922d000 rw-p 00000000 00:00 0 
7f55a922d000-7f55a92c5000 r--s 00420000 fd:06 122282555                  /opt/R/R-4.0.3/lib64/R/library/xlsxjars/java/poi-ooxml-schemas-3.10.1-20140818.jar
7f55a92c5000-7f55a92dd000 r-xp 00000000 fd:00 4434959                    /usr/lib/jvm/java-1.8.0-openjdk-1.8.0.322.b06-1.el7_9.x86_64/jre/lib/amd64/libnet.so
7f55a92dd000-7f55a94dc000 ---p 00018000 fd:00 4434959                    /usr/lib/jvm/java-1.8.0-openjdk-1.8.0.322.b06-1.el7_9.x86_64/jre/lib/amd64/libnet.so
7f55a94dc000-7f55a94dd000 r--p 00017000 fd:00 4434959                    /usr/lib/jvm/java-1.8.0-openjdk-1.8.0.322.b06-1.el7_9.x86_64/jre/lib/amd64/libnet.so
7f55a94dd000-7f55a94de000 rw-p 00018000 fd:00 4434959                    /usr/lib/jvm/java-1.8.0-openjdk-1.8.0.322.b06-1.el7_9.x86_64/jre/lib/amd64/libnet.so
7f55a94de000-7f55a94f0000 r-xp 00000000 fd:00 4434960                    /usr/lib/jvm/java-1.8.0-openjdk-1.8.0.322.b06-1.el7_9.x86_64/jre/lib/amd64/libnio.so
7f55a94f0000-7f55a96ef000 ---p 00012000 fd:00 4434960                    /usr/lib/jvm/java-1.8.0-openjdk-1.8.0.322.b06-1.el7_9.x86_64/jre/lib/amd64/libnio.so
7f55a96ef000-7f55a96f0000 r--p 00011000 fd:00 4434960                    /usr/lib/jvm/java-1.8.0-openjdk-1.8.0.322.b06-1.el7_9.x86_64/jre/lib/amd64/libnio.so
7f55a96f0000-7f55a96f1000 rw-p 00012000 fd:00 4434960                    /usr/lib/jvm/java-1.8.0-openjdk-1.8.0.322.b06-1.el7_9.x86_64/jre/lib/amd64/libnio.so
7f55a96f1000-7f55a96f2000 ---p 00000000 00:00 0 
7f55a96f2000-7f55a97f2000 rw-p 00000000 00:00 0 
7f55a97f2000-7f55a97f5000 ---p 00000000 00:00 0 
7f55a97f5000-7f55a99f3000 rw-p 00000000 00:00 0 
7f55a99f3000-7f55a99f7000 ---p 00000000 00:00 0 
7f55a99f7000-7f55a9af4000 rw-p 00000000 00:00 0 
7f55a9af4000-7f55a9af8000 ---p 00000000 00:00 0 
7f55a9af8000-7f55a9bf5000 rw-p 00000000 00:00 0 
7f55a9bf5000-7f55a9bf9000 ---p 00000000 00:00 0 
7f55a9bf9000-7f55a9cf6000 rw-p 00000000 00:00 0 
7f55a9cf6000-7f55a9cfa000 ---p 00000000 00:00 0 
7f55a9cfa000-7f55a9df7000 rw-p 00000000 00:00 0 
7f55a9df7000-7f55a9dfb000 ---p 00000000 00:00 0 
7f55a9dfb000-7f55a9ef8000 rw-p 00000000 00:00 0 
7f55a9ef8000-7f55a9efc000 ---p 00000000 00:00 0 
7f55a9efc000-7f55a9ff9000 rw-p 00000000 00:00 0 
7f55a9ff9000-7f55a9ffd000 ---p 00000000 00:00 0 
7f55a9ffd000-7f55aa0fa000 rw-p 00000000 00:00 0 
7f55aa0fa000-7f55aa0fe000 ---p 00000000 00:00 0 
7f55aa0fe000-7f55aa1fb000 rw-p 00000000 00:00 0 
7f55aa1fb000-7f55aa1ff000 ---p 00000000 00:00 0 
7f55aa1ff000-7f55aa2fc000 rw-p 00000000 00:00 0 
7f55aa2fc000-7f55aa300000 ---p 00000000 00:00 0 
7f55aa300000-7f55aa3fd000 rw-p 00000000 00:00 0 
7f55aa3fd000-7f55aa401000 ---p 00000000 00:00 0 
7f55aa401000-7f55aa4fe000 rw-p 00000000 00:00 0 
7f55aa4fe000-7f55aa502000 ---p 00000000 00:00 0 
7f55aa502000-7f55aa5ff000 rw-p 00000000 00:00 0 
7f55aa5ff000-7f55aa602000 ---p 00000000 00:00 0 
7f55aa602000-7f55aaf00000 rw-p 00000000 00:00 0 
7f55aaf00000-7f55ab000000 ---p 00000000 00:00 0 
7f55ab000000-7f55ac000000 rw-p 00000000 00:00 0 
7f55ac000000-7f55ac021000 rw-p 00000000 00:00 0 
7f55ac021000-7f55b0000000 ---p 00000000 00:00 0 
7f55b0000000-7f55b0021000 rw-p 00000000 00:00 0 
7f55b0021000-7f55b4000000 ---p 00000000 00:00 0 
7f55b4000000-7f55b4021000 rw-p 00000000 00:00 0 
7f55b4021000-7f55b8000000 ---p 00000000 00:00 0 
7f55b8000000-7f55b8021000 rw-p 00000000 00:00 0 
7f55b8021000-7f55bc000000 ---p 00000000 00:00 0 
7f55bc000000-7f55bc021000 rw-p 00000000 00:00 0 
7f55bc021000-7f55c0000000 ---p 00000000 00:00 0 
7f55c0000000-7f55c0021000 rw-p 00000000 00:00 0 
7f55c0021000-7f55c4000000 ---p 00000000 00:00 0 
7f55c4000000-7f55c4021000 rw-p 00000000 00:00 0 
7f55c4021000-7f55c8000000 ---p 00000000 00:00 0 
7f55c8000000-7f55d8000000 rw-p 00000000 00:00 0 
7f55d8000000-7f55d8021000 rw-p 00000000 00:00 0 
7f55d8021000-7f55dc000000 ---p 00000000 00:00 0 
7f55dc000000-7f55dc021000 rw-p 00000000 00:00 0 
7f55dc021000-7f55e0000000 ---p 00000000 00:00 0 
7f55e0000000-7f55e0021000 rw-p 00000000 00:00 0 
7f55e0021000-7f55e4000000 ---p 00000000 00:00 0 
7f55e4000000-7f55e4021000 rw-p 00000000 00:00 0 
7f55e4021000-7f55e8000000 ---p 00000000 00:00 0 
7f55e8000000-7f55e8021000 rw-p 00000000 00:00 0 
7f55e8021000-7f55ec000000 ---p 00000000 00:00 0 
7f55ec032000-7f55ec035000 ---p 00000000 00:00 0 
7f55ec035000-7f55ec233000 rw-p 00000000 00:00 0 
7f55ec233000-7f55ec236000 ---p 00000000 00:00 0 
7f55ec236000-7f55ec434000 rw-p 00000000 00:00 0 
7f55ec434000-7f55ec435000 ---p 00000000 00:00 0 
7f55ec435000-7f55ec535000 rw-p 00000000 00:00 0 
7f55ec535000-7f55ec707000 r--s 044a8000 fd:00 3146857                    /usr/lib/jvm/java-1.8.0-openjdk-1.8.0.322.b06-1.el7_9.x86_64/jre/lib/rt.jar
7f55ec707000-7f55ec708000 ---p 00000000 00:00 0 
7f55ec708000-7f55ec808000 rw-p 00000000 00:00 0 
7f55ec808000-7f55ec809000 ---p 00000000 00:00 0 
7f55ec809000-7f55ec909000 rw-p 00000000 00:00 0 
7f55ec909000-7f55ec90a000 ---p 00000000 00:00 0 
7f55ec90a000-7f55eca0a000 rw-p 00000000 00:00 0 
7f55eca0a000-7f55eca0b000 ---p 00000000 00:00 0 
7f55eca0b000-7f55ecb0b000 rw-p 00000000 00:00 0 
7f55ecb0b000-7f55ecb0c000 ---p 00000000 00:00 0 
7f55ecb0c000-7f55ecc0c000 rw-p 00000000 00:00 0 
7f55ecc0c000-7f55ecc0d000 ---p 00000000 00:00 0 
7f55ecc0d000-7f55ecd0d000 rw-p 00000000 00:00 0 
7f55ecd0d000-7f55ecd0e000 ---p 00000000 00:00 0 
7f55ecd0e000-7f55ece0e000 rw-p 00000000 00:00 0 
7f55ece0e000-7f55ece0f000 ---p 00000000 00:00 0 
7f55ece0f000-7f55ecf0f000 rw-p 00000000 00:00 0 
7f55ecf0f000-7f55ecf10000 ---p 00000000 00:00 0 
7f55ecf10000-7f55ed010000 rw-p 00000000 00:00 0 
7f55ed010000-7f55ed011000 ---p 00000000 00:00 0 
7f55ed011000-7f55ed111000 rw-p 00000000 00:00 0 
7f55ed111000-7f55ed112000 ---p 00000000 00:00 0 
7f55ed112000-7f55ed212000 rw-p 00000000 00:00 0 
7f55ed212000-7f55ed213000 ---p 00000000 00:00 0 
7f55ed213000-7f55ed313000 rw-p 00000000 00:00 0 
7f55ed313000-7f55ed314000 ---p 00000000 00:00 0 
7f55ed314000-7f55ed414000 rw-p 00000000 00:00 0 
7f55ed414000-7f55ed415000 ---p 00000000 00:00 0 
7f55ed415000-7f55ed515000 rw-p 00000000 00:00 0 
7f55ed515000-7f55ed516000 ---p 00000000 00:00 0 
7f55ed516000-7f55ed616000 rw-p 00000000 00:00 0 
7f55ed616000-7f55ed617000 ---p 00000000 00:00 0 
7f55ed617000-7f55ed9c2000 rw-p 00000000 00:00 0 
7f55ed9c2000-7f55ee1c2000 ---p 00000000 00:00 0 
7f55ee1c2000-7f55ee46d000 rw-p 00000000 00:00 0 
7f55ee46d000-7f55eec6c000 ---p 00000000 00:00 0 
7f55eec6c000-7f55eedc2000 rw-p 00000000 00:00 0 
7f55eedc2000-7f55ef1c2000 ---p 00000000 00:00 0 
7f55ef1c2000-7f55ef1d5000 rw-p 00000000 00:00 0 
7f55ef1d5000-7f55ef583000 ---p 00000000 00:00 0 
7f55ef583000-7f55ef9e3000 rwxp 00000000 00:00 0 
7f55ef9e3000-7f55fe583000 ---p 00000000 00:00 0 
7f55fe583000-7f55fe58b000 r-xp 00000000 fd:00 4434967                    /usr/lib/jvm/java-1.8.0-openjdk-1.8.0.322.b06-1.el7_9.x86_64/jre/lib/amd64/libzip.so
7f55fe58b000-7f55fe78a000 ---p 00008000 fd:00 4434967                    /usr/lib/jvm/java-1.8.0-openjdk-1.8.0.322.b06-1.el7_9.x86_64/jre/lib/amd64/libzip.so
7f55fe78a000-7f55fe78b000 r--p 00007000 fd:00 4434967                    /usr/lib/jvm/java-1.8.0-openjdk-1.8.0.322.b06-1.el7_9.x86_64/jre/lib/amd64/libzip.so
7f55fe78b000-7f55fe78c000 rw-p 00008000 fd:00 4434967                    /usr/lib/jvm/java-1.8.0-openjdk-1.8.0.322.b06-1.el7_9.x86_64/jre/lib/amd64/libzip.so
7f55fe78c000-7f55fe7b6000 r-xp 00000000 fd:00 4434949                    /usr/lib/jvm/java-1.8.0-openjdk-1.8.0.322.b06-1.el7_9.x86_64/jre/lib/amd64/libjava.so
7f55fe7b6000-7f55fe9b5000 ---p 0002a000 fd:00 4434949                    /usr/lib/jvm/java-1.8.0-openjdk-1.8.0.322.b06-1.el7_9.x86_64/jre/lib/amd64/libjava.so
7f55fe9b5000-7f55fe9b6000 r--p 00029000 fd:00 4434949                    /usr/lib/jvm/java-1.8.0-openjdk-1.8.0.322.b06-1.el7_9.x86_64/jre/lib/amd64/libjava.so
7f55fe9b6000-7f55fe9b8000 rw-p 0002a000 fd:00 4434949                    /usr/lib/jvm/java-1.8.0-openjdk-1.8.0.322.b06-1.el7_9.x86_64/jre/lib/amd64/libjava.so
7f56c5cd8000-7f56cdcd9000 rw-p 00000000 00:00 0 
7f57105e2000-7f5710682000 rw-p 00000000 00:00 0 
7f5719dbf000-7f5719dc0000 ---p 00000000 00:00 0 
7f5719dc0000-7f5719ec0000 rw-p 00000000 00:00 0 
7f5719ec0000-7f5719ecd000 r-xp 00000000 fd:00 4434966                    /usr/lib/jvm/java-1.8.0-openjdk-1.8.0.322.b06-1.el7_9.x86_64/jre/lib/amd64/libverify.so
7f5719ecd000-7f571a0cc000 ---p 0000d000 fd:00 4434966                    /usr/lib/jvm/java-1.8.0-openjdk-1.8.0.322.b06-1.el7_9.x86_64/jre/lib/amd64/libverify.so
7f571a0cc000-7f571a0ce000 r--p 0000c000 fd:00 4434966                    /usr/lib/jvm/java-1.8.0-openjdk-1.8.0.322.b06-1.el7_9.x86_64/jre/lib/amd64/libverify.so
7f571a0ce000-7f571a0cf000 rw-p 0000e000 fd:00 4434966                    /usr/lib/jvm/java-1.8.0-openjdk-1.8.0.322.b06-1.el7_9.x86_64/jre/lib/amd64/libverify.so
7f571a0cf000-7f571ae6c000 r-xp 00000000 fd:00 10542641                   /usr/lib/jvm/java-1.8.0-openjdk-1.8.0.322.b06-1.el7_9.x86_64/jre/lib/amd64/server/libjvm.so
7f571ae6c000-7f571b06b000 ---p 00d9d000 fd:00 10542641                   /usr/lib/jvm/java-1.8.0-openjdk-1.8.0.322.b06-1.el7_9.x86_64/jre/lib/amd64/server/libjvm.so
7f571b06b000-7f571b119000 r--p 00d9c000 fd:00 10542641                   /usr/lib/jvm/java-1.8.0-openjdk-1.8.0.322.b06-1.el7_9.x86_64/jre/lib/amd64/server/libjvm.so
7f571b119000-7f571b144000 rw-p 00e4a000 fd:00 10542641                   /usr/lib/jvm/java-1.8.0-openjdk-1.8.0.322.b06-1.el7_9.x86_64/jre/lib/amd64/server/libjvm.so
7f571b144000-7f571b17a000 rw-p 00000000 00:00 0 
7f571b17a000-7f571b18a000 r-xp 00000000 fd:06 51725842                   /opt/R/R-4.0.3/lib64/R/library/rJava/libs/rJava.so
7f571b18a000-7f571b389000 ---p 00010000 fd:06 51725842                   /opt/R/R-4.0.3/lib64/R/library/rJava/libs/rJava.so
7f571b389000-7f571b38a000 r--p 0000f000 fd:06 51725842                   /opt/R/R-4.0.3/lib64/R/library/rJava/libs/rJava.so
7f571b38a000-7f571b38b000 rw-p 00010000 fd:06 51725842                   /opt/R/R-4.0.3/lib64/R/library/rJava/libs/rJava.so
7f586c000000-7f586c7d6000 rw-p 00000000 00:00 0 
7f586c7d6000-7f5870000000 ---p 00000000 00:00 0 
7f587000a000-7f587000b000 ---p 00000000 00:00 0 
7f587000b000-7f587010b000 rw-p 00000000 00:00 0 
7f587010b000-7f587010c000 r-xp 00000000 fd:06 124833190                  /opt/R/R-4.0.3/lib64/R/library/gtools/libs/gtools.so
7f587010c000-7f587030c000 ---p 00001000 fd:06 124833190                  /opt/R/R-4.0.3/lib64/R/library/gtools/libs/gtools.so
7f587030c000-7f587030d000 r--p 00001000 fd:06 124833190                  /opt/R/R-4.0.3/lib64/R/library/gtools/libs/gtools.so
7f587030d000-7f587030e000 rw-p 00002000 fd:06 124833190                  /opt/R/R-4.0.3/lib64/R/library/gtools/libs/gtools.so
7f587030e000-7f587032c000 r-xp 00000000 fd:06 297541135                  /opt/R/R-4.0.3/lib64/R/library/plyr/libs/plyr.so
7f587032c000-7f587052c000 ---p 0001e000 fd:06 297541135                  /opt/R/R-4.0.3/lib64/R/library/plyr/libs/plyr.so
7f587052c000-7f587052d000 r--p 0001e000 fd:06 297541135                  /opt/R/R-4.0.3/lib64/R/library/plyr/libs/plyr.so
7f587052d000-7f587052e000 rw-p 0001f000 fd:06 297541135                  /opt/R/R-4.0.3/lib64/R/library/plyr/libs/plyr.so
7f587052e000-7f587059c000 r-xp 00000000 fd:06 26067497                   /opt/R/R-4.0.3/lib64/R/library/Rcpp/libs/Rcpp.so
7f587059c000-7f587079b000 ---p 0006e000 fd:06 26067497                   /opt/R/R-4.0.3/lib64/R/library/Rcpp/libs/Rcpp.so
7f587079b000-7f587079d000 r--p 0006d000 fd:06 26067497                   /opt/R/R-4.0.3/lib64/R/library/Rcpp/libs/Rcpp.so
7f587079d000-7f587079f000 rw-p 0006f000 fd:06 26067497                   /opt/R/R-4.0.3/lib64/R/library/Rcpp/libs/Rcpp.so
7f587079f000-7f58707a6000 rw-p 00000000 00:00 0 
7f5884000000-7f5884021000 rw-p 00000000 00:00 0 
7f5884021000-7f5888000000 ---p 00000000 00:00 0 
7f5888290000-7f58882ae000 r-xp 00000000 fd:00 8542421                    /usr/lib64/libgssrpc.so.4.2
7f58882ae000-7f58884ae000 ---p 0001e000 fd:00 8542421                    /usr/lib64/libgssrpc.so.4.2
7f58884ae000-7f58884af000 r--p 0001e000 fd:00 8542421                    /usr/lib64/libgssrpc.so.4.2
7f58884af000-7f58884b0000 rw-p 0001f000 fd:00 8542421                    /usr/lib64/libgssrpc.so.4.2
7f58884b0000-7f58884cb000 r-xp 00000000 fd:00 14709285                   /usr/lib64/gssproxy/proxymech.so
7f58884cb000-7f58886cb000 ---p 0001b000 fd:00 14709285                   /usr/lib64/gssproxy/proxymech.so
7f58886cb000-7f58886cc000 r--p 0001b000 fd:00 14709285                   /usr/lib64/gssproxy/proxymech.so
7f58886cc000-7f58886cd000 rw-p 0001c000 fd:00 14709285                   /usr/lib64/gssproxy/proxymech.so
7f58886cd000-7f58886ce000 ---p 00000000 00:00 0 
7f58886ce000-7f5888ece000 rw-p 00000000 00:00 0 
7f5888ece000-7f5888ecf000 ---p 00000000 00:00 0 
7f5888ecf000-7f58896cf000 rw-p 00000000 00:00 0 
7f58896cf000-7f58896d0000 ---p 00000000 00:00 0 
7f58896d0000-7f5889ed0000 rw-p 00000000 00:00 0 
7f5889ed0000-7f5889ee5000 r-xp 00000000 fd:06 257058842                  /opt/R/R-4.0.3/lib64/R/library/tools/libs/tools.so
7f5889ee5000-7f588a0e5000 ---p 00015000 fd:06 257058842                  /opt/R/R-4.0.3/lib64/R/library/tools/libs/tools.so
7f588a0e5000-7f588a0e6000 r--p 00015000 fd:06 257058842                  /opt/R/R-4.0.3/lib64/R/library/tools/libs/tools.so
7f588a0e6000-7f588a0e7000 rw-p 00016000 fd:06 257058842                  /opt/R/R-4.0.3/lib64/R/library/tools/libs/tools.so
7f588a0e7000-7f588a0e9000 r-xp 00000000 fd:06 93505054                   /opt/R/R-4.0.3/lib64/R/library/xfun/libs/xfun.so
7f588a0e9000-7f588a2e8000 ---p 00002000 fd:06 93505054                   /opt/R/R-4.0.3/lib64/R/library/xfun/libs/xfun.so
7f588a2e8000-7f588a2e9000 r--p 00001000 fd:06 93505054                   /opt/R/R-4.0.3/lib64/R/library/xfun/libs/xfun.so
7f588a2e9000-7f588a2ea000 rw-p 00002000 fd:06 93505054                   /opt/R/R-4.0.3/lib64/R/library/xfun/libs/xfun.so
7f588a2ea000-7f588a367000 r-xp 00000000 fd:06 264393738                  /opt/R/R-4.0.3/lib64/R/library/data.table/libs/datatable.so
7f588a367000-7f588a566000 ---p 0007d000 fd:06 264393738                  /opt/R/R-4.0.3/lib64/R/library/data.table/libs/datatable.so
7f588a566000-7f588a567000 r--p 0007c000 fd:06 264393738                  /opt/R/R-4.0.3/lib64/R/library/data.table/libs/datatable.so
7f588a567000-7f588a568000 rw-p 0007d000 fd:06 264393738                  /opt/R/R-4.0.3/lib64/R/library/data.table/libs/datatable.so
7f588a568000-7f588a56a000 rw-p 00000000 00:00 0 
7f588a56a000-7f588a56c000 r-xp 00000000 fd:06 2072700                    /opt/R/R-4.0.3/lib64/R/library/htmltools/libs/htmltools.so
7f588a56c000-7f588a76b000 ---p 00002000 fd:06 2072700                    /opt/R/R-4.0.3/lib64/R/library/htmltools/libs/htmltools.so
7f588a76b000-7f588a76c000 r--p 00001000 fd:06 2072700                    /opt/R/R-4.0.3/lib64/R/library/htmltools/libs/htmltools.so
7f588a76c000-7f588a76d000 rw-p 00002000 fd:06 2072700                    /opt/R/R-4.0.3/lib64/R/library/htmltools/libs/htmltools.so
7f588a76d000-7f588a78f000 r-xp 00000000 fd:06 128087554                  /opt/R/R-4.0.3/lib64/R/library/digest/libs/digest.so
7f588a78f000-7f588a98e000 ---p 00022000 fd:06 128087554                  /opt/R/R-4.0.3/lib64/R/library/digest/libs/digest.so
7f588a98e000-7f588a98f000 r--p 00021000 fd:06 128087554                  /opt/R/R-4.0.3/lib64/R/library/digest/libs/digest.so
7f588a98f000-7f588a990000 rw-p 00022000 fd:06 128087554                  /opt/R/R-4.0.3/lib64/R/library/digest/libs/digest.so
7f588a990000-7f588a992000 rw-p 00000000 00:00 0 
7f588a992000-7f588a99e000 r-xp 00000000 00:38 122357488                  /home/c242664/R/x86_64-pc-linux-gnu-library/4.0/dplyr/libs/dplyr.so
7f588a99e000-7f588ab9d000 ---p 0000c000 00:38 122357488                  /home/c242664/R/x86_64-pc-linux-gnu-library/4.0/dplyr/libs/dplyr.so
7f588ab9d000-7f588ab9e000 r--p 0000b000 00:38 122357488                  /home/c242664/R/x86_64-pc-linux-gnu-library/4.0/dplyr/libs/dplyr.so
7f588ab9e000-7f588ab9f000 rw-p 0000c000 00:38 122357488                  /home/c242664/R/x86_64-pc-linux-gnu-library/4.0/dplyr/libs/dplyr.so
7f588ab9f000-7f588aba7000 r-xp 00000000 fd:06 208827411                  /opt/R/R-4.0.3/lib64/R/library/purrr/libs/purrr.so
7f588aba7000-7f588ada6000 ---p 00008000 fd:06 208827411                  /opt/R/R-4.0.3/lib64/R/library/purrr/libs/purrr.so
7f588ada6000-7f588ada7000 r--p 00007000 fd:06 208827411                  /opt/R/R-4.0.3/lib64/R/library/purrr/libs/purrr.so
7f588ada7000-7f588ada8000 rw-p 00008000 fd:06 208827411                  /opt/R/R-4.0.3/lib64/R/library/purrr/libs/purrr.so
7f588ada8000-7f588adab000 r-xp 00000000 00:38 122241712                  /home/c242664/R/x86_64-pc-linux-gnu-library/4.0/tibble/libs/tibble.so
7f588adab000-7f588afaa000 ---p 00003000 00:38 122241712                  /home/c242664/R/x86_64-pc-linux-gnu-library/4.0/tibble/libs/tibble.so
7f588afaa000-7f588afab000 r--p 00002000 00:38 122241712                  /home/c242664/R/x86_64-pc-linux-gnu-library/4.0/tibble/libs/tibble.so
7f588afab000-7f588afac000 rw-p 00003000 00:38 122241712                  /home/c242664/R/x86_64-pc-linux-gnu-library/4.0/tibble/libs/tibble.so
7f588afac000-7f588aff6000 r-xp 00000000 fd:06 77881349                   /opt/R/R-4.0.3/lib64/R/library/utf8/libs/utf8.so
7f588aff6000-7f588b1f5000 ---p 0004a000 fd:06 77881349                   /opt/R/R-4.0.3/lib64/R/library/utf8/libs/utf8.so
7f588b1f5000-7f588b1f6000 r--p 00049000 fd:06 77881349                   /opt/R/R-4.0.3/lib64/R/library/utf8/libs/utf8.so
7f588b1f6000-7f588b1f7000 rw-p 0004a000 fd:06 77881349                   /opt/R/R-4.0.3/lib64/R/library/utf8/libs/utf8.so
7f588b1f7000-7f588b20b000 r-xp 00000000 fd:06 86265911                   /opt/R/R-4.0.3/lib64/R/library/fansi/libs/fansi.so
7f588b20b000-7f588b40a000 ---p 00014000 fd:06 86265911                   /opt/R/R-4.0.3/lib64/R/library/fansi/libs/fansi.so
7f588b40a000-7f588b40b000 r--p 00013000 fd:06 86265911                   /opt/R/R-4.0.3/lib64/R/library/fansi/libs/fansi.so
7f588b40b000-7f588b40c000 rw-p 00014000 fd:06 86265911                   /opt/R/R-4.0.3/lib64/R/library/fansi/libs/fansi.so
7f588b40c000-7f588b40e000 r-xp 00000000 00:38 21223999                   /home/c242664/R/x86_64-pc-linux-gnu-library/4.0/ellipsis/libs/ellipsis.so
7f588b40e000-7f588b60d000 ---p 00002000 00:38 21223999                   /home/c242664/R/x86_64-pc-linux-gnu-library/4.0/ellipsis/libs/ellipsis.so
7f588b60d000-7f588b60e000 r--p 00001000 00:38 21223999                   /home/c242664/R/x86_64-pc-linux-gnu-library/4.0/ellipsis/libs/ellipsis.so
7f588b60e000-7f588b60f000 rw-p 00002000 00:38 21223999                   /home/c242664/R/x86_64-pc-linux-gnu-library/4.0/ellipsis/libs/ellipsis.so
7f588b60f000-7f588b612000 r-xp 00000000 00:38 15907775                   /home/c242664/R/x86_64-pc-linux-gnu-library/4.0/magrittr/libs/magrittr.so
7f588b612000-7f588b811000 ---p 00003000 00:38 15907775                   /home/c242664/R/x86_64-pc-linux-gnu-library/4.0/magrittr/libs/magrittr.so
7f588b811000-7f588b812000 r--p 00002000 00:38 15907775                   /home/c242664/R/x86_64-pc-linux-gnu-library/4.0/magrittr/libs/magrittr.so
7f588b812000-7f588b813000 rw-p 00003000 00:38 15907775                   /home/c242664/R/x86_64-pc-linux-gnu-library/4.0/magrittr/libs/magrittr.so
7f588b813000-7f588b815000 r-xp 00000000 00:38 122360197                  /home/c242664/R/x86_64-pc-linux-gnu-library/4.0/glue/libs/glue.so
7f588b815000-7f588ba15000 ---p 00002000 00:38 122360197                  /home/c242664/R/x86_64-pc-linux-gnu-library/4.0/glue/libs/glue.so
7f588ba15000-7f588ba16000 r--p 00002000 00:38 122360197                  /home/c242664/R/x86_64-pc-linux-gnu-library/4.0/glue/libs/glue.so
7f588ba16000-7f588ba17000 rw-p 00003000 00:38 122360197                  /home/c242664/R/x86_64-pc-linux-gnu-library/4.0/glue/libs/glue.so
7f588ba17000-7f588ba78000 r-xp 00000000 00:38 122362898                  /home/c242664/R/x86_64-pc-linux-gnu-library/4.0/vctrs/libs/vctrs.so
7f588ba78000-7f588bc77000 ---p 00061000 00:38 122362898                  /home/c242664/R/x86_64-pc-linux-gnu-library/4.0/vctrs/libs/vctrs.so
7f588bc77000-7f588bc79000 r--p 00060000 00:38 122362898                  /home/c242664/R/x86_64-pc-linux-gnu-library/4.0/vctrs/libs/vctrs.so
7f588bc79000-7f588bc7a000 rw-p 00062000 00:38 122362898                  /home/c242664/R/x86_64-pc-linux-gnu-library/4.0/vctrs/libs/vctrs.so
7f588bc7a000-7f588bd3f000 rw-p 00000000 00:00 0 
7f588bd3f000-7f588bd73000 r-xp 00000000 00:38 122362663                  /home/c242664/R/x86_64-pc-linux-gnu-library/4.0/rlang/libs/rlang.so
7f588bd73000-7f588bf73000 ---p 00034000 00:38 122362663                  /home/c242664/R/x86_64-pc-linux-gnu-library/4.0/rlang/libs/rlang.so
7f588bf73000-7f588bf75000 r--p 00034000 00:38 122362663                  /home/c242664/R/x86_64-pc-linux-gnu-library/4.0/rlang/libs/rlang.so
7f588bf75000-7f588bf76000 rw-p 00036000 00:38 122362663                  /home/c242664/R/x86_64-pc-linux-gnu-library/4.0/rlang/libs/rlang.so
7f588bf76000-7f588c249000 rw-p 00000000 00:00 0 
7f588c249000-7f588c24a000 ---p 00000000 00:00 0 
7f588c24a000-7f588ca4a000 rw-p 00000000 00:00 0 
7f588ca4a000-7f588ca6b000 r-xp 00000000 00:38 122362272                  /home/c242664/R/x86_64-pc-linux-gnu-library/4.0/cli/libs/cli.so
7f588ca6b000-7f588cc6a000 ---p 00021000 00:38 122362272                  /home/c242664/R/x86_64-pc-linux-gnu-library/4.0/cli/libs/cli.so
7f588cc6a000-7f588cc6b000 r--p 00020000 00:38 122362272                  /home/c242664/R/x86_64-pc-linux-gnu-library/4.0/cli/libs/cli.so
7f588cc6b000-7f588cc6c000 rw-p 00021000 00:38 122362272                  /home/c242664/R/x86_64-pc-linux-gnu-library/4.0/cli/libs/cli.so
7f588cc6c000-7f588cc6e000 rw-p 00000000 00:00 0 
7f588cc6e000-7f588cd2f000 r-xp 00000000 fd:06 224572433                  /opt/R/R-4.0.3/lib64/R/library/Matrix/libs/Matrix.so
7f588cd2f000-7f588cf2f000 ---p 000c1000 fd:06 224572433                  /opt/R/R-4.0.3/lib64/R/library/Matrix/libs/Matrix.so
7f588cf2f000-7f588cf30000 r--p 000c1000 fd:06 224572433                  /opt/R/R-4.0.3/lib64/R/library/Matrix/libs/Matrix.so
7f588cf30000-7f588cf33000 rw-p 000c2000 fd:06 224572433                  /opt/R/R-4.0.3/lib64/R/library/Matrix/libs/Matrix.so
7f588cf33000-7f588d1e3000 rw-p 00000000 00:00 0 
7f588d1e3000-7f588d1e6000 r-xp 00000000 fd:06 60598900                   /opt/R/R-4.0.3/lib64/R/library/lattice/libs/lattice.so
7f588d1e6000-7f588d3e5000 ---p 00003000 fd:06 60598900                   /opt/R/R-4.0.3/lib64/R/library/lattice/libs/lattice.so
7f588d3e5000-7f588d3e6000 r--p 00002000 fd:06 60598900                   /opt/R/R-4.0.3/lib64/R/library/lattice/libs/lattice.so
7f588d3e6000-7f588d3e7000 rw-p 00003000 fd:06 60598900                   /opt/R/R-4.0.3/lib64/R/library/lattice/libs/lattice.so
7f588d3e7000-7f588d406000 r-xp 00000000 fd:06 4039180                    /opt/R/R-4.0.3/lib64/R/library/grid/libs/grid.so
7f588d406000-7f588d606000 ---p 0001f000 fd:06 4039180                    /opt/R/R-4.0.3/lib64/R/library/grid/libs/grid.so
7f588d606000-7f588d607000 r--p 0001f000 fd:06 4039180                    /opt/R/R-4.0.3/lib64/R/library/grid/libs/grid.so
7f588d607000-7f588d608000 rw-p 00020000 fd:06 4039180                    /opt/R/R-4.0.3/lib64/R/library/grid/libs/grid.so
7f588d608000-7f5891608000 rw-p 00000000 00:00 0 
7f5891608000-7f58916ac000 r-xp 00000000 fd:06 299811379                  /opt/R/R-4.0.3/lib64/R/library/stats/libs/stats.so
7f58916ac000-7f58918ab000 ---p 000a4000 fd:06 299811379                  /opt/R/R-4.0.3/lib64/R/library/stats/libs/stats.so
7f58918ab000-7f58918ad000 r--p 000a3000 fd:06 299811379                  /opt/R/R-4.0.3/lib64/R/library/stats/libs/stats.so
7f58918ad000-7f58918af000 rw-p 000a5000 fd:06 299811379                  /opt/R/R-4.0.3/lib64/R/library/stats/libs/stats.so
7f58918af000-7f58918bb000 r-xp 00000000 fd:06 272882695                  /opt/R/R-4.0.3/lib64/R/library/utils/libs/utils.so
7f58918bb000-7f5891aba000 ---p 0000c000 fd:06 272882695                  /opt/R/R-4.0.3/lib64/R/library/utils/libs/utils.so
7f5891aba000-7f5891abb000 r--p 0000b000 fd:06 272882695                  /opt/R/R-4.0.3/lib64/R/library/utils/libs/utils.so
7f5891abb000-7f5891abc000 rw-p 0000c000 fd:06 272882695                  /opt/R/R-4.0.3/lib64/R/library/utils/libs/utils.so
7f5891abc000-7f5891abd000 rw-p 00000000 00:00 0 
7f5891abd000-7f5898000000 r--p 00000000 fd:00 4499978                    /usr/lib/locale/locale-archive
7f5898000000-7f5898021000 rw-p 00000000 00:00 0 
7f5898021000-7f589c000000 ---p 00000000 00:00 0 
7f589c000000-7f589c08a000 rw-p 00000000 00:00 0 
7f589c08a000-7f58a0000000 ---p 00000000 00:00 0 
7f58a0000000-7f58a0021000 rw-p 00000000 00:00 0 
7f58a0021000-7f58a4000000 ---p 00000000 00:00 0 
7f58a4053000-7f58a409b000 r-xp 00000000 fd:06 293006378                  /opt/R/R-4.0.3/lib64/R/library/graphics/libs/graphics.so
7f58a409b000-7f58a429b000 ---p 00048000 fd:06 293006378                  /opt/R/R-4.0.3/lib64/R/library/graphics/libs/graphics.so
7f58a429b000-7f58a429c000 r--p 00048000 fd:06 293006378                  /opt/R/R-4.0.3/lib64/R/library/graphics/libs/graphics.so
7f58a429c000-7f58a429d000 rw-p 00049000 fd:06 293006378                  /opt/R/R-4.0.3/lib64/R/library/graphics/libs/graphics.so
7f58a429d000-7f58a42d3000 r-xp 00000000 fd:06 283116039                  /opt/R/R-4.0.3/lib64/R/library/grDevices/libs/grDevices.so
7f58a42d3000-7f58a44d3000 ---p 00036000 fd:06 283116039                  /opt/R/R-4.0.3/lib64/R/library/grDevices/libs/grDevices.so
7f58a44d3000-7f58a44d8000 r--p 00036000 fd:06 283116039                  /opt/R/R-4.0.3/lib64/R/library/grDevices/libs/grDevices.so
7f58a44d8000-7f58a44da000 rw-p 0003b000 fd:06 283116039                  /opt/R/R-4.0.3/lib64/R/library/grDevices/libs/grDevices.so
7f58a44da000-7f58a45c0000 rw-p 00000000 00:00 0 
7f58a45e0000-7f58a468c000 r--s 00000000 fd:05 12584510                   /var/db/nscd/passwd
7f58a468c000-7f58a47cd000 rw-p 00000000 00:00 0 
7f58a47cd000-7f58a47d6000 r-xp 00000000 fd:06 311102004                  /opt/R/R-4.0.3/lib64/R/library/methods/libs/methods.so
7f58a47d6000-7f58a49d5000 ---p 00009000 fd:06 311102004                  /opt/R/R-4.0.3/lib64/R/library/methods/libs/methods.so
7f58a49d5000-7f58a49d6000 r--p 00008000 fd:06 311102004                  /opt/R/R-4.0.3/lib64/R/library/methods/libs/methods.so
7f58a49d6000-7f58a49d7000 rw-p 00009000 fd:06 311102004                  /opt/R/R-4.0.3/lib64/R/library/methods/libs/methods.so
7f58a4a06000-7f58a4e13000 rw-p 00000000 00:00 0 
7f58a4e13000-7f58a4e14000 ---p 00000000 00:00 0 
7f58a4e14000-7f58a5614000 rw-p 00000000 00:00 0 
7f58a5614000-7f58a5615000 ---p 00000000 00:00 0 
7f58a5615000-7f58a5e15000 rw-p 00000000 00:00 0 
7f58a5e15000-7f58a5e16000 ---p 00000000 00:00 0 
7f58a5e16000-7f58a6616000 rw-p 00000000 00:00 0 
7f58a6616000-7f58a6617000 ---p 00000000 00:00 0 
7f58a6617000-7f58a6e17000 rw-p 00000000 00:00 0 
7f58a6e17000-7f58a6e19000 r-xp 00000000 fd:00 8389641                    /usr/lib64/libfreebl3.so
7f58a6e19000-7f58a7018000 ---p 00002000 fd:00 8389641                    /usr/lib64/libfreebl3.so
7f58a7018000-7f58a7019000 r--p 00001000 fd:00 8389641                    /usr/lib64/libfreebl3.so
7f58a7019000-7f58a701a000 rw-p 00002000 fd:00 8389641                    /usr/lib64/libfreebl3.so
7f58a701a000-7f58a7022000 r-xp 00000000 fd:00 8838673                    /usr/lib64/libcrypt-2.17.so
7f58a7022000-7f58a7221000 ---p 00008000 fd:00 8838673                    /usr/lib64/libcrypt-2.17.so
7f58a7221000-7f58a7222000 r--p 00007000 fd:00 8838673                    /usr/lib64/libcrypt-2.17.so
7f58a7222000-7f58a7223000 rw-p 00008000 fd:00 8838673                    /usr/lib64/libcrypt-2.17.so
7f58a7223000-7f58a7251000 rw-p 00000000 00:00 0 
7f58a7251000-7f58a7275000 r-xp 00000000 fd:00 8395674                    /usr/lib64/libselinux.so.1
7f58a7275000-7f58a7474000 ---p 00024000 fd:00 8395674                    /usr/lib64/libselinux.so.1
7f58a7474000-7f58a7475000 r--p 00023000 fd:00 8395674                    /usr/lib64/libselinux.so.1
7f58a7475000-7f58a7476000 rw-p 00024000 fd:00 8395674                    /usr/lib64/libselinux.so.1
7f58a7476000-7f58a7478000 rw-p 00000000 00:00 0 
7f58a7478000-7f58a747c000 r-xp 00000000 fd:00 8397324                    /usr/lib64/libcap-ng.so.0.0.0
7f58a747c000-7f58a767c000 ---p 00004000 fd:00 8397324                    /usr/lib64/libcap-ng.so.0.0.0
7f58a767c000-7f58a767d000 r--p 00004000 fd:00 8397324                    /usr/lib64/libcap-ng.so.0.0.0
7f58a767d000-7f58a767e000 rw-p 00005000 fd:00 8397324                    /usr/lib64/libcap-ng.so.0.0.0
7f58a767e000-7f58a76b8000 r-xp 00000000 fd:00 8838679                    /usr/lib64/libnspr4.so
7f58a76b8000-7f58a78b7000 ---p 0003a000 fd:00 8838679                    /usr/lib64/libnspr4.so
7f58a78b7000-7f58a78b8000 r--p 00039000 fd:00 8838679                    /usr/lib64/libnspr4.so
7f58a78b8000-7f58a78ba000 rw-p 0003a000 fd:00 8838679                    /usr/lib64/libnspr4.so
7f58a78ba000-7f58a78bc000 rw-p 00000000 00:00 0 
7f58a78bc000-7f58a78c0000 r-xp 00000000 fd:00 8838681                    /usr/lib64/libplc4.so
7f58a78c0000-7f58a7abf000 ---p 00004000 fd:00 8838681                    /usr/lib64/libplc4.so
7f58a7abf000-7f58a7ac0000 r--p 00003000 fd:00 8838681                    /usr/lib64/libplc4.so
7f58a7ac0000-7f58a7ac1000 rw-p 00004000 fd:00 8838681                    /usr/lib64/libplc4.so
7f58a7ac1000-7f58a7ac4000 r-xp 00000000 fd:00 8838682                    /usr/lib64/libplds4.so
7f58a7ac4000-7f58a7cc3000 ---p 00003000 fd:00 8838682                    /usr/lib64/libplds4.so
7f58a7cc3000-7f58a7cc4000 r--p 00002000 fd:00 8838682                    /usr/lib64/libplds4.so
7f58a7cc4000-7f58a7cc5000 rw-p 00003000 fd:00 8838682                    /usr/lib64/libplds4.so
7f58a7cc5000-7f58a7cee000 r-xp 00000000 fd:00 8838683                    /usr/lib64/libnssutil3.so
7f58a7cee000-7f58a7eed000 ---p 00029000 fd:00 8838683                    /usr/lib64/libnssutil3.so
7f58a7eed000-7f58a7ef4000 r--p 00028000 fd:00 8838683                    /usr/lib64/libnssutil3.so
7f58a7ef4000-7f58a7ef5000 rw-p 0002f000 fd:00 8838683                    /usr/lib64/libnssutil3.so
7f58a7ef5000-7f58a8025000 r-xp 00000000 fd:00 8610342                    /usr/lib64/libnss3.so
7f58a8025000-7f58a8225000 ---p 00130000 fd:00 8610342                    /usr/lib64/libnss3.so
7f58a8225000-7f58a822a000 r--p 00130000 fd:00 8610342                    /usr/lib64/libnss3.so
7f58a822a000-7f58a822d000 rw-p 00135000 fd:00 8610342                    /usr/lib64/libnss3.so
7f58a822d000-7f58a822e000 rw-p 00000000 00:00 0 
7f58a822e000-7f58a8253000 r-xp 00000000 fd:00 8610343                    /usr/lib64/libsmime3.so
7f58a8253000-7f58a8452000 ---p 00025000 fd:00 8610343                    /usr/lib64/libsmime3.so
7f58a8452000-7f58a8455000 r--p 00024000 fd:00 8610343                    /usr/lib64/libsmime3.so
7f58a8455000-7f58a8456000 rw-p 00027000 fd:00 8610343                    /usr/lib64/libsmime3.so
7f58a8456000-7f58a84b3000 r-xp 00000000 fd:00 8610344                    /usr/lib64/libssl3.so
7f58a84b3000-7f58a86b3000 ---p 0005d000 fd:00 8610344                    /usr/lib64/libssl3.so
7f58a86b3000-7f58a86b7000 r--p 0005d000 fd:00 8610344                    /usr/lib64/libssl3.so
7f58a86b7000-7f58a86b8000 rw-p 00061000 fd:00 8610344                    /usr/lib64/libssl3.so
7f58a86b8000-7f58a86b9000 rw-p 00000000 00:00 0 
7f58a86b9000-7f58a86d5000 r-xp 00000000 fd:00 8395327                    /usr/lib64/libsasl2.so.3.0.0
7f58a86d5000-7f58a88d4000 ---p 0001c000 fd:00 8395327                    /usr/lib64/libsasl2.so.3.0.0
7f58a88d4000-7f58a88d5000 r--p 0001b000 fd:00 8395327                    /usr/lib64/libsasl2.so.3.0.0
7f58a88d5000-7f58a88d6000 rw-p 0001c000 fd:00 8395327                    /usr/lib64/libsasl2.so.3.0.0
7f58a88d6000-7f58a88e4000 r-xp 00000000 fd:00 8607748                    /usr/lib64/liblber-2.4.so.2.10.7
7f58a88e4000-7f58a8ae3000 ---p 0000e000 fd:00 8607748                    /usr/lib64/liblber-2.4.so.2.10.7
7f58a8ae3000-7f58a8ae4000 r--p 0000d000 fd:00 8607748                    /usr/lib64/liblber-2.4.so.2.10.7
7f58a8ae4000-7f58a8ae5000 rw-p 0000e000 fd:00 8607748                    /usr/lib64/liblber-2.4.so.2.10.7
7f58a8ae5000-7f58a8afb000 r-xp 00000000 fd:00 8799603                    /usr/lib64/libresolv-2.17.so
7f58a8afb000-7f58a8cfb000 ---p 00016000 fd:00 8799603                    /usr/lib64/libresolv-2.17.so
7f58a8cfb000-7f58a8cfc000 r--p 00016000 fd:00 8799603                    /usr/lib64/libresolv-2.17.so
7f58a8cfc000-7f58a8cfd000 rw-p 00017000 fd:00 8799603                    /usr/lib64/libresolv-2.17.so
7f58a8cfd000-7f58a8cff000 rw-p 00000000 00:00 0 
7f58a8cff000-7f58a8d02000 r-xp 00000000 fd:00 8395765                    /usr/lib64/libkeyutils.so.1.5
7f58a8d02000-7f58a8f01000 ---p 00003000 fd:00 8395765                    /usr/lib64/libkeyutils.so.1.5
7f58a8f01000-7f58a8f02000 r--p 00002000 fd:00 8395765                    /usr/lib64/libkeyutils.so.1.5
7f58a8f02000-7f58a8f03000 rw-p 00003000 fd:00 8395765                    /usr/lib64/libkeyutils.so.1.5
7f58a8f03000-7f58a8f11000 r-xp 00000000 fd:00 8542431                    /usr/lib64/libkrb5support.so.0.1
7f58a8f11000-7f58a9111000 ---p 0000e000 fd:00 8542431                    /usr/lib64/libkrb5support.so.0.1
7f58a9111000-7f58a9112000 r--p 0000e000 fd:00 8542431                    /usr/lib64/libkrb5support.so.0.1
7f58a9112000-7f58a9113000 rw-p 0000f000 fd:00 8542431                    /usr/lib64/libkrb5support.so.0.1
7f58a9113000-7f58aa4e5000 r-xp 00000000 fd:00 9002026                    /usr/lib64/libicudata.so.50.2
7f58aa4e5000-7f58aa6e4000 ---p 013d2000 fd:00 9002026                    /usr/lib64/libicudata.so.50.2
7f58aa6e4000-7f58aa6e5000 r--p 013d1000 fd:00 9002026                    /usr/lib64/libicudata.so.50.2
7f58aa6e5000-7f58aa6e6000 rw-p 013d2000 fd:00 9002026                    /usr/lib64/libicudata.so.50.2
7f58aa6e6000-7f58aa70b000 r-xp 00000000 fd:00 8395651                    /usr/lib64/libtinfo.so.5.9
7f58aa70b000-7f58aa90b000 ---p 00025000 fd:00 8395651                    /usr/lib64/libtinfo.so.5.9
7f58aa90b000-7f58aa90f000 r--p 00025000 fd:00 8395651                    /usr/lib64/libtinfo.so.5.9
7f58aa90f000-7f58aa910000 rw-p 00029000 fd:00 8395651                    /usr/lib64/libtinfo.so.5.9
7f58aa910000-7f58aa917000 r-xp 00000000 fd:00 8395759                    /usr/lib64/libffi.so.6.0.1
7f58aa917000-7f58aab16000 ---p 00007000 fd:00 8395759                    /usr/lib64/libffi.so.6.0.1
7f58aab16000-7f58aab17000 r--p 00006000 fd:00 8395759                    /usr/lib64/libffi.so.6.0.1
7f58aab17000-7f58aab18000 rw-p 00007000 fd:00 8395759                    /usr/lib64/libffi.so.6.0.1
7f58aab18000-7f58aab78000 r-xp 00000000 fd:00 8395665                    /usr/lib64/libpcre.so.1.2.0
7f58aab78000-7f58aad78000 ---p 00060000 fd:00 8395665                    /usr/lib64/libpcre.so.1.2.0
7f58aad78000-7f58aad79000 r--p 00060000 fd:00 8395665                    /usr/lib64/libpcre.so.1.2.0
7f58aad79000-7f58aad7a000 rw-p 00061000 fd:00 8395665                    /usr/lib64/libpcre.so.1.2.0
7f58aad7a000-7f58aad98000 r-xp 00000000 fd:00 8397326                    /usr/lib64/libaudit.so.1.0.0
7f58aad98000-7f58aaf97000 ---p 0001e000 fd:00 8397326                    /usr/lib64/libaudit.so.1.0.0
7f58aaf97000-7f58aaf98000 r--p 0001d000 fd:00 8397326                    /usr/lib64/libaudit.so.1.0.0
7f58aaf98000-7f58aaf99000 rw-p 0001e000 fd:00 8397326                    /usr/lib64/libaudit.so.1.0.0
7f58aaf99000-7f58aafa3000 rw-p 00000000 00:00 0 
7f58aafa3000-7f58aafd4000 r-xp 00000000 fd:00 8542423                    /usr/lib64/libk5crypto.so.3.1
7f58aafd4000-7f58ab1d3000 ---p 00031000 fd:00 8542423                    /usr/lib64/libk5crypto.so.3.1
7f58ab1d3000-7f58ab1d5000 r--p 00030000 fd:00 8542423                    /usr/lib64/libk5crypto.so.3.1
7f58ab1d5000-7f58ab1d6000 rw-p 00032000 fd:00 8542423                    /usr/lib64/libk5crypto.so.3.1
7f58ab1d6000-7f58ab1d9000 r-xp 00000000 fd:00 8800375                    /usr/lib64/libcom_err.so.2.1
7f58ab1d9000-7f58ab3d8000 ---p 00003000 fd:00 8800375                    /usr/lib64/libcom_err.so.2.1
7f58ab3d8000-7f58ab3d9000 r--p 00002000 fd:00 8800375                    /usr/lib64/libcom_err.so.2.1
7f58ab3d9000-7f58ab3da000 rw-p 00003000 fd:00 8800375                    /usr/lib64/libcom_err.so.2.1
7f58ab3da000-7f58ab4b3000 r-xp 00000000 fd:00 8542429                    /usr/lib64/libkrb5.so.3.3
7f58ab4b3000-7f58ab6b2000 ---p 000d9000 fd:00 8542429                    /usr/lib64/libkrb5.so.3.3
7f58ab6b2000-7f58ab6c0000 r--p 000d8000 fd:00 8542429                    /usr/lib64/libkrb5.so.3.3
7f58ab6c0000-7f58ab6c3000 rw-p 000e6000 fd:00 8542429                    /usr/lib64/libkrb5.so.3.3
7f58ab6c3000-7f58ab71c000 r-xp 00000000 fd:00 8643189                    /usr/lib64/libldap_r-2.4.so.2.10.7
7f58ab71c000-7f58ab91c000 ---p 00059000 fd:00 8643189                    /usr/lib64/libldap_r-2.4.so.2.10.7
7f58ab91c000-7f58ab91e000 r--p 00059000 fd:00 8643189                    /usr/lib64/libldap_r-2.4.so.2.10.7
7f58ab91e000-7f58ab91f000 rw-p 0005b000 fd:00 8643189                    /usr/lib64/libldap_r-2.4.so.2.10.7
7f58ab91f000-7f58ab922000 rw-p 00000000 00:00 0 
7f58ab922000-7f58ab96c000 r-xp 00000000 fd:00 8395624                    /usr/lib64/libgssapi_krb5.so.2.2
7f58ab96c000-7f58abb6c000 ---p 0004a000 fd:00 8395624                    /usr/lib64/libgssapi_krb5.so.2.2
7f58abb6c000-7f58abb6d000 r--p 0004a000 fd:00 8395624                    /usr/lib64/libgssapi_krb5.so.2.2
7f58abb6d000-7f58abb6f000 rw-p 0004b000 fd:00 8395624                    /usr/lib64/libgssapi_krb5.so.2.2
7f58abb6f000-7f58abb94000 r-xp 00000000 fd:00 8800447                    /usr/lib64/libgomp.so.1.0.0
7f58abb94000-7f58abd93000 ---p 00025000 fd:00 8800447                    /usr/lib64/libgomp.so.1.0.0
7f58abd93000-7f58abd94000 r--p 00024000 fd:00 8800447                    /usr/lib64/libgomp.so.1.0.0
7f58abd94000-7f58abd95000 rw-p 00025000 fd:00 8800447                    /usr/lib64/libgomp.so.1.0.0
7f58abd95000-7f58abf85000 r-xp 00000000 fd:00 9002028                    /usr/lib64/libicui18n.so.50.2
7f58abf85000-7f58ac185000 ---p 001f0000 fd:00 9002028                    /usr/lib64/libicui18n.so.50.2
7f58ac185000-7f58ac191000 r--p 001f0000 fd:00 9002028                    /usr/lib64/libicui18n.so.50.2
7f58ac191000-7f58ac193000 rw-p 001fc000 fd:00 9002028                    /usr/lib64/libicui18n.so.50.2
7f58ac193000-7f58ac194000 rw-p 00000000 00:00 0 
7f58ac194000-7f58ac2f8000 r-xp 00000000 fd:00 9002040                    /usr/lib64/libicuuc.so.50.2
7f58ac2f8000-7f58ac4f8000 ---p 00164000 fd:00 9002040                    /usr/lib64/libicuuc.so.50.2
7f58ac4f8000-7f58ac508000 r--p 00164000 fd:00 9002040                    /usr/lib64/libicuuc.so.50.2
7f58ac508000-7f58ac509000 rw-p 00174000 fd:00 9002040                    /usr/lib64/libicuuc.so.50.2
7f58ac509000-7f58ac50d000 rw-p 00000000 00:00 0 
7f58ac50d000-7f58ac51c000 r-xp 00000000 fd:00 8395695                    /usr/lib64/libbz2.so.1.0.6
7f58ac51c000-7f58ac71b000 ---p 0000f000 fd:00 8395695                    /usr/lib64/libbz2.so.1.0.6
7f58ac71b000-7f58ac71c000 r--p 0000e000 fd:00 8395695                    /usr/lib64/libbz2.so.1.0.6
7f58ac71c000-7f58ac71d000 rw-p 0000f000 fd:00 8395695                    /usr/lib64/libbz2.so.1.0.6
7f58ac71d000-7f58ac742000 r-xp 00000000 fd:00 8395686                    /usr/lib64/liblzma.so.5.2.2
7f58ac742000-7f58ac941000 ---p 00025000 fd:00 8395686                    /usr/lib64/liblzma.so.5.2.2
7f58ac941000-7f58ac942000 r--p 00024000 fd:00 8395686                    /usr/lib64/liblzma.so.5.2.2
7f58ac942000-7f58ac943000 rw-p 00025000 fd:00 8395686                    /usr/lib64/liblzma.so.5.2.2
7f58ac943000-7f58ac9b9000 r-xp 00000000 fd:00 9007298                    /usr/lib64/libpcre2-8.so.0.5.0
7f58ac9b9000-7f58acbb8000 ---p 00076000 fd:00 9007298                    /usr/lib64/libpcre2-8.so.0.5.0
7f58acbb8000-7f58acbb9000 r--p 00075000 fd:00 9007298                    /usr/lib64/libpcre2-8.so.0.5.0
7f58acbb9000-7f58acbba000 rw-p 00076000 fd:00 9007298                    /usr/lib64/libpcre2-8.so.0.5.0
7f58acbba000-7f58acbf6000 r-xp 00000000 fd:00 8395755                    /usr/lib64/libreadline.so.6.2
7f58acbf6000-7f58acdf6000 ---p 0003c000 fd:00 8395755                    /usr/lib64/libreadline.so.6.2
7f58acdf6000-7f58acdf8000 r--p 0003c000 fd:00 8395755                    /usr/lib64/libreadline.so.6.2
7f58acdf8000-7f58acdfe000 rw-p 0003e000 fd:00 8395755                    /usr/lib64/libreadline.so.6.2
7f58acdfe000-7f58ace00000 rw-p 00000000 00:00 0 
7f58ace00000-7f58ace3b000 r-xp 00000000 fd:00 8800435                    /usr/lib64/libquadmath.so.0.0.0
7f58ace3b000-7f58ad03a000 ---p 0003b000 fd:00 8800435                    /usr/lib64/libquadmath.so.0.0.0
7f58ad03a000-7f58ad03b000 r--p 0003a000 fd:00 8800435                    /usr/lib64/libquadmath.so.0.0.0
7f58ad03b000-7f58ad03c000 rw-p 0003b000 fd:00 8800435                    /usr/lib64/libquadmath.so.0.0.0
7f58ad03c000-7f58ad2b2000 r-xp 00000000 fd:00 8977940                    /usr/lib64/libgfortran.so.5.0.0
7f58ad2b2000-7f58ad4b1000 ---p 00276000 fd:00 8977940                    /usr/lib64/libgfortran.so.5.0.0
7f58ad4b1000-7f58ad4b2000 r--p 00275000 fd:00 8977940                    /usr/lib64/libgfortran.so.5.0.0
7f58ad4b2000-7f58ad4b4000 rw-p 00276000 fd:00 8977940                    /usr/lib64/libgfortran.so.5.0.0
7f58ad4b4000-7f58b1578000 r-xp 00000000 00:28 2061735074                 /lrlhps/apps/intel/intel-2020/compilers_and_libraries_2020.0.166/linux/mkl/lib/intel64_lin/libmkl_core.so
7f58b1578000-7f58b1777000 ---p 040c4000 00:28 2061735074                 /lrlhps/apps/intel/intel-2020/compilers_and_libraries_2020.0.166/linux/mkl/lib/intel64_lin/libmkl_core.so
7f58b1777000-7f58b177e000 r--p 040c3000 00:28 2061735074                 /lrlhps/apps/intel/intel-2020/compilers_and_libraries_2020.0.166/linux/mkl/lib/intel64_lin/libmkl_core.so
7f58b177e000-7f58b17ae000 rw-p 040ca000 00:28 2061735074                 /lrlhps/apps/intel/intel-2020/compilers_and_libraries_2020.0.166/linux/mkl/lib/intel64_lin/libmkl_core.so
7f58b17ae000-7f58b17d4000 rw-p 00000000 00:00 0 
7f58b17d4000-7f58b2e92000 r-xp 00000000 00:28 2050774594                 /lrlhps/apps/intel/intel-2020/compilers_and_libraries_2020.0.166/linux/mkl/lib/intel64_lin/libmkl_gnu_thread.so
7f58b2e92000-7f58b3091000 ---p 016be000 00:28 2050774594                 /lrlhps/apps/intel/intel-2020/compilers_and_libraries_2020.0.166/linux/mkl/lib/intel64_lin/libmkl_gnu_thread.so
7f58b3091000-7f58b3095000 r--p 016bd000 00:28 2050774594                 /lrlhps/apps/intel/intel-2020/compilers_and_libraries_2020.0.166/linux/mkl/lib/intel64_lin/libmkl_gnu_thread.so
7f58b3095000-7f58b30ad000 rw-p 016c1000 00:28 2050774594                 /lrlhps/apps/intel/intel-2020/compilers_and_libraries_2020.0.166/linux/mkl/lib/intel64_lin/libmkl_gnu_thread.so
7f58b30ad000-7f58b39ff000 r-xp 00000000 00:28 2062907069                 /lrlhps/apps/intel/intel-2020/compilers_and_libraries_2020.0.166/linux/mkl/lib/intel64_lin/libmkl_gf_lp64.so
7f58b39ff000-7f58b3bfe000 ---p 00952000 00:28 2062907069                 /lrlhps/apps/intel/intel-2020/compilers_and_libraries_2020.0.166/linux/mkl/lib/intel64_lin/libmkl_gf_lp64.so
7f58b3bfe000-7f58b3bff000 r--p 00951000 00:28 2062907069                 /lrlhps/apps/intel/intel-2020/compilers_and_libraries_2020.0.166/linux/mkl/lib/intel64_lin/libmkl_gf_lp64.so
7f58b3bff000-7f58b3c11000 rw-p 00952000 00:28 2062907069                 /lrlhps/apps/intel/intel-2020/compilers_and_libraries_2020.0.166/linux/mkl/lib/intel64_lin/libmkl_gf_lp64.so
7f58b3c11000-7f58b3c17000 rw-p 00000000 00:00 0 
7f58b3c17000-7f58b3ddb000 r-xp 00000000 fd:00 8484532                    /usr/lib64/libc-2.17.so
7f58b3ddb000-7f58b3fda000 ---p 001c4000 fd:00 8484532                    /usr/lib64/libc-2.17.so
7f58b3fda000-7f58b3fde000 r--p 001c3000 fd:00 8484532                    /usr/lib64/libc-2.17.so
7f58b3fde000-7f58b3fe0000 rw-p 001c7000 fd:00 8484532                    /usr/lib64/libc-2.17.so
7f58b3fe0000-7f58b3fe5000 rw-p 00000000 00:00 0 
7f58b3fe5000-7f58b3ffa000 r-xp 00000000 fd:00 8799579                    /usr/lib64/libgcc_s-4.8.5-20150702.so.1
7f58b3ffa000-7f58b41f9000 ---p 00015000 fd:00 8799579                    /usr/lib64/libgcc_s-4.8.5-20150702.so.1
7f58b41f9000-7f58b41fa000 r--p 00014000 fd:00 8799579                    /usr/lib64/libgcc_s-4.8.5-20150702.so.1
7f58b41fa000-7f58b41fb000 rw-p 00015000 fd:00 8799579                    /usr/lib64/libgcc_s-4.8.5-20150702.so.1
7f58b41fb000-7f58b42fc000 r-xp 00000000 fd:00 8838677                    /usr/lib64/libm-2.17.so
7f58b42fc000-7f58b44fb000 ---p 00101000 fd:00 8838677                    /usr/lib64/libm-2.17.so
7f58b44fb000-7f58b44fc000 r--p 00100000 fd:00 8838677                    /usr/lib64/libm-2.17.so
7f58b44fc000-7f58b44fd000 rw-p 00101000 fd:00 8838677                    /usr/lib64/libm-2.17.so
7f58b44fd000-7f58b45e6000 r-xp 00000000 fd:00 8800378                    /usr/lib64/libstdc++.so.6.0.19
7f58b45e6000-7f58b47e6000 ---p 000e9000 fd:00 8800378                    /usr/lib64/libstdc++.so.6.0.19
7f58b47e6000-7f58b47ee000 r--p 000e9000 fd:00 8800378                    /usr/lib64/libstdc++.so.6.0.19
7f58b47ee000-7f58b47f0000 rw-p 000f1000 fd:00 8800378                    /usr/lib64/libstdc++.so.6.0.19
7f58b47f0000-7f58b4805000 rw-p 00000000 00:00 0 
7f58b4805000-7f58b4919000 r-xp 00000000 fd:00 8395276                    /usr/lib64/libglib-2.0.so.0.5600.1
7f58b4919000-7f58b4b18000 ---p 00114000 fd:00 8395276                    /usr/lib64/libglib-2.0.so.0.5600.1
7f58b4b18000-7f58b4b19000 r--p 00113000 fd:00 8395276                    /usr/lib64/libglib-2.0.so.0.5600.1
7f58b4b19000-7f58b4b1a000 rw-p 00114000 fd:00 8395276                    /usr/lib64/libglib-2.0.so.0.5600.1
7f58b4b1a000-7f58b4b1b000 rw-p 00000000 00:00 0 
7f58b4b1b000-7f58b4b6a000 r-xp 00000000 fd:00 8395280                    /usr/lib64/libgobject-2.0.so.0.5600.1
7f58b4b6a000-7f58b4d6a000 ---p 0004f000 fd:00 8395280                    /usr/lib64/libgobject-2.0.so.0.5600.1
7f58b4d6a000-7f58b4d6b000 r--p 0004f000 fd:00 8395280                    /usr/lib64/libgobject-2.0.so.0.5600.1
7f58b4d6b000-7f58b4d6c000 rw-p 00050000 fd:00 8395280                    /usr/lib64/libgobject-2.0.so.0.5600.1
7f58b4d6c000-7f58b4d83000 r-xp 00000000 fd:00 8799601                    /usr/lib64/libpthread-2.17.so
7f58b4d83000-7f58b4f82000 ---p 00017000 fd:00 8799601                    /usr/lib64/libpthread-2.17.so
7f58b4f82000-7f58b4f83000 r--p 00016000 fd:00 8799601                    /usr/lib64/libpthread-2.17.so
7f58b4f83000-7f58b4f84000 rw-p 00017000 fd:00 8799601                    /usr/lib64/libpthread-2.17.so
7f58b4f84000-7f58b4f88000 rw-p 00000000 00:00 0 
7f58b4f88000-7f58b4f95000 r-xp 00000000 fd:00 8484920                    /usr/lib64/libpam.so.0.83.1
7f58b4f95000-7f58b5195000 ---p 0000d000 fd:00 8484920                    /usr/lib64/libpam.so.0.83.1
7f58b5195000-7f58b5196000 r--p 0000d000 fd:00 8484920                    /usr/lib64/libpam.so.0.83.1
7f58b5196000-7f58b5197000 rw-p 0000e000 fd:00 8484920                    /usr/lib64/libpam.so.0.83.1
7f58b5197000-7f58b53ce000 r-xp 00000000 fd:00 8395656                    /usr/lib64/libcrypto.so.1.0.2k
7f58b53ce000-7f58b55cd000 ---p 00237000 fd:00 8395656                    /usr/lib64/libcrypto.so.1.0.2k
7f58b55cd000-7f58b55e9000 r--p 00236000 fd:00 8395656                    /usr/lib64/libcrypto.so.1.0.2k
7f58b55e9000-7f58b55f6000 rw-p 00252000 fd:00 8395656                    /usr/lib64/libcrypto.so.1.0.2k
7f58b55f6000-7f58b55fa000 rw-p 00000000 00:00 0 
7f58b55fa000-7f58b5661000 r-xp 00000000 fd:00 8542417                    /usr/lib64/libssl.so.1.0.2k
7f58b5661000-7f58b5861000 ---p 00067000 fd:00 8542417                    /usr/lib64/libssl.so.1.0.2k
7f58b5861000-7f58b5865000 r--p 00067000 fd:00 8542417                    /usr/lib64/libssl.so.1.0.2k
7f58b5865000-7f58b586c000 rw-p 0006b000 fd:00 8542417                    /usr/lib64/libssl.so.1.0.2k
7f58b586c000-7f58b5881000 r-xp 00000000 fd:00 8800372                    /usr/lib64/libz.so.1.2.7
7f58b5881000-7f58b5a80000 ---p 00015000 fd:00 8800372                    /usr/lib64/libz.so.1.2.7
7f58b5a80000-7f58b5a81000 r--p 00014000 fd:00 8800372                    /usr/lib64/libz.so.1.2.7
7f58b5a81000-7f58b5a82000 rw-p 00015000 fd:00 8800372                    /usr/lib64/libz.so.1.2.7
7f58b5a82000-7f58b5a89000 r-xp 00000000 fd:00 8799607                    /usr/lib64/librt-2.17.so
7f58b5a89000-7f58b5c88000 ---p 00007000 fd:00 8799607                    /usr/lib64/librt-2.17.so
7f58b5c88000-7f58b5c89000 r--p 00006000 fd:00 8799607                    /usr/lib64/librt-2.17.so
7f58b5c89000-7f58b5c8a000 rw-p 00007000 fd:00 8799607                    /usr/lib64/librt-2.17.so
7f58b5c8a000-7f58b5c8e000 r-xp 00000000 fd:00 8395717                    /usr/lib64/libuuid.so.1.3.0
7f58b5c8e000-7f58b5e8d000 ---p 00004000 fd:00 8395717                    /usr/lib64/libuuid.so.1.3.0
7f58b5e8d000-7f58b5e8e000 r--p 00003000 fd:00 8395717                    /usr/lib64/libuuid.so.1.3.0
7f58b5e8e000-7f58b5e8f000 rw-p 00004000 fd:00 8395717                    /usr/lib64/libuuid.so.1.3.0
7f58b5e8f000-7f58b5e91000 r-xp 00000000 fd:00 8799612                    /usr/lib64/libutil-2.17.so
7f58b5e91000-7f58b6090000 ---p 00002000 fd:00 8799612                    /usr/lib64/libutil-2.17.so
7f58b6090000-7f58b6091000 r--p 00001000 fd:00 8799612                    /usr/lib64/libutil-2.17.so
7f58b6091000-7f58b6092000 rw-p 00002000 fd:00 8799612                    /usr/lib64/libutil-2.17.so
7f58b6092000-7f58b60de000 r-xp 00000000 fd:00 29466644                   /usr/pgsql-14/lib/libpq.so.5.14
7f58b60de000-7f58b62de000 ---p 0004c000 fd:00 29466644                   /usr/pgsql-14/lib/libpq.so.5.14
7f58b62de000-7f58b62e1000 r--p 0004c000 fd:00 29466644                   /usr/pgsql-14/lib/libpq.so.5.14
7f58b62e1000-7f58b62e2000 rw-p 0004f000 fd:00 29466644                   /usr/pgsql-14/lib/libpq.so.5.14
7f58b62e2000-7f58b63f4000 r-xp 00000000 00:28 1849527405                 /lrlhps/apps/sqlite/sqlite-3.33.0/lib/libsqlite3.so.0.8.6
7f58b63f4000-7f58b65f4000 ---p 00112000 00:28 1849527405                 /lrlhps/apps/sqlite/sqlite-3.33.0/lib/libsqlite3.so.0.8.6
7f58b65f4000-7f58b65f7000 r--p 00112000 00:28 1849527405                 /lrlhps/apps/sqlite/sqlite-3.33.0/lib/libsqlite3.so.0.8.6
7f58b65f7000-7f58b65fa000 rw-p 00115000 00:28 1849527405                 /lrlhps/apps/sqlite/sqlite-3.33.0/lib/libsqlite3.so.0.8.6
7f58b65fa000-7f58b65fb000 rw-p 00000000 00:00 0 
7f58b65fb000-7f58b691a000 r-xp 00000000 fd:06 206799379                  /opt/R/R-4.0.3/lib64/R/lib/libR.so
7f58b691a000-7f58b6b19000 ---p 0031f000 fd:06 206799379                  /opt/R/R-4.0.3/lib64/R/lib/libR.so
7f58b6b19000-7f58b6b37000 r--p 0031e000 fd:06 206799379                  /opt/R/R-4.0.3/lib64/R/lib/libR.so
7f58b6b37000-7f58b6b45000 rw-p 0033c000 fd:06 206799379                  /opt/R/R-4.0.3/lib64/R/lib/libR.so
7f58b6b45000-7f58b6c95000 rw-p 00000000 00:00 0 
7f58b6c95000-7f58b6c97000 r-xp 00000000 fd:00 8838675                    /usr/lib64/libdl-2.17.so
7f58b6c97000-7f58b6e97000 ---p 00002000 fd:00 8838675                    /usr/lib64/libdl-2.17.so
7f58b6e97000-7f58b6e98000 r--p 00002000 fd:00 8838675                    /usr/lib64/libdl-2.17.so
7f58b6e98000-7f58b6e99000 rw-p 00003000 fd:00 8838675                    /usr/lib64/libdl-2.17.so
7f58b6e99000-7f58b6ebb000 r-xp 00000000 fd:00 8395272                    /usr/lib64/ld-2.17.so
7f58b6f00000-7f58b6f35000 r--s 00000000 fd:05 12595747                   /var/db/nscd/hosts
7f58b6f35000-7f58b6f96000 rw-p 00000000 00:00 0 
7f58b6fa3000-7f58b6fa4000 r--p 00000000 fd:00 12584494                   /usr/share/locale/en_US/LC_MESSAGES/mit-krb5.mo
7f58b6fa4000-7f58b6fa5000 r--p 00000000 fd:06 224013355                  /opt/R/R-4.0.3/lib64/R/library/translations/en/LC_MESSAGES/R.mo
7f58b6fa5000-7f58b6fe3000 r--s 0025d000 fd:06 122282556                  /opt/R/R-4.0.3/lib64/R/library/xlsxjars/java/xmlbeans-2.6.0.jar
7f58b6fe3000-7f58b6ff1000 r--s 000ef000 fd:06 122282554                  /opt/R/R-4.0.3/lib64/R/library/xlsxjars/java/poi-ooxml-3.10.1-20140818.jar
7f58b6ff1000-7f58b7012000 r--s 001bb000 fd:06 122282553                  /opt/R/R-4.0.3/lib64/R/library/xlsxjars/java/poi-3.10.1-20140818.jar
7f58b7012000-7f58b7017000 r--s 00048000 fd:06 122282552                  /opt/R/R-4.0.3/lib64/R/library/xlsxjars/java/dom4j-1.6.1.jar
7f58b7017000-7f58b7099000 rw-p 00000000 00:00 0 
7f58b7099000-7f58b709a000 r--s 00003000 fd:06 115737148                  /opt/R/R-4.0.3/lib64/R/library/xlsx/java/rexcel-0.5.1.jar
7f58b709a000-7f58b70a0000 r--s 00033000 fd:06 122282551                  /opt/R/R-4.0.3/lib64/R/library/xlsxjars/java/commons-codec-1.6.jar
7f58b70a0000-7f58b70a7000 r--s 000f5000 fd:00 3146843                    /usr/lib/jvm/java-1.8.0-openjdk-1.8.0.322.b06-1.el7_9.x86_64/jre/lib/jfr.jar
7f58b70a7000-7f58b70af000 rw-s 00000000 fd:02 58727424                   /tmp/hsperfdata_c242664/26356
7f58b70af000-7f58b70b0000 rw-p 00000000 00:00 0 
7f58b70b0000-7f58b70b7000 r--s 00000000 fd:00 16848390                   /usr/lib64/gconv/gconv-modules.cache
7f58b70b7000-7f58b70b8000 r--p 00000000 00:00 0 
7f58b70b8000-7f58b70ba000 rw-p 00000000 00:00 0 
7f58b70ba000-7f58b70bb000 r--p 00021000 fd:00 8395272                    /usr/lib64/ld-2.17.so
7f58b70bb000-7f58b70bc000 rw-p 00022000 fd:00 8395272                    /usr/lib64/ld-2.17.so
7f58b70bc000-7f58b70bd000 rw-p 00000000 00:00 0 
7ffc021f0000-7ffc021f3000 ---p 00000000 00:00 0 
7ffc021f3000-7ffc029f0000 rw-p 00000000 00:00 0                          [stack]
7ffc029f8000-7ffc029fa000 r-xp 00000000 00:00 0                          [vdso]
ffffffffff600000-ffffffffff601000 r-xp 00000000 00:00 0                  [vsyscall]

VM Arguments:
jvm_args: -Xmx8g -Xrs vfprintf exit -Xss2m 
java_command: <unknown>
java_class_path (initial): /opt/R/R-4.0.3/lib64/R/library/rJava/java/boot
Launcher Type: generic

Environment Variables:
PATH=/lrlhps/apps/python/python-3.6.5/bin:/opt/uge/uge-8.6.6/bin/lx-amd64:/usr/lib64/qt-3.3/bin:/usr/local/bin:/usr/bin:/usr/local/sbin:/usr/sbin:/opt/puppetlabs/bin:/home/c242664/bin:/usr/lib/rstudio-server/bin/postback:/usr/lib/rstudio-server/bin/postback:/usr/lib/rstudio-server/bin/postback:/usr/lib/rstudio-server/bin/postback
LD_LIBRARY_PATH=/opt/uge/uge-8.6.6/lib/lilly:/opt/R/R-4.0.3/lib64/R/lib::/opt/rh/devtoolset-8/root/usr/lib64:/opt/rh/devtoolset-8/root/usr/lib:/opt/rh/devtoolset-8/root/usr/lib64/dyninst:/opt/rh/devtoolset-8/root/usr/lib/dyninst:/lrlhps/apps/libpostal/libpostal-1.1/lib:/lrlhps/apps/zeromq/zeromq-4.3.3/lib:/lrlhps/apps/jags/jags-4.3.0/lib:/lrlhps/apps/gdal/gdal-3.2.0/lib:/lrlhps/apps/proj/proj-7.2.0/lib:/lrlhps/apps/sqlite/sqlite-3.33.0/lib:/lrlhps/apps/gsl/gsl-2.6/lib:/lib:/usr/local/lib64:/lrlhps/apps/intel/intel-2020/compilers_and_libraries/linux/mkl/lib/intel64:/usr/lib/jvm/java/jre/lib/amd64/server:/oracle/product/current/lib:/lrlhps/apps/hdf5/hdf5-1.12.0/lib
DISPLAY=:0

Signal Handlers:
SIGSEGV: [libjvm.so+0xb666a0], sa_mask[0]=11111111011111111101111111111110, sa_flags=SA_RESTART|SA_SIGINFO
SIGBUS: [libjvm.so+0xb666a0], sa_mask[0]=11111111011111111101111111111110, sa_flags=SA_RESTART|SA_SIGINFO
SIGFPE: [libjvm.so+0x93c350], sa_mask[0]=11111111011111111101111111111110, sa_flags=SA_RESTART|SA_SIGINFO
SIGPIPE: [libjvm.so+0x93c350], sa_mask[0]=11111111011111111101111111111110, sa_flags=SA_RESTART|SA_SIGINFO
SIGXFSZ: [libjvm.so+0x93c350], sa_mask[0]=11111111011111111101111111111110, sa_flags=SA_RESTART|SA_SIGINFO
SIGILL: [libjvm.so+0x93c350], sa_mask[0]=11111111011111111101111111111110, sa_flags=SA_RESTART|SA_SIGINFO
SIGUSR1: [rsession+0x298110], sa_mask[0]=00000000010000000000000000000000, sa_flags=SA_RESTART
SIGUSR2: [libjvm.so+0x93c4c0], sa_mask[0]=11000000000000000000000000000000, sa_flags=SA_RESTART|SA_SIGINFO
SIGHUP: SIG_IGN, sa_mask[0]=00000000000000000000000000000000, sa_flags=none
SIGINT: [rsession+0x19dd10], sa_mask[0]=01000000000000000000000000000000, sa_flags=SA_RESTART
SIGTERM: SIG_DFL, sa_mask[0]=00000000000000000000000000000000, sa_flags=none
SIGQUIT: SIG_DFL, sa_mask[0]=00000000000000000000000000000000, sa_flags=none


---------------  S Y S T E M  ---------------

OS:Red Hat Enterprise Linux Server release 7.9 (Maipo)

uname:Linux 3.10.0-1160.62.1.el7.x86_64 #1 SMP Wed Mar 23 09:04:02 UTC 2022 x86_64
libc:glibc 2.17 NPTL 2.17 
rlimit: STACK 8192k, CORE 0k, NPROC 600, NOFILE 4096, AS 100663296k
load average:1.11 1.11 1.04

/proc/meminfo:
MemTotal:       263845408 kB
MemFree:        11744580 kB
MemAvailable:   27711972 kB
Buffers:            9432 kB
Cached:         17539900 kB
SwapCached:       237368 kB
Active:         234887912 kB
Inactive:       13298944 kB
Active(anon):   223884560 kB
Inactive(anon):  7684044 kB
Active(file):   11003352 kB
Inactive(file):  5614900 kB
Unevictable:          16 kB
Mlocked:              16 kB
SwapTotal:       8388604 kB
SwapFree:              0 kB
Dirty:               108 kB
Writeback:             0 kB
AnonPages:      230400316 kB
Mapped:           140888 kB
Shmem:            931072 kB
Slab:             418808 kB
SReclaimable:     233288 kB
SUnreclaim:       185520 kB
KernelStack:       27760 kB
PageTables:       549480 kB
NFS_Unstable:          0 kB
Bounce:                0 kB
WritebackTmp:          0 kB
CommitLimit:    140311308 kB
Committed_AS:   271129208 kB
VmallocTotal:   34359738367 kB
VmallocUsed:      716372 kB
VmallocChunk:   34224736252 kB
Percpu:             9216 kB
HardwareCorrupted:     0 kB
AnonHugePages:  60798976 kB
CmaTotal:              0 kB
CmaFree:               0 kB
HugePages_Total:       0
HugePages_Free:        0
HugePages_Rsvd:        0
HugePages_Surp:        0
Hugepagesize:       2048 kB
DirectMap4k:      586304 kB
DirectMap2M:    73734144 kB
DirectMap1G:    196083712 kB

container (cgroup) information:
container_type: cgroupv1
cpu_cpuset_cpus: 0-23
cpu_memory_nodes: 0-1
active_processor_count: 24
cpu_quota: -1
cpu_period: 100000
cpu_shares: -1
memory_limit_in_bytes: -1
memory_and_swap_limit_in_bytes: -1
memory_soft_limit_in_bytes: -1
memory_usage_in_bytes: 254124634112
memory_max_usage_in_bytes: 0


CPU:total 24 (initial active 24) (12 cores per cpu, 2 threads per core) family 6 model 63 stepping 2, cmov, cx8, fxsr, mmx, sse, sse2, sse3, ssse3, sse4.1, sse4.2, popcnt, avx, avx2, aes, clmul, erms, lzcnt, ht, tsc, tscinvbit, bmi1, bmi2

/proc/cpuinfo:
processor	: 0
vendor_id	: GenuineIntel
cpu family	: 6
model		: 63
model name	: Intel(R) Xeon(R) CPU E5-2680 v3 @ 2.50GHz
stepping	: 2
microcode	: 0x49
cpu MHz		: 2500.000
cache size	: 30720 KB
physical id	: 0
siblings	: 12
core id		: 0
cpu cores	: 12
apicid		: 0
initial apicid	: 0
fpu		: yes
fpu_exception	: yes
cpuid level	: 15
wp		: yes
flags		: fpu vme de pse tsc msr pae mce cx8 apic sep mtrr pge mca cmov pat pse36 clflush dts acpi mmx fxsr sse sse2 ss ht tm pbe syscall nx pdpe1gb rdtscp lm constant_tsc arch_perfmon pebs bts rep_good nopl xtopology nonstop_tsc aperfmperf eagerfpu pni pclmulqdq dtes64 monitor ds_cpl vmx smx est tm2 ssse3 sdbg fma cx16 xtpr pdcm pcid dca sse4_1 sse4_2 x2apic movbe popcnt tsc_deadline_timer aes xsave avx f16c rdrand lahf_lm abm epb invpcid_single intel_ppin ssbd ibrs ibpb stibp tpr_shadow vnmi flexpriority ept vpid fsgsbase tsc_adjust bmi1 avx2 smep bmi2 erms invpcid cqm xsaveopt cqm_llc cqm_occup_llc dtherm ida arat pln pts md_clear spec_ctrl intel_stibp flush_l1d
bogomips	: 4993.65
clflush size	: 64
cache_alignment	: 64
address sizes	: 46 bits physical, 48 bits virtual
power management:

processor	: 1
vendor_id	: GenuineIntel
cpu family	: 6
model		: 63
model name	: Intel(R) Xeon(R) CPU E5-2680 v3 @ 2.50GHz
stepping	: 2
microcode	: 0x49
cpu MHz		: 2500.000
cache size	: 30720 KB
physical id	: 0
siblings	: 12
core id		: 2
cpu cores	: 12
apicid		: 4
initial apicid	: 4
fpu		: yes
fpu_exception	: yes
cpuid level	: 15
wp		: yes
flags		: fpu vme de pse tsc msr pae mce cx8 apic sep mtrr pge mca cmov pat pse36 clflush dts acpi mmx fxsr sse sse2 ss ht tm pbe syscall nx pdpe1gb rdtscp lm constant_tsc arch_perfmon pebs bts rep_good nopl xtopology nonstop_tsc aperfmperf eagerfpu pni pclmulqdq dtes64 monitor ds_cpl vmx smx est tm2 ssse3 sdbg fma cx16 xtpr pdcm pcid dca sse4_1 sse4_2 x2apic movbe popcnt tsc_deadline_timer aes xsave avx f16c rdrand lahf_lm abm epb invpcid_single intel_ppin ssbd ibrs ibpb stibp tpr_shadow vnmi flexpriority ept vpid fsgsbase tsc_adjust bmi1 avx2 smep bmi2 erms invpcid cqm xsaveopt cqm_llc cqm_occup_llc dtherm ida arat pln pts md_clear spec_ctrl intel_stibp flush_l1d
bogomips	: 4993.65
clflush size	: 64
cache_alignment	: 64
address sizes	: 46 bits physical, 48 bits virtual
power management:

processor	: 2
vendor_id	: GenuineIntel
cpu family	: 6
model		: 63
model name	: Intel(R) Xeon(R) CPU E5-2680 v3 @ 2.50GHz
stepping	: 2
microcode	: 0x49
cpu MHz		: 2500.000
cache size	: 30720 KB
physical id	: 0
siblings	: 12
core id		: 4
cpu cores	: 12
apicid		: 8
initial apicid	: 8
fpu		: yes
fpu_exception	: yes
cpuid level	: 15
wp		: yes
flags		: fpu vme de pse tsc msr pae mce cx8 apic sep mtrr pge mca cmov pat pse36 clflush dts acpi mmx fxsr sse sse2 ss ht tm pbe syscall nx pdpe1gb rdtscp lm constant_tsc arch_perfmon pebs bts rep_good nopl xtopology nonstop_tsc aperfmperf eagerfpu pni pclmulqdq dtes64 monitor ds_cpl vmx smx est tm2 ssse3 sdbg fma cx16 xtpr pdcm pcid dca sse4_1 sse4_2 x2apic movbe popcnt tsc_deadline_timer aes xsave avx f16c rdrand lahf_lm abm epb invpcid_single intel_ppin ssbd ibrs ibpb stibp tpr_shadow vnmi flexpriority ept vpid fsgsbase tsc_adjust bmi1 avx2 smep bmi2 erms invpcid cqm xsaveopt cqm_llc cqm_occup_llc dtherm ida arat pln pts md_clear spec_ctrl intel_stibp flush_l1d
bogomips	: 4993.65
clflush size	: 64
cache_alignment	: 64
address sizes	: 46 bits physical, 48 bits virtual
power management:

processor	: 3
vendor_id	: GenuineIntel
cpu family	: 6
model		: 63
model name	: Intel(R) Xeon(R) CPU E5-2680 v3 @ 2.50GHz
stepping	: 2
microcode	: 0x49
cpu MHz		: 2500.000
cache size	: 30720 KB
physical id	: 0
siblings	: 12
core id		: 8
cpu cores	: 12
apicid		: 16
initial apicid	: 16
fpu		: yes
fpu_exception	: yes
cpuid level	: 15
wp		: yes
flags		: fpu vme de pse tsc msr pae mce cx8 apic sep mtrr pge mca cmov pat pse36 clflush dts acpi mmx fxsr sse sse2 ss ht tm pbe syscall nx pdpe1gb rdtscp lm constant_tsc arch_perfmon pebs bts rep_good nopl xtopology nonstop_tsc aperfmperf eagerfpu pni pclmulqdq dtes64 monitor ds_cpl vmx smx est tm2 ssse3 sdbg fma cx16 xtpr pdcm pcid dca sse4_1 sse4_2 x2apic movbe popcnt tsc_deadline_timer aes xsave avx f16c rdrand lahf_lm abm epb invpcid_single intel_ppin ssbd ibrs ibpb stibp tpr_shadow vnmi flexpriority ept vpid fsgsbase tsc_adjust bmi1 avx2 smep bmi2 erms invpcid cqm xsaveopt cqm_llc cqm_occup_llc dtherm ida arat pln pts md_clear spec_ctrl intel_stibp flush_l1d
bogomips	: 4993.65
clflush size	: 64
cache_alignment	: 64
address sizes	: 46 bits physical, 48 bits virtual
power management:

processor	: 4
vendor_id	: GenuineIntel
cpu family	: 6
model		: 63
model name	: Intel(R) Xeon(R) CPU E5-2680 v3 @ 2.50GHz
stepping	: 2
microcode	: 0x49
cpu MHz		: 2500.000
cache size	: 30720 KB
physical id	: 0
siblings	: 12
core id		: 10
cpu cores	: 12
apicid		: 20
initial apicid	: 20
fpu		: yes
fpu_exception	: yes
cpuid level	: 15
wp		: yes
flags		: fpu vme de pse tsc msr pae mce cx8 apic sep mtrr pge mca cmov pat pse36 clflush dts acpi mmx fxsr sse sse2 ss ht tm pbe syscall nx pdpe1gb rdtscp lm constant_tsc arch_perfmon pebs bts rep_good nopl xtopology nonstop_tsc aperfmperf eagerfpu pni pclmulqdq dtes64 monitor ds_cpl vmx smx est tm2 ssse3 sdbg fma cx16 xtpr pdcm pcid dca sse4_1 sse4_2 x2apic movbe popcnt tsc_deadline_timer aes xsave avx f16c rdrand lahf_lm abm epb invpcid_single intel_ppin ssbd ibrs ibpb stibp tpr_shadow vnmi flexpriority ept vpid fsgsbase tsc_adjust bmi1 avx2 smep bmi2 erms invpcid cqm xsaveopt cqm_llc cqm_occup_llc dtherm ida arat pln pts md_clear spec_ctrl intel_stibp flush_l1d
bogomips	: 4993.65
clflush size	: 64
cache_alignment	: 64
address sizes	: 46 bits physical, 48 bits virtual
power management:

processor	: 5
vendor_id	: GenuineIntel
cpu family	: 6
model		: 63
model name	: Intel(R) Xeon(R) CPU E5-2680 v3 @ 2.50GHz
stepping	: 2
microcode	: 0x49
cpu MHz		: 2500.000
cache size	: 30720 KB
physical id	: 0
siblings	: 12
core id		: 12
cpu cores	: 12
apicid		: 24
initial apicid	: 24
fpu		: yes
fpu_exception	: yes
cpuid level	: 15
wp		: yes
flags		: fpu vme de pse tsc msr pae mce cx8 apic sep mtrr pge mca cmov pat pse36 clflush dts acpi mmx fxsr sse sse2 ss ht tm pbe syscall nx pdpe1gb rdtscp lm constant_tsc arch_perfmon pebs bts rep_good nopl xtopology nonstop_tsc aperfmperf eagerfpu pni pclmulqdq dtes64 monitor ds_cpl vmx smx est tm2 ssse3 sdbg fma cx16 xtpr pdcm pcid dca sse4_1 sse4_2 x2apic movbe popcnt tsc_deadline_timer aes xsave avx f16c rdrand lahf_lm abm epb invpcid_single intel_ppin ssbd ibrs ibpb stibp tpr_shadow vnmi flexpriority ept vpid fsgsbase tsc_adjust bmi1 avx2 smep bmi2 erms invpcid cqm xsaveopt cqm_llc cqm_occup_llc dtherm ida arat pln pts md_clear spec_ctrl intel_stibp flush_l1d
bogomips	: 4993.65
clflush size	: 64
cache_alignment	: 64
address sizes	: 46 bits physical, 48 bits virtual
power management:

processor	: 6
vendor_id	: GenuineIntel
cpu family	: 6
model		: 63
model name	: Intel(R) Xeon(R) CPU E5-2680 v3 @ 2.50GHz
stepping	: 2
microcode	: 0x49
cpu MHz		: 2500.000
cache size	: 30720 KB
physical id	: 1
siblings	: 12
core id		: 0
cpu cores	: 12
apicid		: 32
initial apicid	: 32
fpu		: yes
fpu_exception	: yes
cpuid level	: 15
wp		: yes
flags		: fpu vme de pse tsc msr pae mce cx8 apic sep mtrr pge mca cmov pat pse36 clflush dts acpi mmx fxsr sse sse2 ss ht tm pbe syscall nx pdpe1gb rdtscp lm constant_tsc arch_perfmon pebs bts rep_good nopl xtopology nonstop_tsc aperfmperf eagerfpu pni pclmulqdq dtes64 monitor ds_cpl vmx smx est tm2 ssse3 sdbg fma cx16 xtpr pdcm pcid dca sse4_1 sse4_2 x2apic movbe popcnt tsc_deadline_timer aes xsave avx f16c rdrand lahf_lm abm epb invpcid_single intel_ppin ssbd ibrs ibpb stibp tpr_shadow vnmi flexpriority ept vpid fsgsbase tsc_adjust bmi1 avx2 smep bmi2 erms invpcid cqm xsaveopt cqm_llc cqm_occup_llc dtherm ida arat pln pts md_clear spec_ctrl intel_stibp flush_l1d
bogomips	: 4998.87
clflush size	: 64
cache_alignment	: 64
address sizes	: 46 bits physical, 48 bits virtual
power management:

processor	: 7
vendor_id	: GenuineIntel
cpu family	: 6
model		: 63
model name	: Intel(R) Xeon(R) CPU E5-2680 v3 @ 2.50GHz
stepping	: 2
microcode	: 0x49
cpu MHz		: 2500.000
cache size	: 30720 KB
physical id	: 1
siblings	: 12
core id		: 2
cpu cores	: 12
apicid		: 36
initial apicid	: 36
fpu		: yes
fpu_exception	: yes
cpuid level	: 15
wp		: yes
flags		: fpu vme de pse tsc msr pae mce cx8 apic sep mtrr pge mca cmov pat pse36 clflush dts acpi mmx fxsr sse sse2 ss ht tm pbe syscall nx pdpe1gb rdtscp lm constant_tsc arch_perfmon pebs bts rep_good nopl xtopology nonstop_tsc aperfmperf eagerfpu pni pclmulqdq dtes64 monitor ds_cpl vmx smx est tm2 ssse3 sdbg fma cx16 xtpr pdcm pcid dca sse4_1 sse4_2 x2apic movbe popcnt tsc_deadline_timer aes xsave avx f16c rdrand lahf_lm abm epb invpcid_single intel_ppin ssbd ibrs ibpb stibp tpr_shadow vnmi flexpriority ept vpid fsgsbase tsc_adjust bmi1 avx2 smep bmi2 erms invpcid cqm xsaveopt cqm_llc cqm_occup_llc dtherm ida arat pln pts md_clear spec_ctrl intel_stibp flush_l1d
bogomips	: 4998.87
clflush size	: 64
cache_alignment	: 64
address sizes	: 46 bits physical, 48 bits virtual
power management:

processor	: 8
vendor_id	: GenuineIntel
cpu family	: 6
model		: 63
model name	: Intel(R) Xeon(R) CPU E5-2680 v3 @ 2.50GHz
stepping	: 2
microcode	: 0x49
cpu MHz		: 2500.000
cache size	: 30720 KB
physical id	: 1
siblings	: 12
core id		: 4
cpu cores	: 12
apicid		: 40
initial apicid	: 40
fpu		: yes
fpu_exception	: yes
cpuid level	: 15
wp		: yes
flags		: fpu vme de pse tsc msr pae mce cx8 apic sep mtrr pge mca cmov pat pse36 clflush dts acpi mmx fxsr sse sse2 ss ht tm pbe syscall nx pdpe1gb rdtscp lm constant_tsc arch_perfmon pebs bts rep_good nopl xtopology nonstop_tsc aperfmperf eagerfpu pni pclmulqdq dtes64 monitor ds_cpl vmx smx est tm2 ssse3 sdbg fma cx16 xtpr pdcm pcid dca sse4_1 sse4_2 x2apic movbe popcnt tsc_deadline_timer aes xsave avx f16c rdrand lahf_lm abm epb invpcid_single intel_ppin ssbd ibrs ibpb stibp tpr_shadow vnmi flexpriority ept vpid fsgsbase tsc_adjust bmi1 avx2 smep bmi2 erms invpcid cqm xsaveopt cqm_llc cqm_occup_llc dtherm ida arat pln pts md_clear spec_ctrl intel_stibp flush_l1d
bogomips	: 4998.87
clflush size	: 64
cache_alignment	: 64
address sizes	: 46 bits physical, 48 bits virtual
power management:

processor	: 9
vendor_id	: GenuineIntel
cpu family	: 6
model		: 63
model name	: Intel(R) Xeon(R) CPU E5-2680 v3 @ 2.50GHz
stepping	: 2
microcode	: 0x49
cpu MHz		: 2500.000
cache size	: 30720 KB
physical id	: 1
siblings	: 12
core id		: 8
cpu cores	: 12
apicid		: 48
initial apicid	: 48
fpu		: yes
fpu_exception	: yes
cpuid level	: 15
wp		: yes
flags		: fpu vme de pse tsc msr pae mce cx8 apic sep mtrr pge mca cmov pat pse36 clflush dts acpi mmx fxsr sse sse2 ss ht tm pbe syscall nx pdpe1gb rdtscp lm constant_tsc arch_perfmon pebs bts rep_good nopl xtopology nonstop_tsc aperfmperf eagerfpu pni pclmulqdq dtes64 monitor ds_cpl vmx smx est tm2 ssse3 sdbg fma cx16 xtpr pdcm pcid dca sse4_1 sse4_2 x2apic movbe popcnt tsc_deadline_timer aes xsave avx f16c rdrand lahf_lm abm epb invpcid_single intel_ppin ssbd ibrs ibpb stibp tpr_shadow vnmi flexpriority ept vpid fsgsbase tsc_adjust bmi1 avx2 smep bmi2 erms invpcid cqm xsaveopt cqm_llc cqm_occup_llc dtherm ida arat pln pts md_clear spec_ctrl intel_stibp flush_l1d
bogomips	: 4998.87
clflush size	: 64
cache_alignment	: 64
address sizes	: 46 bits physical, 48 bits virtual
power management:

processor	: 10
vendor_id	: GenuineIntel
cpu family	: 6
model		: 63
model name	: Intel(R) Xeon(R) CPU E5-2680 v3 @ 2.50GHz
stepping	: 2
microcode	: 0x49
cpu MHz		: 2500.000
cache size	: 30720 KB
physical id	: 1
siblings	: 12
core id		: 10
cpu cores	: 12
apicid		: 52
initial apicid	: 52
fpu		: yes
fpu_exception	: yes
cpuid level	: 15
wp		: yes
flags		: fpu vme de pse tsc msr pae mce cx8 apic sep mtrr pge mca cmov pat pse36 clflush dts acpi mmx fxsr sse sse2 ss ht tm pbe syscall nx pdpe1gb rdtscp lm constant_tsc arch_perfmon pebs bts rep_good nopl xtopology nonstop_tsc aperfmperf eagerfpu pni pclmulqdq dtes64 monitor ds_cpl vmx smx est tm2 ssse3 sdbg fma cx16 xtpr pdcm pcid dca sse4_1 sse4_2 x2apic movbe popcnt tsc_deadline_timer aes xsave avx f16c rdrand lahf_lm abm epb invpcid_single intel_ppin ssbd ibrs ibpb stibp tpr_shadow vnmi flexpriority ept vpid fsgsbase tsc_adjust bmi1 avx2 smep bmi2 erms invpcid cqm xsaveopt cqm_llc cqm_occup_llc dtherm ida arat pln pts md_clear spec_ctrl intel_stibp flush_l1d
bogomips	: 4998.87
clflush size	: 64
cache_alignment	: 64
address sizes	: 46 bits physical, 48 bits virtual
power management:

processor	: 11
vendor_id	: GenuineIntel
cpu family	: 6
model		: 63
model name	: Intel(R) Xeon(R) CPU E5-2680 v3 @ 2.50GHz
stepping	: 2
microcode	: 0x49
cpu MHz		: 2500.000
cache size	: 30720 KB
physical id	: 1
siblings	: 12
core id		: 12
cpu cores	: 12
apicid		: 56
initial apicid	: 56
fpu		: yes
fpu_exception	: yes
cpuid level	: 15
wp		: yes
flags		: fpu vme de pse tsc msr pae mce cx8 apic sep mtrr pge mca cmov pat pse36 clflush dts acpi mmx fxsr sse sse2 ss ht tm pbe syscall nx pdpe1gb rdtscp lm constant_tsc arch_perfmon pebs bts rep_good nopl xtopology nonstop_tsc aperfmperf eagerfpu pni pclmulqdq dtes64 monitor ds_cpl vmx smx est tm2 ssse3 sdbg fma cx16 xtpr pdcm pcid dca sse4_1 sse4_2 x2apic movbe popcnt tsc_deadline_timer aes xsave avx f16c rdrand lahf_lm abm epb invpcid_single intel_ppin ssbd ibrs ibpb stibp tpr_shadow vnmi flexpriority ept vpid fsgsbase tsc_adjust bmi1 avx2 smep bmi2 erms invpcid cqm xsaveopt cqm_llc cqm_occup_llc dtherm ida arat pln pts md_clear spec_ctrl intel_stibp flush_l1d
bogomips	: 4998.87
clflush size	: 64
cache_alignment	: 64
address sizes	: 46 bits physical, 48 bits virtual
power management:

processor	: 12
vendor_id	: GenuineIntel
cpu family	: 6
model		: 63
model name	: Intel(R) Xeon(R) CPU E5-2680 v3 @ 2.50GHz
stepping	: 2
microcode	: 0x49
cpu MHz		: 2500.000
cache size	: 30720 KB
physical id	: 0
siblings	: 12
core id		: 1
cpu cores	: 12
apicid		: 2
initial apicid	: 2
fpu		: yes
fpu_exception	: yes
cpuid level	: 15
wp		: yes
flags		: fpu vme de pse tsc msr pae mce cx8 apic sep mtrr pge mca cmov pat pse36 clflush dts acpi mmx fxsr sse sse2 ss ht tm pbe syscall nx pdpe1gb rdtscp lm constant_tsc arch_perfmon pebs bts rep_good nopl xtopology nonstop_tsc aperfmperf eagerfpu pni pclmulqdq dtes64 monitor ds_cpl vmx smx est tm2 ssse3 sdbg fma cx16 xtpr pdcm pcid dca sse4_1 sse4_2 x2apic movbe popcnt tsc_deadline_timer aes xsave avx f16c rdrand lahf_lm abm epb invpcid_single intel_ppin ssbd ibrs ibpb stibp tpr_shadow vnmi flexpriority ept vpid fsgsbase tsc_adjust bmi1 avx2 smep bmi2 erms invpcid cqm xsaveopt cqm_llc cqm_occup_llc dtherm ida arat pln pts md_clear spec_ctrl intel_stibp flush_l1d
bogomips	: 4993.65
clflush size	: 64
cache_alignment	: 64
address sizes	: 46 bits physical, 48 bits virtual
power management:

processor	: 13
vendor_id	: GenuineIntel
cpu family	: 6
model		: 63
model name	: Intel(R) Xeon(R) CPU E5-2680 v3 @ 2.50GHz
stepping	: 2
microcode	: 0x49
cpu MHz		: 2500.000
cache size	: 30720 KB
physical id	: 0
siblings	: 12
core id		: 3
cpu cores	: 12
apicid		: 6
initial apicid	: 6
fpu		: yes
fpu_exception	: yes
cpuid level	: 15
wp		: yes
flags		: fpu vme de pse tsc msr pae mce cx8 apic sep mtrr pge mca cmov pat pse36 clflush dts acpi mmx fxsr sse sse2 ss ht tm pbe syscall nx pdpe1gb rdtscp lm constant_tsc arch_perfmon pebs bts rep_good nopl xtopology nonstop_tsc aperfmperf eagerfpu pni pclmulqdq dtes64 monitor ds_cpl vmx smx est tm2 ssse3 sdbg fma cx16 xtpr pdcm pcid dca sse4_1 sse4_2 x2apic movbe popcnt tsc_deadline_timer aes xsave avx f16c rdrand lahf_lm abm epb invpcid_single intel_ppin ssbd ibrs ibpb stibp tpr_shadow vnmi flexpriority ept vpid fsgsbase tsc_adjust bmi1 avx2 smep bmi2 erms invpcid cqm xsaveopt cqm_llc cqm_occup_llc dtherm ida arat pln pts md_clear spec_ctrl intel_stibp flush_l1d
bogomips	: 4993.65
clflush size	: 64
cache_alignment	: 64
address sizes	: 46 bits physical, 48 bits virtual
power management:

processor	: 14
vendor_id	: GenuineIntel
cpu family	: 6
model		: 63
model name	: Intel(R) Xeon(R) CPU E5-2680 v3 @ 2.50GHz
stepping	: 2
microcode	: 0x49
cpu MHz		: 2500.000
cache size	: 30720 KB
physical id	: 0
siblings	: 12
core id		: 5
cpu cores	: 12
apicid		: 10
initial apicid	: 10
fpu		: yes
fpu_exception	: yes
cpuid level	: 15
wp		: yes
flags		: fpu vme de pse tsc msr pae mce cx8 apic sep mtrr pge mca cmov pat pse36 clflush dts acpi mmx fxsr sse sse2 ss ht tm pbe syscall nx pdpe1gb rdtscp lm constant_tsc arch_perfmon pebs bts rep_good nopl xtopology nonstop_tsc aperfmperf eagerfpu pni pclmulqdq dtes64 monitor ds_cpl vmx smx est tm2 ssse3 sdbg fma cx16 xtpr pdcm pcid dca sse4_1 sse4_2 x2apic movbe popcnt tsc_deadline_timer aes xsave avx f16c rdrand lahf_lm abm epb invpcid_single intel_ppin ssbd ibrs ibpb stibp tpr_shadow vnmi flexpriority ept vpid fsgsbase tsc_adjust bmi1 avx2 smep bmi2 erms invpcid cqm xsaveopt cqm_llc cqm_occup_llc dtherm ida arat pln pts md_clear spec_ctrl intel_stibp flush_l1d
bogomips	: 4993.65
clflush size	: 64
cache_alignment	: 64
address sizes	: 46 bits physical, 48 bits virtual
power management:

processor	: 15
vendor_id	: GenuineIntel
cpu family	: 6
model		: 63
model name	: Intel(R) Xeon(R) CPU E5-2680 v3 @ 2.50GHz
stepping	: 2
microcode	: 0x49
cpu MHz		: 2500.000
cache size	: 30720 KB
physical id	: 0
siblings	: 12
core id		: 9
cpu cores	: 12
apicid		: 18
initial apicid	: 18
fpu		: yes
fpu_exception	: yes
cpuid level	: 15
wp		: yes
flags		: fpu vme de pse tsc msr pae mce cx8 apic sep mtrr pge mca cmov pat pse36 clflush dts acpi mmx fxsr sse sse2 ss ht tm pbe syscall nx pdpe1gb rdtscp lm constant_tsc arch_perfmon pebs bts rep_good nopl xtopology nonstop_tsc aperfmperf eagerfpu pni pclmulqdq dtes64 monitor ds_cpl vmx smx est tm2 ssse3 sdbg fma cx16 xtpr pdcm pcid dca sse4_1 sse4_2 x2apic movbe popcnt tsc_deadline_timer aes xsave avx f16c rdrand lahf_lm abm epb invpcid_single intel_ppin ssbd ibrs ibpb stibp tpr_shadow vnmi flexpriority ept vpid fsgsbase tsc_adjust bmi1 avx2 smep bmi2 erms invpcid cqm xsaveopt cqm_llc cqm_occup_llc dtherm ida arat pln pts md_clear spec_ctrl intel_stibp flush_l1d
bogomips	: 4993.65
clflush size	: 64
cache_alignment	: 64
address sizes	: 46 bits physical, 48 bits virtual
power management:

processor	: 16
vendor_id	: GenuineIntel
cpu family	: 6
model		: 63
model name	: Intel(R) Xeon(R) CPU E5-2680 v3 @ 2.50GHz
stepping	: 2
microcode	: 0x49
cpu MHz		: 2500.000
cache size	: 30720 KB
physical id	: 0
siblings	: 12
core id		: 11
cpu cores	: 12
apicid		: 22
initial apicid	: 22
fpu		: yes
fpu_exception	: yes
cpuid level	: 15
wp		: yes
flags		: fpu vme de pse tsc msr pae mce cx8 apic sep mtrr pge mca cmov pat pse36 clflush dts acpi mmx fxsr sse sse2 ss ht tm pbe syscall nx pdpe1gb rdtscp lm constant_tsc arch_perfmon pebs bts rep_good nopl xtopology nonstop_tsc aperfmperf eagerfpu pni pclmulqdq dtes64 monitor ds_cpl vmx smx est tm2 ssse3 sdbg fma cx16 xtpr pdcm pcid dca sse4_1 sse4_2 x2apic movbe popcnt tsc_deadline_timer aes xsave avx f16c rdrand lahf_lm abm epb invpcid_single intel_ppin ssbd ibrs ibpb stibp tpr_shadow vnmi flexpriority ept vpid fsgsbase tsc_adjust bmi1 avx2 smep bmi2 erms invpcid cqm xsaveopt cqm_llc cqm_occup_llc dtherm ida arat pln pts md_clear spec_ctrl intel_stibp flush_l1d
bogomips	: 4993.65
clflush size	: 64
cache_alignment	: 64
address sizes	: 46 bits physical, 48 bits virtual
power management:

processor	: 17
vendor_id	: GenuineIntel
cpu family	: 6
model		: 63
model name	: Intel(R) Xeon(R) CPU E5-2680 v3 @ 2.50GHz
stepping	: 2
microcode	: 0x49
cpu MHz		: 2500.000
cache size	: 30720 KB
physical id	: 0
siblings	: 12
core id		: 13
cpu cores	: 12
apicid		: 26
initial apicid	: 26
fpu		: yes
fpu_exception	: yes
cpuid level	: 15
wp		: yes
flags		: fpu vme de pse tsc msr pae mce cx8 apic sep mtrr pge mca cmov pat pse36 clflush dts acpi mmx fxsr sse sse2 ss ht tm pbe syscall nx pdpe1gb rdtscp lm constant_tsc arch_perfmon pebs bts rep_good nopl xtopology nonstop_tsc aperfmperf eagerfpu pni pclmulqdq dtes64 monitor ds_cpl vmx smx est tm2 ssse3 sdbg fma cx16 xtpr pdcm pcid dca sse4_1 sse4_2 x2apic movbe popcnt tsc_deadline_timer aes xsave avx f16c rdrand lahf_lm abm epb invpcid_single intel_ppin ssbd ibrs ibpb stibp tpr_shadow vnmi flexpriority ept vpid fsgsbase tsc_adjust bmi1 avx2 smep bmi2 erms invpcid cqm xsaveopt cqm_llc cqm_occup_llc dtherm ida arat pln pts md_clear spec_ctrl intel_stibp flush_l1d
bogomips	: 4993.65
clflush size	: 64
cache_alignment	: 64
address sizes	: 46 bits physical, 48 bits virtual
power management:

processor	: 18
vendor_id	: GenuineIntel
cpu family	: 6
model		: 63
model name	: Intel(R) Xeon(R) CPU E5-2680 v3 @ 2.50GHz
stepping	: 2
microcode	: 0x49
cpu MHz		: 2500.000
cache size	: 30720 KB
physical id	: 1
siblings	: 12
core id		: 1
cpu cores	: 12
apicid		: 34
initial apicid	: 34
fpu		: yes
fpu_exception	: yes
cpuid level	: 15
wp		: yes
flags		: fpu vme de pse tsc msr pae mce cx8 apic sep mtrr pge mca cmov pat pse36 clflush dts acpi mmx fxsr sse sse2 ss ht tm pbe syscall nx pdpe1gb rdtscp lm constant_tsc arch_perfmon pebs bts rep_good nopl xtopology nonstop_tsc aperfmperf eagerfpu pni pclmulqdq dtes64 monitor ds_cpl vmx smx est tm2 ssse3 sdbg fma cx16 xtpr pdcm pcid dca sse4_1 sse4_2 x2apic movbe popcnt tsc_deadline_timer aes xsave avx f16c rdrand lahf_lm abm epb invpcid_single intel_ppin ssbd ibrs ibpb stibp tpr_shadow vnmi flexpriority ept vpid fsgsbase tsc_adjust bmi1 avx2 smep bmi2 erms invpcid cqm xsaveopt cqm_llc cqm_occup_llc dtherm ida arat pln pts md_clear spec_ctrl intel_stibp flush_l1d
bogomips	: 4998.87
clflush size	: 64
cache_alignment	: 64
address sizes	: 46 bits physical, 48 bits virtual
power management:

processor	: 19
vendor_id	: GenuineIntel
cpu family	: 6
model		: 63
model name	: Intel(R) Xeon(R) CPU E5-2680 v3 @ 2.50GHz
stepping	: 2
microcode	: 0x49
cpu MHz		: 2500.000
cache size	: 30720 KB
physical id	: 1
siblings	: 12
core id		: 3
cpu cores	: 12
apicid		: 38
initial apicid	: 38
fpu		: yes
fpu_exception	: yes
cpuid level	: 15
wp		: yes
flags		: fpu vme de pse tsc msr pae mce cx8 apic sep mtrr pge mca cmov pat pse36 clflush dts acpi mmx fxsr sse sse2 ss ht tm pbe syscall nx pdpe1gb rdtscp lm constant_tsc arch_perfmon pebs bts rep_good nopl xtopology nonstop_tsc aperfmperf eagerfpu pni pclmulqdq dtes64 monitor ds_cpl vmx smx est tm2 ssse3 sdbg fma cx16 xtpr pdcm pcid dca sse4_1 sse4_2 x2apic movbe popcnt tsc_deadline_timer aes xsave avx f16c rdrand lahf_lm abm epb invpcid_single intel_ppin ssbd ibrs ibpb stibp tpr_shadow vnmi flexpriority ept vpid fsgsbase tsc_adjust bmi1 avx2 smep bmi2 erms invpcid cqm xsaveopt cqm_llc cqm_occup_llc dtherm ida arat pln pts md_clear spec_ctrl intel_stibp flush_l1d
bogomips	: 4998.87
clflush size	: 64
cache_alignment	: 64
address sizes	: 46 bits physical, 48 bits virtual
power management:

processor	: 20
vendor_id	: GenuineIntel
cpu family	: 6
model		: 63
model name	: Intel(R) Xeon(R) CPU E5-2680 v3 @ 2.50GHz
stepping	: 2
microcode	: 0x49
cpu MHz		: 2500.000
cache size	: 30720 KB
physical id	: 1
siblings	: 12
core id		: 5
cpu cores	: 12
apicid		: 42
initial apicid	: 42
fpu		: yes
fpu_exception	: yes
cpuid level	: 15
wp		: yes
flags		: fpu vme de pse tsc msr pae mce cx8 apic sep mtrr pge mca cmov pat pse36 clflush dts acpi mmx fxsr sse sse2 ss ht tm pbe syscall nx pdpe1gb rdtscp lm constant_tsc arch_perfmon pebs bts rep_good nopl xtopology nonstop_tsc aperfmperf eagerfpu pni pclmulqdq dtes64 monitor ds_cpl vmx smx est tm2 ssse3 sdbg fma cx16 xtpr pdcm pcid dca sse4_1 sse4_2 x2apic movbe popcnt tsc_deadline_timer aes xsave avx f16c rdrand lahf_lm abm epb invpcid_single intel_ppin ssbd ibrs ibpb stibp tpr_shadow vnmi flexpriority ept vpid fsgsbase tsc_adjust bmi1 avx2 smep bmi2 erms invpcid cqm xsaveopt cqm_llc cqm_occup_llc dtherm ida arat pln pts md_clear spec_ctrl intel_stibp flush_l1d
bogomips	: 4998.87
clflush size	: 64
cache_alignment	: 64
address sizes	: 46 bits physical, 48 bits virtual
power management:

processor	: 21
vendor_id	: GenuineIntel
cpu family	: 6
model		: 63
model name	: Intel(R) Xeon(R) CPU E5-2680 v3 @ 2.50GHz
stepping	: 2
microcode	: 0x49
cpu MHz		: 2500.000
cache size	: 30720 KB
physical id	: 1
siblings	: 12
core id		: 9
cpu cores	: 12
apicid		: 50
initial apicid	: 50
fpu		: yes
fpu_exception	: yes
cpuid level	: 15
wp		: yes
flags		: fpu vme de pse tsc msr pae mce cx8 apic sep mtrr pge mca cmov pat pse36 clflush dts acpi mmx fxsr sse sse2 ss ht tm pbe syscall nx pdpe1gb rdtscp lm constant_tsc arch_perfmon pebs bts rep_good nopl xtopology nonstop_tsc aperfmperf eagerfpu pni pclmulqdq dtes64 monitor ds_cpl vmx smx est tm2 ssse3 sdbg fma cx16 xtpr pdcm pcid dca sse4_1 sse4_2 x2apic movbe popcnt tsc_deadline_timer aes xsave avx f16c rdrand lahf_lm abm epb invpcid_single intel_ppin ssbd ibrs ibpb stibp tpr_shadow vnmi flexpriority ept vpid fsgsbase tsc_adjust bmi1 avx2 smep bmi2 erms invpcid cqm xsaveopt cqm_llc cqm_occup_llc dtherm ida arat pln pts md_clear spec_ctrl intel_stibp flush_l1d
bogomips	: 4998.87
clflush size	: 64
cache_alignment	: 64
address sizes	: 46 bits physical, 48 bits virtual
power management:

processor	: 22
vendor_id	: GenuineIntel
cpu family	: 6
model		: 63
model name	: Intel(R) Xeon(R) CPU E5-2680 v3 @ 2.50GHz
stepping	: 2
microcode	: 0x49
cpu MHz		: 2500.000
cache size	: 30720 KB
physical id	: 1
siblings	: 12
core id		: 11
cpu cores	: 12
apicid		: 54
initial apicid	: 54
fpu		: yes
fpu_exception	: yes
cpuid level	: 15
wp		: yes
flags		: fpu vme de pse tsc msr pae mce cx8 apic sep mtrr pge mca cmov pat pse36 clflush dts acpi mmx fxsr sse sse2 ss ht tm pbe syscall nx pdpe1gb rdtscp lm constant_tsc arch_perfmon pebs bts rep_good nopl xtopology nonstop_tsc aperfmperf eagerfpu pni pclmulqdq dtes64 monitor ds_cpl vmx smx est tm2 ssse3 sdbg fma cx16 xtpr pdcm pcid dca sse4_1 sse4_2 x2apic movbe popcnt tsc_deadline_timer aes xsave avx f16c rdrand lahf_lm abm epb invpcid_single intel_ppin ssbd ibrs ibpb stibp tpr_shadow vnmi flexpriority ept vpid fsgsbase tsc_adjust bmi1 avx2 smep bmi2 erms invpcid cqm xsaveopt cqm_llc cqm_occup_llc dtherm ida arat pln pts md_clear spec_ctrl intel_stibp flush_l1d
bogomips	: 4998.87
clflush size	: 64
cache_alignment	: 64
address sizes	: 46 bits physical, 48 bits virtual
power management:

processor	: 23
vendor_id	: GenuineIntel
cpu family	: 6
model		: 63
model name	: Intel(R) Xeon(R) CPU E5-2680 v3 @ 2.50GHz
stepping	: 2
microcode	: 0x49
cpu MHz		: 2500.000
cache size	: 30720 KB
physical id	: 1
siblings	: 12
core id		: 13
cpu cores	: 12
apicid		: 58
initial apicid	: 58
fpu		: yes
fpu_exception	: yes
cpuid level	: 15
wp		: yes
flags		: fpu vme de pse tsc msr pae mce cx8 apic sep mtrr pge mca cmov pat pse36 clflush dts acpi mmx fxsr sse sse2 ss ht tm pbe syscall nx pdpe1gb rdtscp lm constant_tsc arch_perfmon pebs bts rep_good nopl xtopology nonstop_tsc aperfmperf eagerfpu pni pclmulqdq dtes64 monitor ds_cpl vmx smx est tm2 ssse3 sdbg fma cx16 xtpr pdcm pcid dca sse4_1 sse4_2 x2apic movbe popcnt tsc_deadline_timer aes xsave avx f16c rdrand lahf_lm abm epb invpcid_single intel_ppin ssbd ibrs ibpb stibp tpr_shadow vnmi flexpriority ept vpid fsgsbase tsc_adjust bmi1 avx2 smep bmi2 erms invpcid cqm xsaveopt cqm_llc cqm_occup_llc dtherm ida arat pln pts md_clear spec_ctrl intel_stibp flush_l1d
bogomips	: 4998.87
clflush size	: 64
cache_alignment	: 64
address sizes	: 46 bits physical, 48 bits virtual
power management:



Memory: 4k page, physical 263845408k(11744580k free), swap 8388604k(0k free)

vm_info: OpenJDK 64-Bit Server VM (25.322-b06) for linux-amd64 JRE (1.8.0_322-b06), built on Jan 21 2022 06:01:57 by "mockbuild" with gcc 4.8.5 20150623 (Red Hat 4.8.5-44)

time: Thu Jun  9 16:17:09 2022
timezone: EDT
elapsed time: 59.752541 seconds (0d 0h 0m 59s)

