#
# A fatal error has been detected by the Java Runtime Environment:
#
#  SIGSEGV (0xb) at pc=0x00007f8f0b1f7a00, pid=17547, tid=0x00007f8f0e613980
#
# JRE version: OpenJDK Runtime Environment (8.0_322-b06) (build 1.8.0_322-b06)
# Java VM: OpenJDK 64-Bit Server VM (25.322-b06 mixed mode linux-amd64 compressed oops)
# Problematic frame:
# C  [libc.so.6+0x4aa00]  _IO_vfprintf+0x2400
#
# Failed to write core dump. Core dumps have been disabled. To enable core dumping, try "ulimit -c unlimited" before starting Java again
#
# If you would like to submit a bug report, please visit:
#   https://bugzilla.redhat.com/enter_bug.cgi?product=Red%20Hat%20Enterprise%20Linux%207&component=java-1.8.0-openjdk
# The crash happened outside the Java Virtual Machine in native code.
# See problematic frame for where to report the bug.
#

---------------  T H R E A D  ---------------

Current thread (0x00005579c461c800):  JavaThread "main" [_thread_in_native, id=17547, stack(0x00007ffdf5237000,0x00007ffdf5a34000)]

siginfo: si_signo: 11 (SIGSEGV), si_code: 1 (SEGV_MAPERR), si_addr: 0x00000000ffffffff

Registers:
RAX=0x0000000000000000, RBX=0x0000000000000000, RCX=0xffffffffffffffff, RDX=0x0000000000000015
RSP=0x00007ffdf5a29b80, RBP=0x00007ffdf5a2aac0, RSI=0x00007ffdf5a29c08, RDI=0x00000000ffffffff
R8 =0x0000000000000073, R9 =0x00007f8f0b1fa2cd, R10=0x00007f8bfbbf66af, R11=0x00000000ffffffff
R12=0x00007ffdf5a2aa88, R13=0x00007ffdf5a2ac58, R14=0x00007f8bfbbf66a2, R15=0x00007ffdf5a2aad0
RIP=0x00007f8f0b1f7a00, EFLAGS=0x0000000000010286, CSGSFS=0x0000000000000033, ERR=0x0000000000000004
  TRAPNO=0x000000000000000e

Top of Stack: (sp=0x00007ffdf5a29b80)
0x00007ffdf5a29b80:   00007f8bfbbf666b 00007f8f0b219f2b
0x00007ffdf5a29b90:   00000000ffffffff 00007f8bfbbf66b0
0x00007ffdf5a29ba0:   ffffffffffffffff 0000000300000003
0x00007ffdf5a29bb0:   0000000000000002 00007f8f0b1f6e7a
0x00007ffdf5a29bc0:   00000000ffffffff 0000b00000000073
0x00007ffdf5a29bd0:   d65f50a700000020 00007f8bfbbf66a4
0x00007ffdf5a29be0:   00007f8bfbbf66ae ffffffffffffffff
0x00007ffdf5a29bf0:   0000000300000000 0000000000000001
0x00007ffdf5a29c00:   d807aa98ffffffff 00000000ffffffff
0x00007ffdf5a29c10:   0000e00000000073 cfce123800000020
0x00007ffdf5a29c20:   00007f8bfbbf66b0 00007f8bfbbf66b1
0x00007ffdf5a29c30:   ffffffffffffffff 0000000300000001
0x00007ffdf5a29c40:   0000000000000001 80deb1feffffffff
0x00007ffdf5a29c50:   742ee8890e712d74 b2c4844084df20c5
0x00007ffdf5a29c60:   9bdc06a725c71235 c19bf174cf692c14
0x00007ffdf5a29c70:   2182d24d964f76f6 688f6a5bfbd121b0
0x00007ffdf5a29c80:   9714d1c118217bce 242444ff8960ac1a
0x00007ffdf5a29c90:   af220c49be36ca80 93f344f136f34796
0x00007ffdf5a29ca0:   501be89039024745 bb1596af40059301
0x00007ffdf5a29cb0:   646125497a05c87a b004e9297095a8ff
0x00007ffdf5a29cc0:   3db5c946d2bcd690 0f7a0c265bd0ac02
0x00007ffdf5a29cd0:   72976396681a3a63 6577d95f7ec93107
0x00007ffdf5a29ce0:   123f82a4af194f9b ab1c5ed5da6d8118
0x00007ffdf5a29cf0:   8cd2996665e0ae28 bff88175a7e742a8
0x00007ffdf5a29d00:   00005579cb461ae0 00005579cb461b30
0x00007ffdf5a29d10:   00005579cb461bb0 00007ffdf5a2a208
0x00007ffdf5a29d20:   0000000000000000 00007f8f0e61a0c0
0x00007ffdf5a29d30:   00007f8f0e62c000 00007f8f0cb98202
0x00007ffdf5a29d40:   00007f8f0c750610 00007f8f0cb93748
0x00007ffdf5a29d50:   0000000500000000 0000000100000fef
0x00007ffdf5a29d60:   c809813571c0f3cd 00007ffdf5a29ee8
0x00007ffdf5a29d70:   00007ffdf5a29ec0 0000000000000001 

Instructions: (pc=0x00007f8f0b1f7a00)
0x00007f8f0b1f79e0:   30 fb ff ff 48 63 85 f8 fa ff ff 48 89 85 68 fa
0x00007f8f0b1f79f0:   ff ff e9 c2 e4 ff ff 31 c0 48 83 c9 ff 4c 89 df
0x00007f8f0b1f7a00:   f2 ae c7 85 70 fa ff ff 00 00 00 00 48 89 ce 48
0x00007f8f0b1f7a10:   f7 d6 4c 8d 66 ff e9 b7 fd ff ff 48 8d 85 80 fb 

Register to memory mapping:

RAX=0x0000000000000000 is an unknown value
RBX=0x0000000000000000 is an unknown value
RCX=0xffffffffffffffff is an unknown value
RDX=0x0000000000000015 is an unknown value
RSP=0x00007ffdf5a29b80 is pointing into the stack for thread: 0x00005579c461c800
RBP=0x00007ffdf5a2aac0 is pointing into the stack for thread: 0x00005579c461c800
RSI=0x00007ffdf5a29c08 is pointing into the stack for thread: 0x00005579c461c800
RDI=0x00000000ffffffff is an unknown value
R8 =0x0000000000000073 is an unknown value
R9 =0x00007f8f0b1fa2cd: _IO_vfprintf+0x4ccd in /lib64/libc.so.6 at 0x00007f8f0b1ad000
R10=0x00007f8bfbbf66af: <offset 0xa6af> in /home/c242664/R/x86_64-pc-linux-gnu-library/4.0/RPostgreSQL/libs/RPostgreSQL.so at 0x00007f8bfbbec000
R11=0x00000000ffffffff is an unknown value
R12=0x00007ffdf5a2aa88 is pointing into the stack for thread: 0x00005579c461c800
R13=0x00007ffdf5a2ac58 is pointing into the stack for thread: 0x00005579c461c800
R14=0x00007f8bfbbf66a2: <offset 0xa6a2> in /home/c242664/R/x86_64-pc-linux-gnu-library/4.0/RPostgreSQL/libs/RPostgreSQL.so at 0x00007f8bfbbec000
R15=0x00007ffdf5a2aad0 is pointing into the stack for thread: 0x00005579c461c800


Stack: [0x00007ffdf5237000,0x00007ffdf5a34000],  sp=0x00007ffdf5a29b80,  free space=8138k
Native frames: (J=compiled Java code, j=interpreted, Vv=VM code, C=native code)
C  [libc.so.6+0x4aa00]  _IO_vfprintf+0x2400
C  [libc.so.6+0x78179]  vsnprintf+0x79
C  0x28203a7265766972


---------------  P R O C E S S  ---------------

Java Threads: ( => current thread )
  0x00005579c841a800 JavaThread "Service Thread" daemon [_thread_blocked, id=22238, stack(0x00007f8c40b31000,0x00007f8c40d32000)]
  0x00005579c8407000 JavaThread "C1 CompilerThread11" daemon [_thread_blocked, id=22237, stack(0x00007f8c40d33000,0x00007f8c40e33000)]
  0x00005579c8405000 JavaThread "C1 CompilerThread10" daemon [_thread_blocked, id=22236, stack(0x00007f8c40e34000,0x00007f8c40f34000)]
  0x00005579c8402800 JavaThread "C1 CompilerThread9" daemon [_thread_blocked, id=22235, stack(0x00007f8c40f35000,0x00007f8c41035000)]
  0x00005579c8400800 JavaThread "C1 CompilerThread8" daemon [_thread_blocked, id=22234, stack(0x00007f8c41036000,0x00007f8c41136000)]
  0x00005579c83fe000 JavaThread "C2 CompilerThread7" daemon [_thread_blocked, id=22233, stack(0x00007f8c41137000,0x00007f8c41237000)]
  0x00005579c83fb800 JavaThread "C2 CompilerThread6" daemon [_thread_blocked, id=22232, stack(0x00007f8c41238000,0x00007f8c41338000)]
  0x00005579c83f9800 JavaThread "C2 CompilerThread5" daemon [_thread_blocked, id=22231, stack(0x00007f8c41339000,0x00007f8c41439000)]
  0x00005579c83ef000 JavaThread "C2 CompilerThread4" daemon [_thread_blocked, id=22230, stack(0x00007f8c4143a000,0x00007f8c4153a000)]
  0x00005579c83ed000 JavaThread "C2 CompilerThread3" daemon [_thread_blocked, id=22229, stack(0x00007f8c4153b000,0x00007f8c4163b000)]
  0x00005579c83ea800 JavaThread "C2 CompilerThread2" daemon [_thread_blocked, id=22228, stack(0x00007f8c4163c000,0x00007f8c4173c000)]
  0x00005579c83e8800 JavaThread "C2 CompilerThread1" daemon [_thread_blocked, id=22227, stack(0x00007f8c4173d000,0x00007f8c4183d000)]
  0x00005579c83e6000 JavaThread "C2 CompilerThread0" daemon [_thread_blocked, id=22225, stack(0x00007f8c4183e000,0x00007f8c4193e000)]
  0x00005579c83d7800 JavaThread "Attach Listener" daemon [_thread_blocked, id=22224, stack(0x00007f8c4193e000,0x00007f8c41b3f000)]
  0x00005579c83ad000 JavaThread "Finalizer" daemon [_thread_blocked, id=22223, stack(0x00007f8c41b3f000,0x00007f8c41d40000)]
  0x00005579c83a8000 JavaThread "Reference Handler" daemon [_thread_blocked, id=22222, stack(0x00007f8c41d40000,0x00007f8c41f41000)]
=>0x00005579c461c800 JavaThread "main" [_thread_in_native, id=17547, stack(0x00007ffdf5237000,0x00007ffdf5a34000)]

Other Threads:
  0x00005579c839e800 VMThread [stack: 0x00007f8c41f42000,0x00007f8c42042000] [id=22221]
  0x00005579c841f800 WatcherThread [stack: 0x00007f8c40a31000,0x00007f8c40b31000] [id=22239]

VM state:not at safepoint (normal execution)

VM Mutex/Monitor currently owned by a thread: None

heap address: 0x00000005c0000000, size: 8192 MB, Compressed Oops mode: Zero based, Oop shift amount: 3
Narrow klass base: 0x0000000000000000, Narrow klass shift: 3
Compressed class space size: 1073741824 Address: 0x00000007c0000000

Heap:
 PSYoungGen      total 611840K, used 62978K [0x0000000715580000, 0x0000000740000000, 0x00000007c0000000)
  eden space 524800K, 12% used [0x0000000715580000,0x00000007193008e0,0x0000000735600000)
  from space 87040K, 0% used [0x000000073ab00000,0x000000073ab00000,0x0000000740000000)
  to   space 87040K, 0% used [0x0000000735600000,0x0000000735600000,0x000000073ab00000)
 ParOldGen       total 1398272K, used 0K [0x00000005c0000000, 0x0000000615580000, 0x0000000715580000)
  object space 1398272K, 0% used [0x00000005c0000000,0x00000005c0000000,0x0000000615580000)
 Metaspace       used 7643K, capacity 7944K, committed 8192K, reserved 1056768K
  class space    used 918K, capacity 948K, committed 1024K, reserved 1048576K

Card table byte_map: [0x00007f8c452cd000,0x00007f8c462ce000] byte_map_base: 0x00007f8c424cd000

Marking Bits: (ParMarkBitMap*) 0x00007f8d72d47680
 Begin Bits: [0x00007f8bdc000000, 0x00007f8be4000000)
 End Bits:   [0x00007f8be4000000, 0x00007f8bec000000)

Polling page: 0x00007f8f0e64d000

CodeCache: size=245760Kb used=4403Kb max_used=4416Kb free=241356Kb
 bounds [0x00007f8c4668e000, 0x00007f8c46aee000, 0x00007f8c5568e000]
 total_blobs=871 nmethods=589 adapters=192
 compilation: enabled

Compilation events (250 events):
Event: 1.408 Thread 0x00005579c8407000 nmethod 462 0x00007f8c46a873d0 code [0x00007f8c46a87520, 0x00007f8c46a87638]
Event: 1.408 Thread 0x00005579c8407000  464       3       java.util.Collections$UnmodifiableCollection$1::hasNext (10 bytes)
Event: 1.408 Thread 0x00005579c8400800 nmethod 463 0x00007f8c46a86fd0 code [0x00007f8c46a87140, 0x00007f8c46a87318]
Event: 1.408 Thread 0x00005579c8400800  466       3       java.util.HashSet::add (20 bytes)
Event: 1.408 Thread 0x00005579c8407000 nmethod 464 0x00007f8c46a86b90 code [0x00007f8c46a86d00, 0x00007f8c46a86f30]
Event: 1.408 Thread 0x00005579c8402800  465       1       java.util.Collections$EmptyIterator::hasNext (2 bytes)
Event: 1.408 Thread 0x00005579c8402800 nmethod 465 0x00007f8c46a91e90 code [0x00007f8c46a91fe0, 0x00007f8c46a920f8]
Event: 1.408 Thread 0x00005579c8407000  467       3       java.util.Collections$UnmodifiableCollection$1::next (10 bytes)
Event: 1.408 Thread 0x00005579c8407000 nmethod 467 0x00007f8c46a91a50 code [0x00007f8c46a91bc0, 0x00007f8c46a91df0]
Event: 1.408 Thread 0x00005579c8400800 nmethod 466 0x00007f8c46a911d0 code [0x00007f8c46a91360, 0x00007f8c46a91880]
Event: 1.408 Thread 0x00005579c8405000  468       3       java.util.AbstractSet::<init> (5 bytes)
Event: 1.408 Thread 0x00005579c8402800  469       3       java.util.HashMap::containsKey (18 bytes)
Event: 1.408 Thread 0x00005579c8405000 nmethod 468 0x00007f8c46a90d50 code [0x00007f8c46a90ec0, 0x00007f8c46a910d8]
Event: 1.408 Thread 0x00005579c8407000  470       3       java.util.HashSet::iterator (13 bytes)
Event: 1.408 Thread 0x00005579c8400800  471       1       java.util.Collections$1::hasNext (5 bytes)
Event: 1.408 Thread 0x00005579c8402800 nmethod 469 0x00007f8c46a96ed0 code [0x00007f8c46a97060, 0x00007f8c46a97460]
Event: 1.408 Thread 0x00005579c8405000  473       3       java.util.HashMap$HashIterator::<init> (79 bytes)
Event: 1.408 Thread 0x00005579c8400800 nmethod 471 0x00007f8c46a96c10 code [0x00007f8c46a96d60, 0x00007f8c46a96e78]
Event: 1.408 Thread 0x00005579c8402800  472       3       java.util.HashSet::contains (9 bytes)
Event: 1.408 Thread 0x00005579c8400800  474       3       java.util.HashMap::keySet (25 bytes)
Event: 1.408 Thread 0x00005579c8407000 nmethod 470 0x00007f8c46a96690 code [0x00007f8c46a96820, 0x00007f8c46a96b00]
Event: 1.408 Thread 0x00005579c8407000  475       3       java.util.HashMap$KeySet::iterator (12 bytes)
Event: 1.409 Thread 0x00005579c8407000 nmethod 475 0x00007f8c46a96190 code [0x00007f8c46a96300, 0x00007f8c46a96590]
Event: 1.409 Thread 0x00005579c8407000  476       3       java.util.HashMap$KeyIterator::<init> (11 bytes)
Event: 1.409 Thread 0x00005579c8405000 nmethod 473 0x00007f8c46a97590 code [0x00007f8c46a97720, 0x00007f8c46a97ad8]
Event: 1.409 Thread 0x00005579c8405000  477       3       java.util.Collections$UnmodifiableCollection::<init> (22 bytes)
Event: 1.409 Thread 0x00005579c8400800 nmethod 474 0x00007f8c46a97c50 code [0x00007f8c46a97de0, 0x00007f8c46a98178]
Event: 1.409 Thread 0x00005579c8400800  478       3       java.util.Collections::unmodifiableSet (9 bytes)
Event: 1.409 Thread 0x00005579c8402800 nmethod 472 0x00007f8c46a98310 code [0x00007f8c46a984a0, 0x00007f8c46a989a0]
Event: 1.409 Thread 0x00005579c8402800  479       3       java.util.Collections$UnmodifiableSet::<init> (6 bytes)
Event: 1.409 Thread 0x00005579c8407000 nmethod 476 0x00007f8c46a95d10 code [0x00007f8c46a95e80, 0x00007f8c46a96030]
Event: 1.409 Thread 0x00005579c8407000  482       3       org.apache.xmlbeans.impl.schema.SchemaTypeImpl::computeAllContainedElements (137 bytes)
Event: 1.409 Thread 0x00005579c8405000 nmethod 477 0x00007f8c46a98b50 code [0x00007f8c46a98ce0, 0x00007f8c46a98fb0]
Event: 1.409 Thread 0x00005579c8405000  480       3       java.util.Collections$UnmodifiableCollection::iterator (9 bytes)
Event: 1.409 Thread 0x00005579c8402800 nmethod 479 0x00007f8c46a990d0 code [0x00007f8c46a99260, 0x00007f8c46a99590]
Event: 1.409 Thread 0x00005579c8400800 nmethod 478 0x00007f8c46a99710 code [0x00007f8c46a998a0, 0x00007f8c46a99c70]
Event: 1.409 Thread 0x00005579c8402800  481       3       java.util.Collections$UnmodifiableCollection$1::<init> (26 bytes)
Event: 1.409 Thread 0x00005579c8402800 nmethod 481 0x00007f8c46a99e50 code [0x00007f8c46a99fc0, 0x00007f8c46a9a290]
Event: 1.409 Thread 0x00005579c8402800  483       3       java.util.Collections$UnmodifiableCollection::contains (11 bytes)
Event: 1.409 Thread 0x00005579c8402800 nmethod 483 0x00007f8c46a9a390 code [0x00007f8c46a9a500, 0x00007f8c46a9a730]
Event: 1.409 Thread 0x00005579c8402800  487       3       java.util.Collections$EmptySet::iterator (4 bytes)
Event: 1.409 Thread 0x00005579c8400800  488       3       java.util.Collections::emptyIterator (4 bytes)
Event: 1.409 Thread 0x00005579c8402800 nmethod 487 0x00007f8c46a9a810 code [0x00007f8c46a9a980, 0x00007f8c46a9ab38]
Event: 1.409 Thread 0x00005579c8402800  489       3       java.util.AbstractCollection::addAll (42 bytes)
Event: 1.409 Thread 0x00005579c8400800 nmethod 488 0x00007f8c46a9abd0 code [0x00007f8c46a9ad40, 0x00007f8c46a9ae98]
Event: 1.409 Thread 0x00005579c8400800  484       3       java.util.HashSet::isEmpty (8 bytes)
Event: 1.410 Thread 0x00005579c8405000 nmethod 480 0x00007f8c46a9af10 code [0x00007f8c46a9b0a0, 0x00007f8c46a9b430]
Event: 1.410 Thread 0x00005579c8405000  485       3       java.util.HashMap::isEmpty (13 bytes)
Event: 1.410 Thread 0x00005579c83ed000  490       4       java.util.HashMap$HashIterator::hasNext (13 bytes)
Event: 1.410 Thread 0x00005579c8402800 nmethod 489 0x00007f8c46a9b590 code [0x00007f8c46a9b740, 0x00007f8c46a9bcc0]
Event: 1.410 Thread 0x00005579c8402800  486       3       javax.xml.namespace.QName::equals (59 bytes)
Event: 1.410 Thread 0x00005579c8407000 nmethod 482 0x00007f8c46a9be90 code [0x00007f8c46a9c0c0, 0x00007f8c46a9cd60]
Event: 1.410 Thread 0x00005579c8400800 nmethod 484 0x00007f8c46a9d290 code [0x00007f8c46a9d400, 0x00007f8c46a9d6b8]
Event: 1.410 Thread 0x00005579c8405000 nmethod 485 0x00007f8c46a9d790 code [0x00007f8c46a9d900, 0x00007f8c46a9dab8]
Event: 1.410 Thread 0x00005579c8400800  491       3       org.apache.xmlbeans.QNameSet::includedURIs (14 bytes)
Event: 1.410 Thread 0x00005579c8407000  492       3       org.apache.xmlbeans.QNameSet::includedQNamesInExcludedURIs (22 bytes)
Event: 1.410 Thread 0x00005579c83ed000 nmethod 490 0x00007f8c46a86950 code [0x00007f8c46a86aa0, 0x00007f8c46a86b18]
Event: 1.410 Thread 0x00005579c8402800 nmethod 486 0x00007f8c46a9fe50 code [0x00007f8c46aa0000, 0x00007f8c46aa0660]
Event: 1.410 Thread 0x00005579c8400800 nmethod 491 0x00007f8c46a9fa90 code [0x00007f8c46a9fc00, 0x00007f8c46a9fdb8]
Event: 1.410 Thread 0x00005579c8400800  493       3       org.apache.xmlbeans.QNameSet::excludedQNamesInIncludedURIs (22 bytes)
Event: 1.410 Thread 0x00005579c8407000 nmethod 492 0x00007f8c46a9f1d0 code [0x00007f8c46a9f380, 0x00007f8c46a9f830]
Event: 1.410 Thread 0x00005579c8400800 nmethod 493 0x00007f8c46a9e910 code [0x00007f8c46a9eac0, 0x00007f8c46a9ef70]
Event: 1.412 Thread 0x00005579c8405000  494       3       org.apache.xmlbeans.impl.schema.SchemaTypeSystemImpl$XsbReader::readTypeRef (8 bytes)
Event: 1.412 Thread 0x00005579c8405000 nmethod 494 0x00007f8c46a9e450 code [0x00007f8c46a9e5c0, 0x00007f8c46a9e850]
Event: 1.414 Thread 0x00005579c83e6000  495   !   4       sun.misc.URLClassPath$JarLoader::getResource (85 bytes)
Event: 1.417 Thread 0x00005579c8402800  497       3       java.util.ArrayDeque::add (7 bytes)
Event: 1.417 Thread 0x00005579c8405000  498       3       java.util.ArrayDeque::addLast (53 bytes)
Event: 1.417 Thread 0x00005579c8402800 nmethod 497 0x00007f8c46a9dcd0 code [0x00007f8c46a9de40, 0x00007f8c46a9dff0]
Event: 1.417 Thread 0x00005579c8405000 nmethod 498 0x00007f8c46aa07d0 code [0x00007f8c46aa0960, 0x00007f8c46aa0d80]
Event: 1.419 Thread 0x00005579c8407000  499  s    3       java.util.jar.JarFile::getInputStream (89 bytes)
Event: 1.420 Thread 0x00005579c8407000 nmethod 499 0x00007f8c46aa0f10 code [0x00007f8c46aa1120, 0x00007f8c46aa1cc0]
Event: 1.420 Thread 0x00005579c8400800  501       3       org.apache.xmlbeans.impl.schema.SchemaParticleImpl::mutate (16 bytes)
Event: 1.420 Thread 0x00005579c8402800  500       3       org.apache.xmlbeans.QNameSet::minSetCopy (53 bytes)
Event: 1.420 Thread 0x00005579c8405000  502       3       java.util.HashMap::<init> (11 bytes)
Event: 1.420 Thread 0x00005579c8400800 nmethod 501 0x00007f8c46aa1fd0 code [0x00007f8c46aa2140, 0x00007f8c46aa23b0]
Event: 1.420 Thread 0x00005579c8400800  503       3       java.util.HashSet::size (8 bytes)
Event: 1.420 Thread 0x00005579c8405000 nmethod 502 0x00007f8c46aa2490 code [0x00007f8c46aa2600, 0x00007f8c46aa2818]
Event: 1.420 Thread 0x00005579c8400800 nmethod 503 0x00007f8c46aa2910 code [0x00007f8c46aa2a80, 0x00007f8c46aa2c78]
Event: 1.420 Thread 0x00005579c83fb800  504       4       java.util.HashMap$HashIterator::nextNode (100 bytes)
Event: 1.421 Thread 0x00005579c8402800 nmethod 500 0x00007f8c46aa2d10 code [0x00007f8c46aa2f00, 0x00007f8c46aa3730]
Event: 1.421 Thread 0x00005579c8405000  505       3       org.apache.xmlbeans.impl.schema.SchemaTypeSystemImpl$XsbReader::atLeast (54 bytes)
Event: 1.421 Thread 0x00005579c8400800  506   !   3       org.apache.xmlbeans.impl.schema.SchemaTypeSystemImpl$XsbReader::readInt (34 bytes)
Event: 1.421 Thread 0x00005579c8402800  507       3       java.io.DataInputStream::readInt (72 bytes)
Event: 1.421 Thread 0x00005579c8405000 nmethod 505 0x00007f8c46aa3a10 code [0x00007f8c46aa3b80, 0x00007f8c46aa3e98]
Event: 1.421 Thread 0x00005579c8407000  508       1       org.apache.xmlbeans.impl.schema.SchemaPropertyImpl::isAttribute (5 bytes)
Event: 1.421 Thread 0x00005579c8402800 nmethod 507 0x00007f8c46aa3f10 code [0x00007f8c46aa40e0, 0x00007f8c46aa4690]
Event: 1.421 Thread 0x00005579c8400800 nmethod 506 0x00007f8c46aa48d0 code [0x00007f8c46aa4a60, 0x00007f8c46aa4e70]
Event: 1.421 Thread 0x00005579c8407000 nmethod 508 0x00007f8c46aa5050 code [0x00007f8c46aa51a0, 0x00007f8c46aa52b8]
Event: 1.421 Thread 0x00005579c8407000  509       3       org.apache.xmlbeans.impl.schema.SchemaTypeSystemImpl$XsbReader::readBigInteger (54 bytes)
Event: 1.421 Thread 0x00005579c8400800  510   !   3       org.apache.xmlbeans.impl.schema.SchemaTypeSystemImpl$XsbReader::readByteArray (48 bytes)
Event: 1.421 Thread 0x00005579c8405000  511       3       java.io.DataInputStream::readShort (40 bytes)
Event: 1.421 Thread 0x00005579c8402800  512       3       java.io.DataInputStream::readFully (9 bytes)
Event: 1.421 Thread 0x00005579c8402800 nmethod 512 0x00007f8c46aa5310 code [0x00007f8c46aa5480, 0x00007f8c46aa56b0]
Event: 1.421 Thread 0x00005579c8402800  514       3       org.apache.xmlbeans.impl.schema.SchemaParticleImpl::getParticleChild (7 bytes)
Event: 1.421 Thread 0x00005579c8407000 nmethod 509 0x00007f8c46aa5790 code [0x00007f8c46aa5940, 0x00007f8c46aa5d40]
Event: 1.421 Thread 0x00005579c8405000 nmethod 511 0x00007f8c46aa5e90 code [0x00007f8c46aa6020, 0x00007f8c46aa6430]
Event: 1.421 Thread 0x00005579c8402800 nmethod 514 0x00007f8c46aa65d0 code [0x00007f8c46aa6740, 0x00007f8c46aa68d8]
Event: 1.421 Thread 0x00005579c8407000  513       3       org.apache.xmlbeans.QNameSet::excludedURIs (17 bytes)
Event: 1.421 Thread 0x00005579c8400800 nmethod 510 0x00007f8c46aa69d0 code [0x00007f8c46aa6b80, 0x00007f8c46aa71c0]
Event: 1.422 Thread 0x00005579c8407000 nmethod 513 0x00007f8c46aa7490 code [0x00007f8c46aa7640, 0x00007f8c46aa7af0]
Event: 1.423 Thread 0x00005579c83fb800 nmethod 504 0x00007f8c46aaab90 code [0x00007f8c46aaace0, 0x00007f8c46aaaf38]
Event: 1.425 Thread 0x00005579c8402800  515       3       java.lang.ClassLoader::preDefineClass (109 bytes)
Event: 1.425 Thread 0x00005579c8405000  516   !   3       java.lang.ClassLoader::checkCerts (195 bytes)
Event: 1.425 Thread 0x00005579c8400800  517       3       java.lang.ClassLoader::defineClassSourceLocation (28 bytes)
Event: 1.425 Thread 0x00005579c8407000  519       3       java.lang.ClassLoader::addClass (9 bytes)
Event: 1.425 Thread 0x00005579c8407000 nmethod 519 0x00007f8c46aaa2d0 code [0x00007f8c46aaa440, 0x00007f8c46aaa670]
Event: 1.425 Thread 0x00005579c8407000  520       3       java.lang.ClassLoader::postDefineClass (26 bytes)
Event: 1.425 Thread 0x00005579c8400800 nmethod 517 0x00007f8c46aa9910 code [0x00007f8c46aa9aa0, 0x00007f8c46aaa0f0]
Event: 1.425 Thread 0x00005579c8400800  523       3       java.lang.ClassLoader::defineClass (43 bytes)
Event: 1.425 Thread 0x00005579c8407000 nmethod 520 0x00007f8c46aa9090 code [0x00007f8c46aa9220, 0x00007f8c46aa9780]
Event: 1.425 Thread 0x00005579c8407000  521       3       java.security.CodeSource::<init> (40 bytes)
Event: 1.425 Thread 0x00005579c8407000 nmethod 521 0x00007f8c46aa8950 code [0x00007f8c46aa8ae0, 0x00007f8c46aa8f50]
Event: 1.425 Thread 0x00005579c8407000  522   !   3       java.security.SecureClassLoader::getProtectionDomain (114 bytes)
Event: 1.425 Thread 0x00005579c8402800 nmethod 515 0x00007f8c46aab050 code [0x00007f8c46aab320, 0x00007f8c46aac890]
Event: 1.426 Thread 0x00005579c8400800 nmethod 523 0x00007f8c46aad190 code [0x00007f8c46aad380, 0x00007f8c46aadf50]
Event: 1.426 Thread 0x00005579c8400800  524   !   3       java.net.URLClassLoader::definePackageInternal (81 bytes)
Event: 1.426 Thread 0x00005579c8405000 nmethod 516 0x00007f8c46aae450 code [0x00007f8c46aae720, 0x00007f8c46aafdc0]
Event: 1.426 Thread 0x00005579c8407000 nmethod 522 0x00007f8c46ab0790 code [0x00007f8c46ab0980, 0x00007f8c46ab1490]
Event: 1.426 Thread 0x00005579c8400800 nmethod 524 0x00007f8c46ab1a10 code [0x00007f8c46ab1c40, 0x00007f8c46ab27e0]
Event: 1.426 Thread 0x00005579c8400800  525       3       java.util.HashSet::<init> (16 bytes)
Event: 1.427 Thread 0x00005579c8400800 nmethod 525 0x00007f8c46aa81d0 code [0x00007f8c46aa8360, 0x00007f8c46aa8778]
Event: 1.428 Thread 0x00005579c8402800  526       3       sun.misc.URLClassPath$JarLoader$2::getCodeSourceURL (8 bytes)
Event: 1.428 Thread 0x00005579c8405000  527       3       sun.misc.URLClassPath$JarLoader$2::getManifest (26 bytes)
Event: 1.428 Thread 0x00005579c8407000  528       3       java.util.jar.JavaUtilJarAccessImpl::ensureInitialization (5 bytes)
Event: 1.428 Thread 0x00005579c8400800  529  s!   3       java.util.jar.JarFile::ensureInitialization (41 bytes)
Event: 1.428 Thread 0x00005579c8402800 nmethod 526 0x00007f8c46aa7e50 code [0x00007f8c46aa7fc0, 0x00007f8c46aa8138]
Event: 1.428 Thread 0x00005579c8407000 nmethod 528 0x00007f8c46ab2cd0 code [0x00007f8c46ab2e40, 0x00007f8c46ab3050]
Event: 1.428 Thread 0x00005579c8402800  530       3       sun.misc.URLClassPath$JarLoader$2::getInputStream (15 bytes)
Event: 1.428 Thread 0x00005579c8407000  531       3       sun.misc.URLClassPath$JarLoader$2::getBytes (48 bytes)
Event: 1.428 Thread 0x00005579c8402800 nmethod 530 0x00007f8c46ab3110 code [0x00007f8c46ab3280, 0x00007f8c46ab34d0]
Event: 1.428 Thread 0x00005579c8402800  532       3       sun.misc.URLClassPath$JarLoader$2::getContentLength (9 bytes)
Event: 1.428 Thread 0x00005579c8405000 nmethod 527 0x00007f8c46ab35d0 code [0x00007f8c46ab3780, 0x00007f8c46ab3cd0]
Event: 1.428 Thread 0x00005579c8400800 nmethod 529 0x00007f8c46ab3f10 code [0x00007f8c46ab40a0, 0x00007f8c46ab4550]
Event: 1.428 Thread 0x00005579c8405000  533       3       java.util.zip.CRC32::<init> (5 bytes)
Event: 1.428 Thread 0x00005579c8400800  534       3       java.util.zip.CRC32::update (16 bytes)
Event: 1.428 Thread 0x00005579c8402800 nmethod 532 0x00007f8c46ab46d0 code [0x00007f8c46ab4840, 0x00007f8c46ab4a98]
Event: 1.428 Thread 0x00005579c8405000 nmethod 533 0x00007f8c46ab4b50 code [0x00007f8c46ab4cc0, 0x00007f8c46ab4e78]
Event: 1.428 Thread 0x00005579c8400800 nmethod 534 0x00007f8c46ab4f10 code [0x00007f8c46ab5080, 0x00007f8c46ab5218]
Event: 1.428 Thread 0x00005579c8402800  535       3       java.util.zip.CRC32::getValue (10 bytes)
Event: 1.428 Thread 0x00005579c8400800  536       3       java.util.zip.ZipEntry::getCrc (5 bytes)
Event: 1.428 Thread 0x00005579c8405000  537       3       sun.misc.URLClassPath$JarLoader$2::getCodeSigners (8 bytes)
Event: 1.429 Thread 0x00005579c8407000 nmethod 531 0x00007f8c46ab52d0 code [0x00007f8c46ab54a0, 0x00007f8c46ab5a80]
Event: 1.429 Thread 0x00005579c8400800 nmethod 536 0x00007f8c46ab5d10 code [0x00007f8c46ab5e80, 0x00007f8c46ab5fd8]
Event: 1.429 Thread 0x00005579c8400800  539       3       java.util.jar.JarFile::access$200 (5 bytes)
Event: 1.429 Thread 0x00005579c8407000  538   !   3       java.util.jar.JarFile$JarFileEntry::getCodeSigners (78 bytes)
Event: 1.429 Thread 0x00005579c8402800 nmethod 535 0x00007f8c46ab6050 code [0x00007f8c46ab61c0, 0x00007f8c46ab6338]
Event: 1.429 Thread 0x00005579c8405000 nmethod 537 0x00007f8c46ab63d0 code [0x00007f8c46ab6540, 0x00007f8c46ab6770]
Event: 1.429 Thread 0x00005579c8400800 nmethod 539 0x00007f8c46ab6810 code [0x00007f8c46ab6980, 0x00007f8c46ab6af0]
Event: 1.429 Thread 0x00005579c8407000 nmethod 538 0x00007f8c46ab6b90 code [0x00007f8c46ab6d60, 0x00007f8c46ab7440]
Event: 1.431 Thread 0x00005579c83fe000  545       4       java.util.regex.Pattern$BitClass::isSatisfiedBy (22 bytes)
Event: 1.431 Thread 0x00005579c8402800  540       3       java.util.regex.Pattern$6::isSatisfiedBy (28 bytes)
Event: 1.431 Thread 0x00005579c8405000  541       3       java.util.regex.Pattern$1::isSatisfiedBy (13 bytes)
Event: 1.431 Thread 0x00005579c8400800  542       3       java.util.regex.Pattern::access$200 (7 bytes)
Event: 1.431 Thread 0x00005579c8407000  543       3       java.util.regex.Pattern::inRange (16 bytes)
Event: 1.431 Thread 0x00005579c8407000 nmethod 543 0x00007f8c46ab7910 code [0x00007f8c46ab7a80, 0x00007f8c46ab7c58]
Event: 1.431 Thread 0x00005579c8400800 nmethod 542 0x00007f8c46ab7cd0 code [0x00007f8c46ab7e40, 0x00007f8c46ab8078]
Event: 1.431 Thread 0x00005579c8402800 nmethod 540 0x00007f8c46ab8110 code [0x00007f8c46ab82a0, 0x00007f8c46ab8640]
Event: 1.431 Thread 0x00005579c8400800  544       3       java.util.regex.Pattern$CharProperty$1::isSatisfiedBy (17 bytes)
Event: 1.431 Thread 0x00005579c8402800  546       3       java.util.regex.Pattern$Node::<init> (12 bytes)
Event: 1.431 Thread 0x00005579c8405000 nmethod 541 0x00007f8c46ab8750 code [0x00007f8c46ab88c0, 0x00007f8c46ab8b78]
Event: 1.431 Thread 0x00005579c8407000  547       3       java.util.regex.Pattern$Dot::isSatisfiedBy (34 bytes)
Event: 1.431 Thread 0x00005579c83fe000 nmethod 545 0x00007f8c46abb910 code [0x00007f8c46abba60, 0x00007f8c46abbb38]
Event: 1.431 Thread 0x00005579c8402800 nmethod 546 0x00007f8c46abb510 code [0x00007f8c46abb680, 0x00007f8c46abb878]
Event: 1.431 Thread 0x00005579c8407000 nmethod 547 0x00007f8c46abb090 code [0x00007f8c46abb200, 0x00007f8c46abb478]
Event: 1.431 Thread 0x00005579c8400800 nmethod 544 0x00007f8c46ababd0 code [0x00007f8c46abad40, 0x00007f8c46abafd0]
Event: 1.433 Thread 0x00005579c8405000  548       3       sun.misc.URLClassPath$JarLoader::findResource (18 bytes)
Event: 1.433 Thread 0x00005579c8407000  549       1       java.nio.Buffer::position (5 bytes)
Event: 1.433 Thread 0x00005579c8407000 nmethod 549 0x00007f8c46aba910 code [0x00007f8c46abaa60, 0x00007f8c46abab78]
Event: 1.433 Thread 0x00005579c8405000 nmethod 548 0x00007f8c46aba3d0 code [0x00007f8c46aba560, 0x00007f8c46aba820]
Event: 1.433 Thread 0x00005579c8405000  550       3       org.apache.xmlbeans.QNameSetBuilder::addAllImpl (470 bytes)
Event: 1.433 Thread 0x00005579c8402800  551       3       org.apache.xmlbeans.QNameSetBuilder::removeAllMatchingFirstOnly (62 bytes)
Event: 1.434 Thread 0x00005579c8402800 nmethod 551 0x00007f8c46ab9610 code [0x00007f8c46ab9800, 0x00007f8c46aba0c0]
Event: 1.434 Thread 0x00005579c8405000 nmethod 550 0x00007f8c46abbc10 code [0x00007f8c46abc060, 0x00007f8c46abe800]
Event: 1.435 Thread 0x00005579c83fb800  552       4       java.util.regex.Pattern$7::isSatisfiedBy (28 bytes)
Event: 1.435 Thread 0x00005579c8400800  553       3       java.util.regex.Pattern$Slice::match (79 bytes)
Event: 1.435 Thread 0x00005579c8407000  554       3       java.lang.String::toLowerCase (8 bytes)
Event: 1.435 Thread 0x00005579c8407000 nmethod 554 0x00007f8c46ab9150 code [0x00007f8c46ab92c0, 0x00007f8c46ab9550]
Event: 1.435 Thread 0x00005579c8400800 nmethod 553 0x00007f8c46abf810 code [0x00007f8c46abf9c0, 0x00007f8c46abfe80]
Event: 1.436 Thread 0x00005579c8402800  555       1       java.math.BigInteger::signum (5 bytes)
Event: 1.436 Thread 0x00005579c8402800 nmethod 555 0x00007f8c46ab8e90 code [0x00007f8c46ab8fe0, 0x00007f8c46ab90f8]
Event: 1.437 Thread 0x00005579c83fb800 nmethod 552 0x00007f8c46ac3010 code [0x00007f8c46ac31c0, 0x00007f8c46ac3568]
Event: 1.438 Thread 0x00005579c8405000  556       1       org.apache.xmlbeans.impl.schema.SchemaParticleImpl::getParticleType (5 bytes)
Event: 1.438 Thread 0x00005579c8405000 nmethod 556 0x00007f8c46ac2d50 code [0x00007f8c46ac2ea0, 0x00007f8c46ac2fb8]
Event: 1.440 Thread 0x00005579c83f9800  557       4       java.lang.CharacterDataLatin1::toLowerCase (39 bytes)
Event: 1.440 Thread 0x00005579c83f9800 nmethod 557 0x00007f8c46ac3990 code [0x00007f8c46ac3ae0, 0x00007f8c46ac3bd8]
Event: 1.441 Thread 0x00005579c83e8800  559       4       org.apache.xmlbeans.impl.schema.SchemaTypeSystemImpl$XsbReader::readHandle (585 bytes)
Event: 1.441 Thread 0x00005579c8402800  560       3       java.lang.Float::isNaN (12 bytes)
Event: 1.441 Thread 0x00005579c8405000  561       3       java.util.LinkedHashMap$LinkedHashIterator::hasNext (13 bytes)
Event: 1.441 Thread 0x00005579c8402800 nmethod 560 0x00007f8c46ac2990 code [0x00007f8c46ac2b00, 0x00007f8c46ac2cb8]
Event: 1.441 Thread 0x00005579c8402800  558       1       org.apache.xmlbeans.impl.schema.SchemaPropertyImpl::getName (5 bytes)
Event: 1.441 Thread 0x00005579c8407000  562       3       org.apache.xmlbeans.QNameSetBuilder::addAll (67 bytes)
Event: 1.441 Thread 0x00005579c8405000 nmethod 561 0x00007f8c46ac25d0 code [0x00007f8c46ac2740, 0x00007f8c46ac28f8]
Event: 1.441 Thread 0x00005579c8402800 nmethod 558 0x00007f8c46ac2310 code [0x00007f8c46ac2460, 0x00007f8c46ac2578]
Event: 1.441 Thread 0x00005579c8407000 nmethod 562 0x00007f8c46ac1650 code [0x00007f8c46ac1860, 0x00007f8c46ac20e0]
Event: 1.446 Thread 0x00005579c8400800  564       3       java.util.HashMap::removeNode (291 bytes)
Event: 1.446 Thread 0x00005579c8402800  563       3       java.util.HashMap$HashIterator::remove (77 bytes)
Event: 1.446 Thread 0x00005579c8405000  565       3       java.util.HashMap::afterNodeRemoval (1 bytes)
Event: 1.447 Thread 0x00005579c8407000  566       3       java.util.HashMap::tableSizeFor (59 bytes)
Event: 1.447 Thread 0x00005579c8405000 nmethod 565 0x00007f8c46ac1310 code [0x00007f8c46ac1480, 0x00007f8c46ac15d8]
Event: 1.447 Thread 0x00005579c8405000  567       3       java.util.HashMap::<init> (98 bytes)
Event: 1.447 Thread 0x00005579c8407000 nmethod 566 0x00007f8c46ac0ed0 code [0x00007f8c46ac1040, 0x00007f8c46ac1278]
Event: 1.447 Thread 0x00005579c8402800 nmethod 563 0x00007f8c46ac0490 code [0x00007f8c46ac0660, 0x00007f8c46ac0c40]
Event: 1.447 Thread 0x00005579c8400800 nmethod 564 0x00007f8c46ac8750 code [0x00007f8c46ac89a0, 0x00007f8c46ac9c00]
Event: 1.447 Thread 0x00005579c8405000 nmethod 567 0x00007f8c46aca250 code [0x00007f8c46aca4e0, 0x00007f8c46acb6d0]
Event: 1.448 Thread 0x00005579c83e6000 nmethod 495 0x00007f8c46acbed0 code [0x00007f8c46acc2a0, 0x00007f8c46ace100]
Event: 1.450 Thread 0x00005579c8407000  568       3       java.io.File::<init> (47 bytes)
Event: 1.450 Thread 0x00005579c8407000 nmethod 568 0x00007f8c46ac7b50 code [0x00007f8c46ac7d20, 0x00007f8c46ac8410]
Event: 1.450 Thread 0x00005579c8402800  569       3       java.util.jar.Manifest::getTrustedAttributes (57 bytes)
Event: 1.451 Thread 0x00005579c8402800 nmethod 569 0x00007f8c46ac6810 code [0x00007f8c46ac6a40, 0x00007f8c46ac7620]
Event: 1.453 Thread 0x00005579c8400800  570       3       org.apache.xmlbeans.QNameSet::contains (55 bytes)
Event: 1.453 Thread 0x00005579c8405000  571       3       org.apache.xmlbeans.QNameSet::nsFromName (16 bytes)
Event: 1.453 Thread 0x00005579c8405000 nmethod 571 0x00007f8c46ac0050 code [0x00007f8c46ac01c0, 0x00007f8c46ac0398]
Event: 1.453 Thread 0x00005579c8400800 nmethod 570 0x00007f8c46ac40d0 code [0x00007f8c46ac4280, 0x00007f8c46ac47f0]
Event: 1.454 Thread 0x00005579c83e8800 nmethod 559 0x00007f8c46ad0590 code [0x00007f8c46ad09a0, 0x00007f8c46ad1928]
Event: 1.455 Thread 0x00005579c8407000  572       3       org.apache.xmlbeans.impl.schema.SchemaTypeImpl::assertUnresolved (23 bytes)
Event: 1.455 Thread 0x00005579c8407000 nmethod 572 0x00007f8c46ac6310 code [0x00007f8c46ac6480, 0x00007f8c46ac6730]
Event: 1.457 Thread 0x00005579c8402800  573       3       org.apache.xmlbeans.impl.schema.SchemaTypeSystemImpl$XsbReader::readXmlValueObject (350 bytes)
Event: 1.459 Thread 0x00005579c8402800 nmethod 573 0x00007f8c46ad2d10 code [0x00007f8c46ad3260, 0x00007f8c46ad63f0]
Event: 1.459 Thread 0x00005579c8405000  574       3       org.apache.xmlbeans.impl.schema.BuiltinSchemaTypeSystem::resolveHandle (14 bytes)
Event: 1.460 Thread 0x00005579c8402800  575       3       org.apache.xmlbeans.impl.store.Xobj::kind (8 bytes)
Event: 1.460 Thread 0x00005579c8405000 nmethod 574 0x00007f8c46ac5d90 code [0x00007f8c46ac5f00, 0x00007f8c46ac6230]
Event: 1.460 Thread 0x00005579c8402800 nmethod 575 0x00007f8c46ac3d90 code [0x00007f8c46ac3f00, 0x00007f8c46ac4058]
Event: 1.461 Thread 0x00005579c83ef000  576       4       javax.xml.namespace.QName::hashCode (16 bytes)
Event: 1.462 Thread 0x00005579c83e8800  577       4       java.util.HashMap::getNode (148 bytes)
Event: 1.462 Thread 0x00005579c8400800  578       3       java.util.zip.InflaterInputStream::<init> (79 bytes)
Event: 1.462 Thread 0x00005579c8400800 nmethod 578 0x00007f8c46ac5210 code [0x00007f8c46ac53c0, 0x00007f8c46ac5ac0]
Event: 1.463 Thread 0x00005579c8407000  579       3       org.apache.xmlbeans.impl.store.Cur::moveTo (274 bytes)
Event: 1.463 Thread 0x00005579c8405000  580       3       org.apache.xmlbeans.impl.store.Cur::moveToNoCheck (68 bytes)
Event: 1.463 Thread 0x00005579c8407000 nmethod 579 0x00007f8c46ac4d50 code [0x00007f8c46ac4ec0, 0x00007f8c46ac5150]
Event: 1.463 Thread 0x00005579c8405000 nmethod 580 0x00007f8c46ad83d0 code [0x00007f8c46ad8560, 0x00007f8c46ad8960]
Event: 1.464 Thread 0x00005579c83e8800 nmethod 577 0x00007f8c46adb990 code [0x00007f8c46adbb00, 0x00007f8c46adbdd8]
Event: 1.464 Thread 0x00005579c8402800  581       3       java.util.Collections$SingletonSet::contains (9 bytes)
Event: 1.465 Thread 0x00005579c8407000  582       3       java.util.Collections::eq (22 bytes)
Event: 1.465 Thread 0x00005579c8402800 nmethod 581 0x00007f8c46adb390 code [0x00007f8c46adb520, 0x00007f8c46adb870]
Event: 1.465 Thread 0x00005579c8402800  584       3       java.util.Collections::singletonIterator (9 bytes)
Event: 1.465 Thread 0x00005579c8400800  583       3       java.util.Collections$SingletonSet::iterator (8 bytes)
Event: 1.465 Thread 0x00005579c8405000  585       3       java.util.Collections$1::<init> (15 bytes)
Event: 1.465 Thread 0x00005579c8407000 nmethod 582 0x00007f8c46ad9990 code [0x00007f8c46ad9b00, 0x00007f8c46ad9db0]
Event: 1.465 Thread 0x00005579c8402800 nmethod 584 0x00007f8c46ad9490 code [0x00007f8c46ad9600, 0x00007f8c46ad9878]
Event: 1.465 Thread 0x00005579c8405000 nmethod 585 0x00007f8c46ad9090 code [0x00007f8c46ad9200, 0x00007f8c46ad93d8]
Event: 1.465 Thread 0x00005579c8405000  586       3       java.util.Collections$1::next (25 bytes)
Event: 1.465 Thread 0x00005579c83ef000 nmethod 576 0x00007f8c46ad8a90 code [0x00007f8c46ad8be0, 0x00007f8c46ad8ef8]
Event: 1.465 Thread 0x00005579c8400800 nmethod 583 0x00007f8c46adadd0 code [0x00007f8c46adaf40, 0x00007f8c46adb238]
Event: 1.465 Thread 0x00005579c8405000 nmethod 586 0x00007f8c46ada950 code [0x00007f8c46adaac0, 0x00007f8c46adacf0]
Event: 1.466 Thread 0x00005579c83fb800  587 %     4       java.io.DataInputStream::readUTF @ 92 (501 bytes)
Event: 1.470 Thread 0x00005579c8402800  588       1       java.net.URLConnection::getUseCaches (5 bytes)
Event: 1.470 Thread 0x00005579c8402800 nmethod 588 0x00007f8c46ac49d0 code [0x00007f8c46ac4b20, 0x00007f8c46ac4c38]
Event: 1.471 Thread 0x00005579c8407000  589       3       org.apache.xmlbeans.impl.store.Xobj::isAttr (14 bytes)
Event: 1.471 Thread 0x00005579c8407000 nmethod 589 0x00007f8c46ada490 code [0x00007f8c46ada600, 0x00007f8c46ada898]
Event: 1.474 Thread 0x00005579c83fb800 nmethod 587% 0x00007f8c46adf890 code [0x00007f8c46adfa20, 0x00007f8c46ae0118]

GC Heap History (0 events):
No events

Deoptimization events (6 events):
Event: 1.250 Thread 0x00005579c461c800 Uncommon trap: reason=unstable_if action=reinterpret pc=0x00007f8c469a2170 method=java.lang.String.indexOf([CII[CIII)I @ 123
Event: 1.313 Thread 0x00005579c461c800 Uncommon trap: reason=unstable_if action=reinterpret pc=0x00007f8c46a37524 method=java.lang.String.indexOf([CII[CIII)I @ 134
Event: 1.355 Thread 0x00005579c461c800 Uncommon trap: reason=unstable_if action=reinterpret pc=0x00007f8c46a4cbf0 method=java.util.HashMap.getNode(ILjava/lang/Object;)Ljava/util/HashMap$Node; @ 116
Event: 1.363 Thread 0x00005579c461c800 Uncommon trap: reason=unstable_if action=reinterpret pc=0x00007f8c46a4c42c method=java.util.HashMap.getNode(ILjava/lang/Object;)Ljava/util/HashMap$Node; @ 116
Event: 1.366 Thread 0x00005579c461c800 Uncommon trap: reason=unstable_if action=reinterpret pc=0x00007f8c46a4f264 method=java.io.DataInputStream.readUTF(Ljava/io/DataInput;)Ljava/lang/String; @ 31
Event: 1.367 Thread 0x00005579c461c800 Uncommon trap: reason=unstable_if action=reinterpret pc=0x00007f8c46a64348 method=org.apache.xmlbeans.impl.schema.SchemaTypeSystemImpl$StringPool.stringForCode(I)Ljava/lang/String; @ 1

Classes redefined (0 events):
No events

Internal exceptions (16 events):
Event: 0.098 Thread 0x00005579c461c800 Exception <a 'java/lang/NoSuchMethodError': Method sun.misc.Unsafe.defineClass(Ljava/lang/String;[BII)Ljava/lang/Class; name or signature does not match> (0x0000000715587cc0) thrown at [/builddir/build/BUILD/java-1.8.0-openjdk-1.8.0.322.b06-1.el7_9.x86_64
Event: 0.098 Thread 0x00005579c461c800 Exception <a 'java/lang/NoSuchMethodError': Method sun.misc.Unsafe.prefetchRead(Ljava/lang/Object;J)V name or signature does not match> (0x0000000715587fa8) thrown at [/builddir/build/BUILD/java-1.8.0-openjdk-1.8.0.322.b06-1.el7_9.x86_64/openjdk/hotspot/s
Event: 1.252 Thread 0x00005579c461c800 Exception <a 'java/security/PrivilegedActionException'> (0x0000000715ccaa70) thrown at [/builddir/build/BUILD/java-1.8.0-openjdk-1.8.0.322.b06-1.el7_9.x86_64/openjdk/hotspot/src/share/vm/prims/jvm.cpp, line 1531]
Event: 1.252 Thread 0x00005579c461c800 Exception <a 'java/security/PrivilegedActionException'> (0x0000000715ccac80) thrown at [/builddir/build/BUILD/java-1.8.0-openjdk-1.8.0.322.b06-1.el7_9.x86_64/openjdk/hotspot/src/share/vm/prims/jvm.cpp, line 1531]
Event: 1.252 Thread 0x00005579c461c800 Exception <a 'java/security/PrivilegedActionException'> (0x0000000715cce010) thrown at [/builddir/build/BUILD/java-1.8.0-openjdk-1.8.0.322.b06-1.el7_9.x86_64/openjdk/hotspot/src/share/vm/prims/jvm.cpp, line 1531]
Event: 1.252 Thread 0x00005579c461c800 Exception <a 'java/security/PrivilegedActionException'> (0x0000000715cce220) thrown at [/builddir/build/BUILD/java-1.8.0-openjdk-1.8.0.322.b06-1.el7_9.x86_64/openjdk/hotspot/src/share/vm/prims/jvm.cpp, line 1531]
Event: 1.312 Thread 0x00005579c461c800 Exception <a 'java/security/PrivilegedActionException'> (0x0000000715f18568) thrown at [/builddir/build/BUILD/java-1.8.0-openjdk-1.8.0.322.b06-1.el7_9.x86_64/openjdk/hotspot/src/share/vm/prims/jvm.cpp, line 1531]
Event: 1.312 Thread 0x00005579c461c800 Exception <a 'java/security/PrivilegedActionException'> (0x0000000715f18960) thrown at [/builddir/build/BUILD/java-1.8.0-openjdk-1.8.0.322.b06-1.el7_9.x86_64/openjdk/hotspot/src/share/vm/prims/jvm.cpp, line 1531]
Event: 1.316 Thread 0x00005579c461c800 Exception <a 'java/security/PrivilegedActionException'> (0x0000000715f2ebc0) thrown at [/builddir/build/BUILD/java-1.8.0-openjdk-1.8.0.322.b06-1.el7_9.x86_64/openjdk/hotspot/src/share/vm/prims/jvm.cpp, line 1531]
Event: 1.316 Thread 0x00005579c461c800 Exception <a 'java/security/PrivilegedActionException'> (0x0000000715f2efb8) thrown at [/builddir/build/BUILD/java-1.8.0-openjdk-1.8.0.322.b06-1.el7_9.x86_64/openjdk/hotspot/src/share/vm/prims/jvm.cpp, line 1531]
Event: 1.316 Thread 0x00005579c461c800 Exception <a 'java/security/PrivilegedActionException'> (0x0000000715f371d8) thrown at [/builddir/build/BUILD/java-1.8.0-openjdk-1.8.0.322.b06-1.el7_9.x86_64/openjdk/hotspot/src/share/vm/prims/jvm.cpp, line 1531]
Event: 1.316 Thread 0x00005579c461c800 Exception <a 'java/security/PrivilegedActionException'> (0x0000000715f375d0) thrown at [/builddir/build/BUILD/java-1.8.0-openjdk-1.8.0.322.b06-1.el7_9.x86_64/openjdk/hotspot/src/share/vm/prims/jvm.cpp, line 1531]
Event: 1.316 Thread 0x00005579c461c800 Exception <a 'java/security/PrivilegedActionException'> (0x0000000715f3e4b8) thrown at [/builddir/build/BUILD/java-1.8.0-openjdk-1.8.0.322.b06-1.el7_9.x86_64/openjdk/hotspot/src/share/vm/prims/jvm.cpp, line 1531]
Event: 1.316 Thread 0x00005579c461c800 Exception <a 'java/security/PrivilegedActionException'> (0x0000000715f3e8b0) thrown at [/builddir/build/BUILD/java-1.8.0-openjdk-1.8.0.322.b06-1.el7_9.x86_64/openjdk/hotspot/src/share/vm/prims/jvm.cpp, line 1531]
Event: 1.316 Thread 0x00005579c461c800 Exception <a 'java/security/PrivilegedActionException'> (0x0000000715f46db0) thrown at [/builddir/build/BUILD/java-1.8.0-openjdk-1.8.0.322.b06-1.el7_9.x86_64/openjdk/hotspot/src/share/vm/prims/jvm.cpp, line 1531]
Event: 1.316 Thread 0x00005579c461c800 Exception <a 'java/security/PrivilegedActionException'> (0x0000000715f471a8) thrown at [/builddir/build/BUILD/java-1.8.0-openjdk-1.8.0.322.b06-1.el7_9.x86_64/openjdk/hotspot/src/share/vm/prims/jvm.cpp, line 1531]

Events (250 events):
Event: 1.386 loading class org/apache/xmlbeans/impl/store/Xobj$DetailEntryXobj
Event: 1.386 loading class org/apache/xmlbeans/impl/store/Xobj$DetailEntryXobj done
Event: 1.386 loading class org/apache/xmlbeans/impl/soap/DetailEntry
Event: 1.386 loading class org/apache/xmlbeans/impl/soap/DetailEntry done
Event: 1.386 loading class org/apache/xmlbeans/impl/store/Xobj$SoapFaultXobj
Event: 1.386 loading class org/apache/xmlbeans/impl/store/Xobj$SoapFaultXobj done
Event: 1.386 loading class org/apache/xmlbeans/impl/soap/SOAPFault
Event: 1.386 loading class org/apache/xmlbeans/impl/soap/SOAPFault done
Event: 1.387 loading class org/apache/xmlbeans/impl/store/Xobj$AttrXobj
Event: 1.387 loading class org/apache/xmlbeans/impl/store/Xobj$AttrXobj done
Event: 1.387 loading class org/w3c/dom/Attr
Event: 1.387 loading class org/w3c/dom/Attr done
Event: 1.388 loading class org/apache/xmlbeans/impl/store/Xobj$CommentXobj
Event: 1.388 loading class org/apache/xmlbeans/impl/store/Xobj$CommentXobj done
Event: 1.388 loading class org/w3c/dom/Comment
Event: 1.388 loading class org/w3c/dom/Comment done
Event: 1.391 loading class org/openxmlformats/schemas/spreadsheetml/x2006/main/impl/CTWorkbookImpl
Event: 1.391 loading class org/openxmlformats/schemas/spreadsheetml/x2006/main/impl/CTWorkbookImpl done
Event: 1.392 loading class org/apache/xmlbeans/impl/values/XmlComplexContentImpl
Event: 1.392 loading class org/apache/xmlbeans/impl/values/XmlComplexContentImpl done
Event: 1.395 loading class org/w3c/dom/NamedNodeMap
Event: 1.397 loading class org/w3c/dom/NamedNodeMap done
Event: 1.399 loading class org/openxmlformats/schemas/spreadsheetml/x2006/main/impl/CTWorkbookPrImpl
Event: 1.399 loading class org/openxmlformats/schemas/spreadsheetml/x2006/main/impl/CTWorkbookPrImpl done
Event: 1.399 loading class org/openxmlformats/schemas/spreadsheetml/x2006/main/CTWorkbookPr
Event: 1.399 loading class org/openxmlformats/schemas/spreadsheetml/x2006/main/CTWorkbookPr done
Event: 1.400 loading class org/apache/xmlbeans/StringEnumAbstractBase
Event: 1.400 loading class org/apache/xmlbeans/StringEnumAbstractBase done
Event: 1.400 loading class org/openxmlformats/schemas/spreadsheetml/x2006/main/STUpdateLinks$Enum
Event: 1.400 loading class org/openxmlformats/schemas/spreadsheetml/x2006/main/STUpdateLinks$Enum done
Event: 1.401 loading class org/openxmlformats/schemas/spreadsheetml/x2006/main/STObjects$Enum
Event: 1.401 loading class org/openxmlformats/schemas/spreadsheetml/x2006/main/STObjects$Enum done
Event: 1.402 loading class org/apache/xmlbeans/impl/values/XmlBooleanImpl
Event: 1.402 loading class org/apache/xmlbeans/impl/values/XmlBooleanImpl done
Event: 1.402 loading class org/apache/xmlbeans/XmlBoolean
Event: 1.402 loading class org/apache/xmlbeans/XmlBoolean done
Event: 1.402 loading class org/apache/xmlbeans/impl/values/JavaBooleanHolder
Event: 1.402 loading class org/apache/xmlbeans/impl/values/JavaBooleanHolder done
Event: 1.402 loading class java/util/Collections$1
Event: 1.407 loading class java/util/Collections$1 done
Event: 1.410 loading class org/openxmlformats/schemas/spreadsheetml/x2006/main/impl/CTBookViewsImpl
Event: 1.410 loading class org/openxmlformats/schemas/spreadsheetml/x2006/main/impl/CTBookViewsImpl done
Event: 1.411 loading class org/openxmlformats/schemas/spreadsheetml/x2006/main/CTBookViews
Event: 1.411 loading class org/openxmlformats/schemas/spreadsheetml/x2006/main/CTBookViews done
Event: 1.412 loading class org/openxmlformats/schemas/spreadsheetml/x2006/main/impl/CTBookViewImpl
Event: 1.412 loading class org/openxmlformats/schemas/spreadsheetml/x2006/main/impl/CTBookViewImpl done
Event: 1.412 loading class org/openxmlformats/schemas/spreadsheetml/x2006/main/CTBookView
Event: 1.412 loading class org/openxmlformats/schemas/spreadsheetml/x2006/main/CTBookView done
Event: 1.413 loading class org/openxmlformats/schemas/spreadsheetml/x2006/main/STVisibility$Enum
Event: 1.413 loading class org/openxmlformats/schemas/spreadsheetml/x2006/main/STVisibility$Enum done
Event: 1.414 loading class org/apache/xmlbeans/impl/values/XmlUnsignedIntImpl
Event: 1.414 loading class org/apache/xmlbeans/impl/values/XmlUnsignedIntImpl done
Event: 1.414 loading class org/apache/xmlbeans/XmlUnsignedInt
Event: 1.414 loading class org/apache/xmlbeans/XmlUnsignedInt done
Event: 1.414 loading class org/apache/xmlbeans/XmlUnsignedLong
Event: 1.414 loading class org/apache/xmlbeans/XmlUnsignedLong done
Event: 1.415 loading class org/apache/xmlbeans/XmlNonNegativeInteger
Event: 1.415 loading class org/apache/xmlbeans/XmlNonNegativeInteger done
Event: 1.415 loading class org/apache/xmlbeans/impl/values/JavaLongHolderEx
Event: 1.415 loading class org/apache/xmlbeans/impl/values/JavaLongHolderEx done
Event: 1.415 loading class org/apache/xmlbeans/impl/values/JavaLongHolder
Event: 1.415 loading class org/apache/xmlbeans/impl/values/JavaLongHolder done
Event: 1.416 loading class org/openxmlformats/schemas/spreadsheetml/x2006/main/impl/CTSheetsImpl
Event: 1.416 loading class org/openxmlformats/schemas/spreadsheetml/x2006/main/impl/CTSheetsImpl done
Event: 1.416 loading class org/openxmlformats/schemas/spreadsheetml/x2006/main/CTSheets
Event: 1.416 loading class org/openxmlformats/schemas/spreadsheetml/x2006/main/CTSheets done
Event: 1.417 loading class org/apache/poi/POIXMLProperties
Event: 1.417 loading class org/apache/poi/POIXMLProperties done
Event: 1.418 loading class org/openxmlformats/schemas/officeDocument/x2006/extendedProperties/PropertiesDocument$Factory
Event: 1.418 loading class org/openxmlformats/schemas/officeDocument/x2006/extendedProperties/PropertiesDocument$Factory done
Event: 1.418 loading class org/openxmlformats/schemas/officeDocument/x2006/extendedProperties/PropertiesDocument
Event: 1.418 loading class org/openxmlformats/schemas/officeDocument/x2006/extendedProperties/PropertiesDocument done
Event: 1.419 loading class org/openxmlformats/schemas/officeDocument/x2006/extendedProperties/impl/PropertiesDocumentImpl
Event: 1.419 loading class org/openxmlformats/schemas/officeDocument/x2006/extendedProperties/impl/PropertiesDocumentImpl done
Event: 1.421 loading class org/openxmlformats/schemas/officeDocument/x2006/extendedProperties/impl/CTPropertiesImpl
Event: 1.421 loading class org/openxmlformats/schemas/officeDocument/x2006/extendedProperties/impl/CTPropertiesImpl done
Event: 1.422 loading class org/openxmlformats/schemas/officeDocument/x2006/extendedProperties/CTProperties
Event: 1.422 loading class org/openxmlformats/schemas/officeDocument/x2006/extendedProperties/CTProperties done
Event: 1.424 loading class org/openxmlformats/schemas/officeDocument/x2006/customProperties/PropertiesDocument$Factory
Event: 1.424 loading class org/openxmlformats/schemas/officeDocument/x2006/customProperties/PropertiesDocument$Factory done
Event: 1.425 loading class org/openxmlformats/schemas/officeDocument/x2006/customProperties/PropertiesDocument
Event: 1.425 loading class org/openxmlformats/schemas/officeDocument/x2006/customProperties/PropertiesDocument done
Event: 1.425 loading class org/openxmlformats/schemas/officeDocument/x2006/customProperties/impl/PropertiesDocumentImpl
Event: 1.425 loading class org/openxmlformats/schemas/officeDocument/x2006/customProperties/impl/PropertiesDocumentImpl done
Event: 1.426 loading class org/openxmlformats/schemas/officeDocument/x2006/customProperties/impl/CTPropertiesImpl
Event: 1.426 loading class org/openxmlformats/schemas/officeDocument/x2006/customProperties/impl/CTPropertiesImpl done
Event: 1.427 loading class org/openxmlformats/schemas/officeDocument/x2006/customProperties/CTProperties
Event: 1.427 loading class org/openxmlformats/schemas/officeDocument/x2006/customProperties/CTProperties done
Event: 1.427 loading class org/apache/poi/POIXMLProperties$CoreProperties
Event: 1.427 loading class org/apache/poi/POIXMLProperties$CoreProperties done
Event: 1.428 loading class org/apache/poi/POIXMLProperties$ExtendedProperties
Event: 1.428 loading class org/apache/poi/POIXMLProperties$ExtendedProperties done
Event: 1.428 loading class org/apache/poi/POIXMLProperties$CustomProperties
Event: 1.428 loading class org/apache/poi/POIXMLProperties$CustomProperties done
Event: 1.429 loading class org/apache/xmlbeans/impl/store/CharUtil
Event: 1.429 loading class org/apache/xmlbeans/impl/store/CharUtil done
Event: 1.430 loading class org/apache/xmlbeans/impl/store/CharUtil$1
Event: 1.430 loading class org/apache/xmlbeans/impl/store/CharUtil$1 done
Event: 1.430 loading class org/apache/xmlbeans/impl/store/CharUtil$CharIterator
Event: 1.430 loading class org/apache/xmlbeans/impl/store/CharUtil$CharIterator done
Event: 1.431 loading class java/util/Collections$SingletonMap
Event: 1.431 loading class java/util/Collections$SingletonMap done
Event: 1.431 loading class org/openxmlformats/schemas/spreadsheetml/x2006/main/SstDocument$Factory
Event: 1.431 loading class org/openxmlformats/schemas/spreadsheetml/x2006/main/SstDocument$Factory done
Event: 1.432 loading class org/openxmlformats/schemas/spreadsheetml/x2006/main/SstDocument
Event: 1.432 loading class org/openxmlformats/schemas/spreadsheetml/x2006/main/SstDocument done
Event: 1.432 loading class org/openxmlformats/schemas/spreadsheetml/x2006/main/impl/SstDocumentImpl
Event: 1.432 loading class org/openxmlformats/schemas/spreadsheetml/x2006/main/impl/SstDocumentImpl done
Event: 1.433 loading class org/openxmlformats/schemas/spreadsheetml/x2006/main/impl/CTSstImpl
Event: 1.433 loading class org/openxmlformats/schemas/spreadsheetml/x2006/main/impl/CTSstImpl done
Event: 1.434 loading class org/openxmlformats/schemas/spreadsheetml/x2006/main/CTSst
Event: 1.434 loading class org/openxmlformats/schemas/spreadsheetml/x2006/main/CTSst done
Event: 1.435 loading class org/openxmlformats/schemas/spreadsheetml/x2006/main/StyleSheetDocument$Factory
Event: 1.435 loading class org/openxmlformats/schemas/spreadsheetml/x2006/main/StyleSheetDocument$Factory done
Event: 1.436 loading class org/openxmlformats/schemas/spreadsheetml/x2006/main/StyleSheetDocument
Event: 1.436 loading class org/openxmlformats/schemas/spreadsheetml/x2006/main/StyleSheetDocument done
Event: 1.436 loading class org/openxmlformats/schemas/spreadsheetml/x2006/main/impl/StyleSheetDocumentImpl
Event: 1.436 loading class org/openxmlformats/schemas/spreadsheetml/x2006/main/impl/StyleSheetDocumentImpl done
Event: 1.438 loading class org/openxmlformats/schemas/spreadsheetml/x2006/main/impl/CTStylesheetImpl
Event: 1.438 loading class org/openxmlformats/schemas/spreadsheetml/x2006/main/impl/CTStylesheetImpl done
Event: 1.438 loading class org/openxmlformats/schemas/spreadsheetml/x2006/main/CTStylesheet
Event: 1.438 loading class org/openxmlformats/schemas/spreadsheetml/x2006/main/CTStylesheet done
Event: 1.439 loading class org/openxmlformats/schemas/spreadsheetml/x2006/main/CTFont$Factory
Event: 1.439 loading class org/openxmlformats/schemas/spreadsheetml/x2006/main/CTFont$Factory done
Event: 1.439 loading class org/openxmlformats/schemas/spreadsheetml/x2006/main/CTFont
Event: 1.439 loading class org/openxmlformats/schemas/spreadsheetml/x2006/main/CTFont done
Event: 1.441 loading class org/openxmlformats/schemas/spreadsheetml/x2006/main/impl/CTFontImpl
Event: 1.441 loading class org/openxmlformats/schemas/spreadsheetml/x2006/main/impl/CTFontImpl done
Event: 1.443 loading class org/apache/poi/xssf/usermodel/XSSFFont
Event: 1.443 loading class org/apache/poi/xssf/usermodel/XSSFFont done
Event: 1.444 loading class org/apache/poi/ss/usermodel/IndexedColors
Event: 1.444 loading class org/apache/poi/ss/usermodel/IndexedColors done
Event: 1.445 loading class org/openxmlformats/schemas/spreadsheetml/x2006/main/impl/CTFontSizeImpl
Event: 1.445 loading class org/openxmlformats/schemas/spreadsheetml/x2006/main/impl/CTFontSizeImpl done
Event: 1.445 loading class org/openxmlformats/schemas/spreadsheetml/x2006/main/CTFontSize
Event: 1.445 loading class org/openxmlformats/schemas/spreadsheetml/x2006/main/CTFontSize done
Event: 1.445 loading class org/apache/xmlbeans/impl/values/XmlDoubleImpl
Event: 1.445 loading class org/apache/xmlbeans/impl/values/XmlDoubleImpl done
Event: 1.445 loading class org/apache/xmlbeans/XmlDouble
Event: 1.445 loading class org/apache/xmlbeans/XmlDouble done
Event: 1.446 loading class org/apache/xmlbeans/impl/values/JavaDoubleHolder
Event: 1.446 loading class org/apache/xmlbeans/impl/values/JavaDoubleHolder done
Event: 1.447 loading class org/openxmlformats/schemas/spreadsheetml/x2006/main/impl/CTColorImpl
Event: 1.447 loading class org/openxmlformats/schemas/spreadsheetml/x2006/main/impl/CTColorImpl done
Event: 1.447 loading class org/openxmlformats/schemas/spreadsheetml/x2006/main/CTColor
Event: 1.447 loading class org/openxmlformats/schemas/spreadsheetml/x2006/main/CTColor done
Event: 1.449 loading class org/openxmlformats/schemas/spreadsheetml/x2006/main/impl/CTFontNameImpl
Event: 1.449 loading class org/openxmlformats/schemas/spreadsheetml/x2006/main/impl/CTFontNameImpl done
Event: 1.449 loading class org/openxmlformats/schemas/spreadsheetml/x2006/main/CTFontName
Event: 1.449 loading class org/openxmlformats/schemas/spreadsheetml/x2006/main/CTFontName done
Event: 1.450 loading class org/openxmlformats/schemas/spreadsheetml/x2006/main/impl/STXstringImpl
Event: 1.450 loading class org/openxmlformats/schemas/spreadsheetml/x2006/main/impl/STXstringImpl done
Event: 1.450 loading class org/openxmlformats/schemas/spreadsheetml/x2006/main/STXstring
Event: 1.450 loading class org/openxmlformats/schemas/spreadsheetml/x2006/main/STXstring done
Event: 1.450 loading class org/apache/xmlbeans/impl/values/JavaStringHolderEx
Event: 1.450 loading class org/apache/xmlbeans/impl/values/JavaStringHolderEx done
Event: 1.450 loading class org/apache/poi/ss/usermodel/FontFamily
Event: 1.450 loading class org/apache/poi/ss/usermodel/FontFamily done
Event: 1.451 loading class org/openxmlformats/schemas/spreadsheetml/x2006/main/impl/CTIntPropertyImpl
Event: 1.451 loading class org/openxmlformats/schemas/spreadsheetml/x2006/main/impl/CTIntPropertyImpl done
Event: 1.451 loading class org/openxmlformats/schemas/spreadsheetml/x2006/main/CTIntProperty
Event: 1.451 loading class org/openxmlformats/schemas/spreadsheetml/x2006/main/CTIntProperty done
Event: 1.452 loading class org/apache/xmlbeans/impl/values/XmlIntImpl
Event: 1.452 loading class org/apache/xmlbeans/impl/values/XmlIntImpl done
Event: 1.452 loading class org/apache/xmlbeans/XmlInt
Event: 1.452 loading class org/apache/xmlbeans/XmlInt done
Event: 1.452 loading class org/apache/xmlbeans/XmlLong
Event: 1.452 loading class org/apache/xmlbeans/XmlLong done
Event: 1.452 loading class org/apache/xmlbeans/impl/values/JavaIntHolder
Event: 1.452 loading class org/apache/xmlbeans/impl/values/JavaIntHolder done
Event: 1.453 loading class org/apache/poi/ss/usermodel/FontScheme
Event: 1.453 loading class org/apache/poi/ss/usermodel/FontScheme done
Event: 1.453 loading class org/openxmlformats/schemas/spreadsheetml/x2006/main/impl/CTFontSchemeImpl
Event: 1.453 loading class org/openxmlformats/schemas/spreadsheetml/x2006/main/impl/CTFontSchemeImpl done
Event: 1.453 loading class org/openxmlformats/schemas/spreadsheetml/x2006/main/CTFontScheme
Event: 1.453 loading class org/openxmlformats/schemas/spreadsheetml/x2006/main/CTFontScheme done
Event: 1.454 loading class org/openxmlformats/schemas/spreadsheetml/x2006/main/STFontScheme$Enum
Event: 1.454 loading class org/openxmlformats/schemas/spreadsheetml/x2006/main/STFontScheme$Enum done
Event: 1.454 loading class org/apache/xmlbeans/StringEnumAbstractBase$Table
Event: 1.454 loading class org/apache/xmlbeans/StringEnumAbstractBase$Table done
Event: 1.455 loading class org/apache/xmlbeans/SchemaStringEnumEntry
Event: 1.455 loading class org/apache/xmlbeans/SchemaStringEnumEntry done
Event: 1.455 loading class org/apache/xmlbeans/impl/schema/SchemaStringEnumEntryImpl
Event: 1.455 loading class org/apache/xmlbeans/impl/schema/SchemaStringEnumEntryImpl done
Event: 1.455 loading class org/openxmlformats/schemas/spreadsheetml/x2006/main/impl/STFontSchemeImpl
Event: 1.455 loading class org/openxmlformats/schemas/spreadsheetml/x2006/main/impl/STFontSchemeImpl done
Event: 1.455 loading class org/openxmlformats/schemas/spreadsheetml/x2006/main/STFontScheme
Event: 1.455 loading class org/openxmlformats/schemas/spreadsheetml/x2006/main/STFontScheme done
Event: 1.455 loading class org/apache/xmlbeans/impl/values/JavaStringEnumerationHolderEx
Event: 1.455 loading class org/apache/xmlbeans/impl/values/JavaStringEnumerationHolderEx done
Event: 1.456 loading class org/openxmlformats/schemas/spreadsheetml/x2006/main/CTFill
Event: 1.456 loading class org/openxmlformats/schemas/spreadsheetml/x2006/main/CTFill done
Event: 1.456 loading class org/openxmlformats/schemas/spreadsheetml/x2006/main/CTFill$Factory
Event: 1.456 loading class org/openxmlformats/schemas/spreadsheetml/x2006/main/CTFill$Factory done
Event: 1.457 loading class org/openxmlformats/schemas/spreadsheetml/x2006/main/impl/CTFillImpl
Event: 1.457 loading class org/openxmlformats/schemas/spreadsheetml/x2006/main/impl/CTFillImpl done
Event: 1.458 loading class org/openxmlformats/schemas/spreadsheetml/x2006/main/impl/CTPatternFillImpl
Event: 1.458 loading class org/openxmlformats/schemas/spreadsheetml/x2006/main/impl/CTPatternFillImpl done
Event: 1.458 loading class org/openxmlformats/schemas/spreadsheetml/x2006/main/CTPatternFill
Event: 1.458 loading class org/openxmlformats/schemas/spreadsheetml/x2006/main/CTPatternFill done
Event: 1.458 loading class org/openxmlformats/schemas/spreadsheetml/x2006/main/STPatternType$Enum
Event: 1.458 loading class org/openxmlformats/schemas/spreadsheetml/x2006/main/STPatternType$Enum done
Event: 1.459 loading class org/openxmlformats/schemas/spreadsheetml/x2006/main/STPatternType
Event: 1.459 loading class org/openxmlformats/schemas/spreadsheetml/x2006/main/STPatternType done
Event: 1.460 loading class org/openxmlformats/schemas/spreadsheetml/x2006/main/impl/STPatternTypeImpl
Event: 1.460 loading class org/openxmlformats/schemas/spreadsheetml/x2006/main/impl/STPatternTypeImpl done
Event: 1.460 loading class org/apache/poi/xssf/usermodel/extensions/XSSFCellFill
Event: 1.460 loading class org/apache/poi/xssf/usermodel/extensions/XSSFCellFill done
Event: 1.460 loading class org/openxmlformats/schemas/spreadsheetml/x2006/main/CTBorder$Factory
Event: 1.460 loading class org/openxmlformats/schemas/spreadsheetml/x2006/main/CTBorder$Factory done
Event: 1.461 loading class org/openxmlformats/schemas/spreadsheetml/x2006/main/CTBorder
Event: 1.461 loading class org/openxmlformats/schemas/spreadsheetml/x2006/main/CTBorder done
Event: 1.462 loading class org/openxmlformats/schemas/spreadsheetml/x2006/main/impl/CTBorderImpl
Event: 1.462 loading class org/openxmlformats/schemas/spreadsheetml/x2006/main/impl/CTBorderImpl done
Event: 1.463 loading class org/openxmlformats/schemas/spreadsheetml/x2006/main/impl/CTBorderPrImpl
Event: 1.463 loading class org/openxmlformats/schemas/spreadsheetml/x2006/main/impl/CTBorderPrImpl done
Event: 1.463 loading class org/openxmlformats/schemas/spreadsheetml/x2006/main/CTBorderPr
Event: 1.463 loading class org/openxmlformats/schemas/spreadsheetml/x2006/main/CTBorderPr done
Event: 1.464 loading class org/openxmlformats/schemas/spreadsheetml/x2006/main/STBorderStyle$Enum
Event: 1.464 loading class org/openxmlformats/schemas/spreadsheetml/x2006/main/STBorderStyle$Enum done
Event: 1.465 loading class org/apache/poi/xssf/usermodel/extensions/XSSFCellBorder
Event: 1.465 loading class org/apache/poi/xssf/usermodel/extensions/XSSFCellBorder done
Event: 1.465 loading class org/openxmlformats/schemas/spreadsheetml/x2006/main/CTXf$Factory
Event: 1.465 loading class org/openxmlformats/schemas/spreadsheetml/x2006/main/CTXf$Factory done
Event: 1.465 loading class org/openxmlformats/schemas/spreadsheetml/x2006/main/CTXf
Event: 1.465 loading class org/openxmlformats/schemas/spreadsheetml/x2006/main/CTXf done
Event: 1.467 loading class org/openxmlformats/schemas/spreadsheetml/x2006/main/impl/CTXfImpl
Event: 1.467 loading class org/openxmlformats/schemas/spreadsheetml/x2006/main/impl/CTXfImpl done
Event: 1.468 loading class org/openxmlformats/schemas/spreadsheetml/x2006/main/impl/STNumFmtIdImpl
Event: 1.468 loading class org/openxmlformats/schemas/spreadsheetml/x2006/main/impl/STNumFmtIdImpl done
Event: 1.469 loading class org/openxmlformats/schemas/spreadsheetml/x2006/main/STNumFmtId
Event: 1.469 loading class org/openxmlformats/schemas/spreadsheetml/x2006/main/STNumFmtId done
Event: 1.469 loading class org/openxmlformats/schemas/spreadsheetml/x2006/main/impl/STFontIdImpl
Event: 1.469 loading class org/openxmlformats/schemas/spreadsheetml/x2006/main/impl/STFontIdImpl done
Event: 1.469 loading class org/openxmlformats/schemas/spreadsheetml/x2006/main/STFontId
Event: 1.469 loading class org/openxmlformats/schemas/spreadsheetml/x2006/main/STFontId done
Event: 1.470 loading class org/openxmlformats/schemas/spreadsheetml/x2006/main/impl/STFillIdImpl
Event: 1.470 loading class org/openxmlformats/schemas/spreadsheetml/x2006/main/impl/STFillIdImpl done
Event: 1.470 loading class org/openxmlformats/schemas/spreadsheetml/x2006/main/STFillId
Event: 1.470 loading class org/openxmlformats/schemas/spreadsheetml/x2006/main/STFillId done
Event: 1.470 loading class org/openxmlformats/schemas/spreadsheetml/x2006/main/impl/STBorderIdImpl
Event: 1.471 loading class org/openxmlformats/schemas/spreadsheetml/x2006/main/impl/STBorderIdImpl done
Event: 1.471 loading class org/openxmlformats/schemas/spreadsheetml/x2006/main/STBorderId
Event: 1.471 loading class org/openxmlformats/schemas/spreadsheetml/x2006/main/STBorderId done
Event: 1.471 loading class org/openxmlformats/schemas/spreadsheetml/x2006/main/impl/STCellStyleXfIdImpl
Event: 1.471 loading class org/openxmlformats/schemas/spreadsheetml/x2006/main/impl/STCellStyleXfIdImpl done
Event: 1.472 loading class org/openxmlformats/schemas/spreadsheetml/x2006/main/STCellStyleXfId
Event: 1.472 loading class org/openxmlformats/schemas/spreadsheetml/x2006/main/STCellStyleXfId done
Event: 4.175 Executing VM operation: EnableBiasedLocking
Event: 4.175 Executing VM operation: EnableBiasedLocking done


Dynamic libraries:
5c0000000-615580000 rw-p 00000000 00:00 0 
615580000-715580000 ---p 00000000 00:00 0 
715580000-740000000 rw-p 00000000 00:00 0 
740000000-7c0000000 ---p 00000000 00:00 0 
7c0000000-7c0100000 rw-p 00000000 00:00 0 
7c0100000-800000000 ---p 00000000 00:00 0 
557909745000-55790ab05000 r-xp 00000000 fd:00 2898952                    /usr/lib/rstudio-server/bin/rsession
55790ad05000-55790ad32000 r--p 013c0000 fd:00 2898952                    /usr/lib/rstudio-server/bin/rsession
55790ad32000-55790ad37000 rw-p 013ed000 fd:00 2898952                    /usr/lib/rstudio-server/bin/rsession
55790ad37000-55790ad48000 rw-p 00000000 00:00 0 
55790c6e4000-557a0227f000 rw-p 00000000 00:00 0                          [heap]
7f8b94000000-7f8b94021000 rw-p 00000000 00:00 0 
7f8b94021000-7f8b98000000 ---p 00000000 00:00 0 
7f8b98000000-7f8b98021000 rw-p 00000000 00:00 0 
7f8b98021000-7f8b9c000000 ---p 00000000 00:00 0 
7f8b9c000000-7f8b9c0f2000 rw-p 00000000 00:00 0 
7f8b9c0f2000-7f8ba0000000 ---p 00000000 00:00 0 
7f8ba0000000-7f8ba0021000 rw-p 00000000 00:00 0 
7f8ba0021000-7f8ba4000000 ---p 00000000 00:00 0 
7f8ba4000000-7f8ba41ba000 rw-p 00000000 00:00 0 
7f8ba41ba000-7f8ba8000000 ---p 00000000 00:00 0 
7f8ba8000000-7f8ba806a000 rw-p 00000000 00:00 0 
7f8ba806a000-7f8bac000000 ---p 00000000 00:00 0 
7f8bac000000-7f8bac0a7000 rw-p 00000000 00:00 0 
7f8bac0a7000-7f8bb0000000 ---p 00000000 00:00 0 
7f8bb0000000-7f8bb0043000 rw-p 00000000 00:00 0 
7f8bb0043000-7f8bb4000000 ---p 00000000 00:00 0 
7f8bb4000000-7f8bb40e6000 rw-p 00000000 00:00 0 
7f8bb40e6000-7f8bb8000000 ---p 00000000 00:00 0 
7f8bb8000000-7f8bb807f000 rw-p 00000000 00:00 0 
7f8bb807f000-7f8bbc000000 ---p 00000000 00:00 0 
7f8bbc000000-7f8bbc153000 rw-p 00000000 00:00 0 
7f8bbc153000-7f8bc0000000 ---p 00000000 00:00 0 
7f8bc0000000-7f8bc00ca000 rw-p 00000000 00:00 0 
7f8bc00ca000-7f8bc4000000 ---p 00000000 00:00 0 
7f8bc4000000-7f8bc40fc000 rw-p 00000000 00:00 0 
7f8bc40fc000-7f8bc8000000 ---p 00000000 00:00 0 
7f8bc8000000-7f8bc8121000 rw-p 00000000 00:00 0 
7f8bc8121000-7f8bcc000000 ---p 00000000 00:00 0 
7f8bcc000000-7f8bcc021000 rw-p 00000000 00:00 0 
7f8bcc021000-7f8bd0000000 ---p 00000000 00:00 0 
7f8bd0000000-7f8bd01d7000 rw-p 00000000 00:00 0 
7f8bd01d7000-7f8bd4000000 ---p 00000000 00:00 0 
7f8bd4000000-7f8bd4021000 rw-p 00000000 00:00 0 
7f8bd4021000-7f8bd8000000 ---p 00000000 00:00 0 
7f8bd8000000-7f8bd8021000 rw-p 00000000 00:00 0 
7f8bd8021000-7f8bdc000000 ---p 00000000 00:00 0 
7f8bdc000000-7f8bec000000 rw-p 00000000 00:00 0 
7f8bec000000-7f8bec021000 rw-p 00000000 00:00 0 
7f8bec021000-7f8bf0000000 ---p 00000000 00:00 0 
7f8bf0000000-7f8bf0021000 rw-p 00000000 00:00 0 
7f8bf0021000-7f8bf4000000 ---p 00000000 00:00 0 
7f8bf4000000-7f8bf4021000 rw-p 00000000 00:00 0 
7f8bf4021000-7f8bf8000000 ---p 00000000 00:00 0 
7f8bfbbec000-7f8bfbbf9000 r-xp 00000000 00:38 113254242                  /home/c242664/R/x86_64-pc-linux-gnu-library/4.0/RPostgreSQL/libs/RPostgreSQL.so
7f8bfbbf9000-7f8bfbdf9000 ---p 0000d000 00:38 113254242                  /home/c242664/R/x86_64-pc-linux-gnu-library/4.0/RPostgreSQL/libs/RPostgreSQL.so
7f8bfbdf9000-7f8bfbdfa000 r--p 0000d000 00:38 113254242                  /home/c242664/R/x86_64-pc-linux-gnu-library/4.0/RPostgreSQL/libs/RPostgreSQL.so
7f8bfbdfa000-7f8bfbdfb000 rw-p 0000e000 00:38 113254242                  /home/c242664/R/x86_64-pc-linux-gnu-library/4.0/RPostgreSQL/libs/RPostgreSQL.so
7f8bfbdfb000-7f8bfbdfe000 r-xp 00000000 fd:06 236259842                  /opt/R/R-4.0.3/lib64/R/library/zoo/libs/zoo.so
7f8bfbdfe000-7f8bfbffe000 ---p 00003000 fd:06 236259842                  /opt/R/R-4.0.3/lib64/R/library/zoo/libs/zoo.so
7f8bfbffe000-7f8bfbfff000 r--p 00003000 fd:06 236259842                  /opt/R/R-4.0.3/lib64/R/library/zoo/libs/zoo.so
7f8bfbfff000-7f8bfc000000 rw-p 00004000 fd:06 236259842                  /opt/R/R-4.0.3/lib64/R/library/zoo/libs/zoo.so
7f8bfc000000-7f8bfc021000 rw-p 00000000 00:00 0 
7f8bfc021000-7f8c00000000 ---p 00000000 00:00 0 
7f8c00000000-7f8c00021000 rw-p 00000000 00:00 0 
7f8c00021000-7f8c04000000 ---p 00000000 00:00 0 
7f8c04000000-7f8c04021000 rw-p 00000000 00:00 0 
7f8c04021000-7f8c08000000 ---p 00000000 00:00 0 
7f8c08000000-7f8c08021000 rw-p 00000000 00:00 0 
7f8c08021000-7f8c0c000000 ---p 00000000 00:00 0 
7f8c0c000000-7f8c0c021000 rw-p 00000000 00:00 0 
7f8c0c021000-7f8c10000000 ---p 00000000 00:00 0 
7f8c10133000-7f8c1019a000 r-xp 00000000 00:38 123016702                  /home/c242664/R/x86_64-pc-linux-gnu-library/4.0/reticulate/libs/reticulate.so
7f8c1019a000-7f8c1039a000 ---p 00067000 00:38 123016702                  /home/c242664/R/x86_64-pc-linux-gnu-library/4.0/reticulate/libs/reticulate.so
7f8c1039a000-7f8c1039c000 r--p 00067000 00:38 123016702                  /home/c242664/R/x86_64-pc-linux-gnu-library/4.0/reticulate/libs/reticulate.so
7f8c1039c000-7f8c1039d000 rw-p 00069000 00:38 123016702                  /home/c242664/R/x86_64-pc-linux-gnu-library/4.0/reticulate/libs/reticulate.so
7f8c1039d000-7f8c1039f000 rw-p 00000000 00:00 0 
7f8c1039f000-7f8c103c8000 r-xp 00000000 fd:00 8800390                    /usr/lib64/libpng15.so.15.13.0
7f8c103c8000-7f8c105c8000 ---p 00029000 fd:00 8800390                    /usr/lib64/libpng15.so.15.13.0
7f8c105c8000-7f8c105c9000 r--p 00029000 fd:00 8800390                    /usr/lib64/libpng15.so.15.13.0
7f8c105c9000-7f8c105ca000 rw-p 0002a000 fd:00 8800390                    /usr/lib64/libpng15.so.15.13.0
7f8c105ca000-7f8c105cf000 r-xp 00000000 fd:06 311105557                  /opt/R/R-4.0.3/lib64/R/library/png/libs/png.so
7f8c105cf000-7f8c107ce000 ---p 00005000 fd:06 311105557                  /opt/R/R-4.0.3/lib64/R/library/png/libs/png.so
7f8c107ce000-7f8c107cf000 r--p 00004000 fd:06 311105557                  /opt/R/R-4.0.3/lib64/R/library/png/libs/png.so
7f8c107cf000-7f8c107d0000 rw-p 00005000 fd:06 311105557                  /opt/R/R-4.0.3/lib64/R/library/png/libs/png.so
7f8c107d0000-7f8c107d2000 r-xp 00000000 fd:00 17470509                   /usr/lib64/gconv/ISO8859-1.so
7f8c107d2000-7f8c109d1000 ---p 00002000 fd:00 17470509                   /usr/lib64/gconv/ISO8859-1.so
7f8c109d1000-7f8c109d2000 r--p 00001000 fd:00 17470509                   /usr/lib64/gconv/ISO8859-1.so
7f8c109d2000-7f8c109d3000 rw-p 00002000 fd:00 17470509                   /usr/lib64/gconv/ISO8859-1.so
7f8c109d3000-7f8c12378000 r--s 00000000 fd:06 2020310                    /opt/R/R-4.0.3/lib64/R/library/stringi/libs/icudt61l.dat
7f8c12378000-7f8c12869000 r-xp 00000000 fd:06 2020311                    /opt/R/R-4.0.3/lib64/R/library/stringi/libs/stringi.so
7f8c12869000-7f8c12a68000 ---p 004f1000 fd:06 2020311                    /opt/R/R-4.0.3/lib64/R/library/stringi/libs/stringi.so
7f8c12a68000-7f8c12a8a000 r--p 004f0000 fd:06 2020311                    /opt/R/R-4.0.3/lib64/R/library/stringi/libs/stringi.so
7f8c12a8a000-7f8c12a95000 rw-p 00512000 fd:06 2020311                    /opt/R/R-4.0.3/lib64/R/library/stringi/libs/stringi.so
7f8c12a95000-7f8c12a97000 rw-p 00000000 00:00 0 
7f8c12a97000-7f8c12bf5000 r-xp 00000000 fd:00 8838703                    /usr/lib64/libxml2.so.2.9.1
7f8c12bf5000-7f8c12df5000 ---p 0015e000 fd:00 8838703                    /usr/lib64/libxml2.so.2.9.1
7f8c12df5000-7f8c12dfd000 r--p 0015e000 fd:00 8838703                    /usr/lib64/libxml2.so.2.9.1
7f8c12dfd000-7f8c12dff000 rw-p 00166000 fd:00 8838703                    /usr/lib64/libxml2.so.2.9.1
7f8c12dff000-7f8c12e01000 rw-p 00000000 00:00 0 
7f8c12e01000-7f8c12e25000 r-xp 00000000 fd:06 130156041                  /opt/R/R-4.0.3/lib64/R/library/xml2/libs/xml2.so
7f8c12e25000-7f8c13025000 ---p 00024000 fd:06 130156041                  /opt/R/R-4.0.3/lib64/R/library/xml2/libs/xml2.so
7f8c13025000-7f8c13026000 r--p 00024000 fd:06 130156041                  /opt/R/R-4.0.3/lib64/R/library/xml2/libs/xml2.so
7f8c13026000-7f8c13027000 rw-p 00025000 fd:06 130156041                  /opt/R/R-4.0.3/lib64/R/library/xml2/libs/xml2.so
7f8c13027000-7f8c130de000 r-xp 00000000 fd:06 149383215                  /opt/R/R-4.0.3/lib64/R/library/readr/libs/readr.so
7f8c130de000-7f8c132dd000 ---p 000b7000 fd:06 149383215                  /opt/R/R-4.0.3/lib64/R/library/readr/libs/readr.so
7f8c132dd000-7f8c132e0000 r--p 000b6000 fd:06 149383215                  /opt/R/R-4.0.3/lib64/R/library/readr/libs/readr.so
7f8c132e0000-7f8c132e1000 rw-p 000b9000 fd:06 149383215                  /opt/R/R-4.0.3/lib64/R/library/readr/libs/readr.so
7f8c132e1000-7f8c132e6000 rw-p 00000000 00:00 0 
7f8c132e6000-7f8c1332e000 r-xp 00000000 00:38 51683623                   /home/c242664/R/x86_64-pc-linux-gnu-library/4.0/lubridate/libs/lubridate.so
7f8c1332e000-7f8c1352d000 ---p 00048000 00:38 51683623                   /home/c242664/R/x86_64-pc-linux-gnu-library/4.0/lubridate/libs/lubridate.so
7f8c1352d000-7f8c1352e000 r--p 00047000 00:38 51683623                   /home/c242664/R/x86_64-pc-linux-gnu-library/4.0/lubridate/libs/lubridate.so
7f8c1352e000-7f8c1352f000 rw-p 00048000 00:38 51683623                   /home/c242664/R/x86_64-pc-linux-gnu-library/4.0/lubridate/libs/lubridate.so
7f8c1352f000-7f8c1353d000 r-xp 00000000 00:38 122835462                  /home/c242664/R/x86_64-pc-linux-gnu-library/4.0/jsonlite/libs/jsonlite.so
7f8c1353d000-7f8c1373d000 ---p 0000e000 00:38 122835462                  /home/c242664/R/x86_64-pc-linux-gnu-library/4.0/jsonlite/libs/jsonlite.so
7f8c1373d000-7f8c1373e000 r--p 0000e000 00:38 122835462                  /home/c242664/R/x86_64-pc-linux-gnu-library/4.0/jsonlite/libs/jsonlite.so
7f8c1373e000-7f8c1373f000 rw-p 0000f000 00:38 122835462                  /home/c242664/R/x86_64-pc-linux-gnu-library/4.0/jsonlite/libs/jsonlite.so
7f8c1373f000-7f8c137bc000 r-xp 00000000 00:38 29491021                   /home/c242664/R/x86_64-pc-linux-gnu-library/4.0/haven/libs/haven.so
7f8c137bc000-7f8c139bc000 ---p 0007d000 00:38 29491021                   /home/c242664/R/x86_64-pc-linux-gnu-library/4.0/haven/libs/haven.so
7f8c139bc000-7f8c139bd000 r--p 0007d000 00:38 29491021                   /home/c242664/R/x86_64-pc-linux-gnu-library/4.0/haven/libs/haven.so
7f8c139bd000-7f8c139c0000 rw-p 0007e000 00:38 29491021                   /home/c242664/R/x86_64-pc-linux-gnu-library/4.0/haven/libs/haven.so
7f8c139c0000-7f8c139c1000 rw-p 00000000 00:00 0 
7f8c139c1000-7f8c139cc000 r-xp 00000000 fd:06 265313706                  /opt/R/R-4.0.3/lib64/R/library/colorspace/libs/colorspace.so
7f8c139cc000-7f8c13bcb000 ---p 0000b000 fd:06 265313706                  /opt/R/R-4.0.3/lib64/R/library/colorspace/libs/colorspace.so
7f8c13bcb000-7f8c13bcc000 r--p 0000a000 fd:06 265313706                  /opt/R/R-4.0.3/lib64/R/library/colorspace/libs/colorspace.so
7f8c13bcc000-7f8c13bcd000 rw-p 0000b000 fd:06 265313706                  /opt/R/R-4.0.3/lib64/R/library/colorspace/libs/colorspace.so
7f8c13bcd000-7f8c13bce000 r-xp 00000000 fd:06 138064915                  /opt/R/R-4.0.3/lib64/R/library/backports/libs/backports.so
7f8c13bce000-7f8c13dcd000 ---p 00001000 fd:06 138064915                  /opt/R/R-4.0.3/lib64/R/library/backports/libs/backports.so
7f8c13dcd000-7f8c13dce000 r--p 00000000 fd:06 138064915                  /opt/R/R-4.0.3/lib64/R/library/backports/libs/backports.so
7f8c13dce000-7f8c13dcf000 rw-p 00001000 fd:06 138064915                  /opt/R/R-4.0.3/lib64/R/library/backports/libs/backports.so
7f8c13dcf000-7f8c13dfe000 r-xp 00000000 00:38 122363532                  /home/c242664/R/x86_64-pc-linux-gnu-library/4.0/tidyr/libs/tidyr.so
7f8c13dfe000-7f8c13ffe000 ---p 0002f000 00:38 122363532                  /home/c242664/R/x86_64-pc-linux-gnu-library/4.0/tidyr/libs/tidyr.so
7f8c13ffe000-7f8c13fff000 r--p 0002f000 00:38 122363532                  /home/c242664/R/x86_64-pc-linux-gnu-library/4.0/tidyr/libs/tidyr.so
7f8c13fff000-7f8c14000000 rw-p 00030000 00:38 122363532                  /home/c242664/R/x86_64-pc-linux-gnu-library/4.0/tidyr/libs/tidyr.so
7f8c14000000-7f8c14021000 rw-p 00000000 00:00 0 
7f8c14021000-7f8c18000000 ---p 00000000 00:00 0 
7f8c18000000-7f8c18021000 rw-p 00000000 00:00 0 
7f8c18021000-7f8c1c000000 ---p 00000000 00:00 0 
7f8c1c000000-7f8c1c021000 rw-p 00000000 00:00 0 
7f8c1c021000-7f8c20000000 ---p 00000000 00:00 0 
7f8c20000000-7f8c20021000 rw-p 00000000 00:00 0 
7f8c20021000-7f8c24000000 ---p 00000000 00:00 0 
7f8c24000000-7f8c24021000 rw-p 00000000 00:00 0 
7f8c24021000-7f8c28000000 ---p 00000000 00:00 0 
7f8c28000000-7f8c28021000 rw-p 00000000 00:00 0 
7f8c28021000-7f8c2c000000 ---p 00000000 00:00 0 
7f8c2c000000-7f8c2c021000 rw-p 00000000 00:00 0 
7f8c2c021000-7f8c30000000 ---p 00000000 00:00 0 
7f8c30000000-7f8c30021000 rw-p 00000000 00:00 0 
7f8c30021000-7f8c34000000 ---p 00000000 00:00 0 
7f8c34000000-7f8c34021000 rw-p 00000000 00:00 0 
7f8c34021000-7f8c38000000 ---p 00000000 00:00 0 
7f8c38000000-7f8c38021000 rw-p 00000000 00:00 0 
7f8c38021000-7f8c3c000000 ---p 00000000 00:00 0 
7f8c3c000000-7f8c3c021000 rw-p 00000000 00:00 0 
7f8c3c021000-7f8c40000000 ---p 00000000 00:00 0 
7f8c4015f000-7f8c4019f000 r-xp 00000000 fd:06 167950895                  /opt/R/R-4.0.3/lib64/R/library/fs/libs/fs.so
7f8c4019f000-7f8c4039f000 ---p 00040000 fd:06 167950895                  /opt/R/R-4.0.3/lib64/R/library/fs/libs/fs.so
7f8c4039f000-7f8c403a0000 r--p 00040000 fd:06 167950895                  /opt/R/R-4.0.3/lib64/R/library/fs/libs/fs.so
7f8c403a0000-7f8c403a1000 rw-p 00041000 fd:06 167950895                  /opt/R/R-4.0.3/lib64/R/library/fs/libs/fs.so
7f8c403a1000-7f8c403a2000 rw-p 00000000 00:00 0 
7f8c403a2000-7f8c40401000 r-xp 00000000 fd:06 183756850                  /opt/R/R-4.0.3/lib64/R/library/readxl/libs/readxl.so
7f8c40401000-7f8c40600000 ---p 0005f000 fd:06 183756850                  /opt/R/R-4.0.3/lib64/R/library/readxl/libs/readxl.so
7f8c40600000-7f8c40601000 r--p 0005e000 fd:06 183756850                  /opt/R/R-4.0.3/lib64/R/library/readxl/libs/readxl.so
7f8c40601000-7f8c40603000 rw-p 0005f000 fd:06 183756850                  /opt/R/R-4.0.3/lib64/R/library/readxl/libs/readxl.so
7f8c40603000-7f8c40604000 rw-p 00000000 00:00 0 
7f8c40604000-7f8c4061c000 r-xp 00000000 fd:00 4434959                    /usr/lib/jvm/java-1.8.0-openjdk-1.8.0.322.b06-1.el7_9.x86_64/jre/lib/amd64/libnet.so
7f8c4061c000-7f8c4081b000 ---p 00018000 fd:00 4434959                    /usr/lib/jvm/java-1.8.0-openjdk-1.8.0.322.b06-1.el7_9.x86_64/jre/lib/amd64/libnet.so
7f8c4081b000-7f8c4081c000 r--p 00017000 fd:00 4434959                    /usr/lib/jvm/java-1.8.0-openjdk-1.8.0.322.b06-1.el7_9.x86_64/jre/lib/amd64/libnet.so
7f8c4081c000-7f8c4081d000 rw-p 00018000 fd:00 4434959                    /usr/lib/jvm/java-1.8.0-openjdk-1.8.0.322.b06-1.el7_9.x86_64/jre/lib/amd64/libnet.so
7f8c4081d000-7f8c4082f000 r-xp 00000000 fd:00 4434960                    /usr/lib/jvm/java-1.8.0-openjdk-1.8.0.322.b06-1.el7_9.x86_64/jre/lib/amd64/libnio.so
7f8c4082f000-7f8c40a2e000 ---p 00012000 fd:00 4434960                    /usr/lib/jvm/java-1.8.0-openjdk-1.8.0.322.b06-1.el7_9.x86_64/jre/lib/amd64/libnio.so
7f8c40a2e000-7f8c40a2f000 r--p 00011000 fd:00 4434960                    /usr/lib/jvm/java-1.8.0-openjdk-1.8.0.322.b06-1.el7_9.x86_64/jre/lib/amd64/libnio.so
7f8c40a2f000-7f8c40a30000 rw-p 00012000 fd:00 4434960                    /usr/lib/jvm/java-1.8.0-openjdk-1.8.0.322.b06-1.el7_9.x86_64/jre/lib/amd64/libnio.so
7f8c40a30000-7f8c40a31000 ---p 00000000 00:00 0 
7f8c40a31000-7f8c40b31000 rw-p 00000000 00:00 0 
7f8c40b31000-7f8c40b34000 ---p 00000000 00:00 0 
7f8c40b34000-7f8c40d32000 rw-p 00000000 00:00 0 
7f8c40d32000-7f8c40d36000 ---p 00000000 00:00 0 
7f8c40d36000-7f8c40e33000 rw-p 00000000 00:00 0 
7f8c40e33000-7f8c40e37000 ---p 00000000 00:00 0 
7f8c40e37000-7f8c40f34000 rw-p 00000000 00:00 0 
7f8c40f34000-7f8c40f38000 ---p 00000000 00:00 0 
7f8c40f38000-7f8c41035000 rw-p 00000000 00:00 0 
7f8c41035000-7f8c41039000 ---p 00000000 00:00 0 
7f8c41039000-7f8c41136000 rw-p 00000000 00:00 0 
7f8c41136000-7f8c4113a000 ---p 00000000 00:00 0 
7f8c4113a000-7f8c41237000 rw-p 00000000 00:00 0 
7f8c41237000-7f8c4123b000 ---p 00000000 00:00 0 
7f8c4123b000-7f8c41338000 rw-p 00000000 00:00 0 
7f8c41338000-7f8c4133c000 ---p 00000000 00:00 0 
7f8c4133c000-7f8c41439000 rw-p 00000000 00:00 0 
7f8c41439000-7f8c4143d000 ---p 00000000 00:00 0 
7f8c4143d000-7f8c4153a000 rw-p 00000000 00:00 0 
7f8c4153a000-7f8c4153e000 ---p 00000000 00:00 0 
7f8c4153e000-7f8c4163b000 rw-p 00000000 00:00 0 
7f8c4163b000-7f8c4163f000 ---p 00000000 00:00 0 
7f8c4163f000-7f8c4173c000 rw-p 00000000 00:00 0 
7f8c4173c000-7f8c41740000 ---p 00000000 00:00 0 
7f8c41740000-7f8c4183d000 rw-p 00000000 00:00 0 
7f8c4183d000-7f8c41841000 ---p 00000000 00:00 0 
7f8c41841000-7f8c4193e000 rw-p 00000000 00:00 0 
7f8c4193e000-7f8c41941000 ---p 00000000 00:00 0 
7f8c41941000-7f8c41b3f000 rw-p 00000000 00:00 0 
7f8c41b3f000-7f8c41b42000 ---p 00000000 00:00 0 
7f8c41b42000-7f8c41d40000 rw-p 00000000 00:00 0 
7f8c41d40000-7f8c41d43000 ---p 00000000 00:00 0 
7f8c41d43000-7f8c41f41000 rw-p 00000000 00:00 0 
7f8c41f41000-7f8c41f42000 ---p 00000000 00:00 0 
7f8c41f42000-7f8c42042000 rw-p 00000000 00:00 0 
7f8c42042000-7f8c42214000 r--s 044a8000 fd:00 3146857                    /usr/lib/jvm/java-1.8.0-openjdk-1.8.0.322.b06-1.el7_9.x86_64/jre/lib/rt.jar
7f8c42214000-7f8c42914000 rw-p 00000000 00:00 0 
7f8c42914000-7f8c42a14000 ---p 00000000 00:00 0 
7f8c42a14000-7f8c43a14000 rw-p 00000000 00:00 0 
7f8c43a14000-7f8c43a15000 ---p 00000000 00:00 0 
7f8c43a15000-7f8c43b15000 rw-p 00000000 00:00 0 
7f8c43b15000-7f8c43b16000 ---p 00000000 00:00 0 
7f8c43b16000-7f8c43c16000 rw-p 00000000 00:00 0 
7f8c43c16000-7f8c43c17000 ---p 00000000 00:00 0 
7f8c43c17000-7f8c43d17000 rw-p 00000000 00:00 0 
7f8c43d17000-7f8c43d18000 ---p 00000000 00:00 0 
7f8c43d18000-7f8c43e18000 rw-p 00000000 00:00 0 
7f8c43e18000-7f8c43e19000 ---p 00000000 00:00 0 
7f8c43e19000-7f8c43f19000 rw-p 00000000 00:00 0 
7f8c43f19000-7f8c43f1a000 ---p 00000000 00:00 0 
7f8c43f1a000-7f8c4401a000 rw-p 00000000 00:00 0 
7f8c4401a000-7f8c4401b000 ---p 00000000 00:00 0 
7f8c4401b000-7f8c4411b000 rw-p 00000000 00:00 0 
7f8c4411b000-7f8c4411c000 ---p 00000000 00:00 0 
7f8c4411c000-7f8c4421c000 rw-p 00000000 00:00 0 
7f8c4421c000-7f8c4421d000 ---p 00000000 00:00 0 
7f8c4421d000-7f8c4431d000 rw-p 00000000 00:00 0 
7f8c4431d000-7f8c4431e000 ---p 00000000 00:00 0 
7f8c4431e000-7f8c4441e000 rw-p 00000000 00:00 0 
7f8c4441e000-7f8c4441f000 ---p 00000000 00:00 0 
7f8c4441f000-7f8c4451f000 rw-p 00000000 00:00 0 
7f8c4451f000-7f8c44520000 ---p 00000000 00:00 0 
7f8c44520000-7f8c44620000 rw-p 00000000 00:00 0 
7f8c44620000-7f8c44621000 ---p 00000000 00:00 0 
7f8c44621000-7f8c44721000 rw-p 00000000 00:00 0 
7f8c44721000-7f8c44722000 ---p 00000000 00:00 0 
7f8c44722000-7f8c44acd000 rw-p 00000000 00:00 0 
7f8c44acd000-7f8c452cd000 ---p 00000000 00:00 0 
7f8c452cd000-7f8c45578000 rw-p 00000000 00:00 0 
7f8c45578000-7f8c45d77000 ---p 00000000 00:00 0 
7f8c45d77000-7f8c45ecd000 rw-p 00000000 00:00 0 
7f8c45ecd000-7f8c462cd000 ---p 00000000 00:00 0 
7f8c462cd000-7f8c462e0000 rw-p 00000000 00:00 0 
7f8c462e0000-7f8c4668e000 ---p 00000000 00:00 0 
7f8c4668e000-7f8c46aee000 rwxp 00000000 00:00 0 
7f8c46aee000-7f8c5568e000 ---p 00000000 00:00 0 
7f8d1c9ae000-7f8d249af000 rw-p 00000000 00:00 0 
7f8d717ae000-7f8d717af000 ---p 00000000 00:00 0 
7f8d717af000-7f8d718af000 rw-p 00000000 00:00 0 
7f8d718af000-7f8d718b0000 ---p 00000000 00:00 0 
7f8d718b0000-7f8d719b0000 rw-p 00000000 00:00 0 
7f8d719b0000-7f8d719b1000 ---p 00000000 00:00 0 
7f8d719b1000-7f8d71ab1000 rw-p 00000000 00:00 0 
7f8d71ab1000-7f8d71ab9000 r-xp 00000000 fd:00 4434967                    /usr/lib/jvm/java-1.8.0-openjdk-1.8.0.322.b06-1.el7_9.x86_64/jre/lib/amd64/libzip.so
7f8d71ab9000-7f8d71cb8000 ---p 00008000 fd:00 4434967                    /usr/lib/jvm/java-1.8.0-openjdk-1.8.0.322.b06-1.el7_9.x86_64/jre/lib/amd64/libzip.so
7f8d71cb8000-7f8d71cb9000 r--p 00007000 fd:00 4434967                    /usr/lib/jvm/java-1.8.0-openjdk-1.8.0.322.b06-1.el7_9.x86_64/jre/lib/amd64/libzip.so
7f8d71cb9000-7f8d71cba000 rw-p 00008000 fd:00 4434967                    /usr/lib/jvm/java-1.8.0-openjdk-1.8.0.322.b06-1.el7_9.x86_64/jre/lib/amd64/libzip.so
7f8d71cba000-7f8d72a57000 r-xp 00000000 fd:00 10542641                   /usr/lib/jvm/java-1.8.0-openjdk-1.8.0.322.b06-1.el7_9.x86_64/jre/lib/amd64/server/libjvm.so
7f8d72a57000-7f8d72c56000 ---p 00d9d000 fd:00 10542641                   /usr/lib/jvm/java-1.8.0-openjdk-1.8.0.322.b06-1.el7_9.x86_64/jre/lib/amd64/server/libjvm.so
7f8d72c56000-7f8d72d04000 r--p 00d9c000 fd:00 10542641                   /usr/lib/jvm/java-1.8.0-openjdk-1.8.0.322.b06-1.el7_9.x86_64/jre/lib/amd64/server/libjvm.so
7f8d72d04000-7f8d72d2f000 rw-p 00e4a000 fd:00 10542641                   /usr/lib/jvm/java-1.8.0-openjdk-1.8.0.322.b06-1.el7_9.x86_64/jre/lib/amd64/server/libjvm.so
7f8d72d2f000-7f8d72d65000 rw-p 00000000 00:00 0 
7f8e2df88000-7f8e2df89000 ---p 00000000 00:00 0 
7f8e2df89000-7f8e2e089000 rw-p 00000000 00:00 0 
7f8e2e089000-7f8e2e0b3000 r-xp 00000000 fd:00 4434949                    /usr/lib/jvm/java-1.8.0-openjdk-1.8.0.322.b06-1.el7_9.x86_64/jre/lib/amd64/libjava.so
7f8e2e0b3000-7f8e2e2b2000 ---p 0002a000 fd:00 4434949                    /usr/lib/jvm/java-1.8.0-openjdk-1.8.0.322.b06-1.el7_9.x86_64/jre/lib/amd64/libjava.so
7f8e2e2b2000-7f8e2e2b3000 r--p 00029000 fd:00 4434949                    /usr/lib/jvm/java-1.8.0-openjdk-1.8.0.322.b06-1.el7_9.x86_64/jre/lib/amd64/libjava.so
7f8e2e2b3000-7f8e2e2b5000 rw-p 0002a000 fd:00 4434949                    /usr/lib/jvm/java-1.8.0-openjdk-1.8.0.322.b06-1.el7_9.x86_64/jre/lib/amd64/libjava.so
7f8e2e2b5000-7f8e2e2c2000 r-xp 00000000 fd:00 4434966                    /usr/lib/jvm/java-1.8.0-openjdk-1.8.0.322.b06-1.el7_9.x86_64/jre/lib/amd64/libverify.so
7f8e2e2c2000-7f8e2e4c1000 ---p 0000d000 fd:00 4434966                    /usr/lib/jvm/java-1.8.0-openjdk-1.8.0.322.b06-1.el7_9.x86_64/jre/lib/amd64/libverify.so
7f8e2e4c1000-7f8e2e4c3000 r--p 0000c000 fd:00 4434966                    /usr/lib/jvm/java-1.8.0-openjdk-1.8.0.322.b06-1.el7_9.x86_64/jre/lib/amd64/libverify.so
7f8e2e4c3000-7f8e2e4c4000 rw-p 0000e000 fd:00 4434966                    /usr/lib/jvm/java-1.8.0-openjdk-1.8.0.322.b06-1.el7_9.x86_64/jre/lib/amd64/libverify.so
7f8e2e4c4000-7f8e2e4d4000 r-xp 00000000 fd:06 51725842                   /opt/R/R-4.0.3/lib64/R/library/rJava/libs/rJava.so
7f8e2e4d4000-7f8e2e6d3000 ---p 00010000 fd:06 51725842                   /opt/R/R-4.0.3/lib64/R/library/rJava/libs/rJava.so
7f8e2e6d3000-7f8e2e6d4000 r--p 0000f000 fd:06 51725842                   /opt/R/R-4.0.3/lib64/R/library/rJava/libs/rJava.so
7f8e2e6d4000-7f8e2e6d5000 rw-p 00010000 fd:06 51725842                   /opt/R/R-4.0.3/lib64/R/library/rJava/libs/rJava.so
7f8e2e6d5000-7f8e2e6d6000 r-xp 00000000 fd:06 124833190                  /opt/R/R-4.0.3/lib64/R/library/gtools/libs/gtools.so
7f8e2e6d6000-7f8e2e8d6000 ---p 00001000 fd:06 124833190                  /opt/R/R-4.0.3/lib64/R/library/gtools/libs/gtools.so
7f8e2e8d6000-7f8e2e8d7000 r--p 00001000 fd:06 124833190                  /opt/R/R-4.0.3/lib64/R/library/gtools/libs/gtools.so
7f8e2e8d7000-7f8e2e8d8000 rw-p 00002000 fd:06 124833190                  /opt/R/R-4.0.3/lib64/R/library/gtools/libs/gtools.so
7f8e2e8d8000-7f8e2e8f6000 r-xp 00000000 fd:06 297541135                  /opt/R/R-4.0.3/lib64/R/library/plyr/libs/plyr.so
7f8e2e8f6000-7f8e2eaf6000 ---p 0001e000 fd:06 297541135                  /opt/R/R-4.0.3/lib64/R/library/plyr/libs/plyr.so
7f8e2eaf6000-7f8e2eaf7000 r--p 0001e000 fd:06 297541135                  /opt/R/R-4.0.3/lib64/R/library/plyr/libs/plyr.so
7f8e2eaf7000-7f8e2eaf8000 rw-p 0001f000 fd:06 297541135                  /opt/R/R-4.0.3/lib64/R/library/plyr/libs/plyr.so
7f8ed4000000-7f8ed4021000 rw-p 00000000 00:00 0 
7f8ed4021000-7f8ed8000000 ---p 00000000 00:00 0 
7f8edb3c2000-7f8edb3e0000 r-xp 00000000 fd:00 8542421                    /usr/lib64/libgssrpc.so.4.2
7f8edb3e0000-7f8edb5e0000 ---p 0001e000 fd:00 8542421                    /usr/lib64/libgssrpc.so.4.2
7f8edb5e0000-7f8edb5e1000 r--p 0001e000 fd:00 8542421                    /usr/lib64/libgssrpc.so.4.2
7f8edb5e1000-7f8edb5e2000 rw-p 0001f000 fd:00 8542421                    /usr/lib64/libgssrpc.so.4.2
7f8edb5e2000-7f8edb5fd000 r-xp 00000000 fd:00 14709285                   /usr/lib64/gssproxy/proxymech.so
7f8edb5fd000-7f8edb7fd000 ---p 0001b000 fd:00 14709285                   /usr/lib64/gssproxy/proxymech.so
7f8edb7fd000-7f8edb7fe000 r--p 0001b000 fd:00 14709285                   /usr/lib64/gssproxy/proxymech.so
7f8edb7fe000-7f8edb7ff000 rw-p 0001c000 fd:00 14709285                   /usr/lib64/gssproxy/proxymech.so
7f8edb7ff000-7f8edb800000 ---p 00000000 00:00 0 
7f8edb800000-7f8edc000000 rw-p 00000000 00:00 0 
7f8edc000000-7f8edc7d7000 rw-p 00000000 00:00 0 
7f8edc7d7000-7f8ee0000000 ---p 00000000 00:00 0 
7f8ee007d000-7f8ee00eb000 r-xp 00000000 fd:06 26067497                   /opt/R/R-4.0.3/lib64/R/library/Rcpp/libs/Rcpp.so
7f8ee00eb000-7f8ee02ea000 ---p 0006e000 fd:06 26067497                   /opt/R/R-4.0.3/lib64/R/library/Rcpp/libs/Rcpp.so
7f8ee02ea000-7f8ee02ec000 r--p 0006d000 fd:06 26067497                   /opt/R/R-4.0.3/lib64/R/library/Rcpp/libs/Rcpp.so
7f8ee02ec000-7f8ee02ee000 rw-p 0006f000 fd:06 26067497                   /opt/R/R-4.0.3/lib64/R/library/Rcpp/libs/Rcpp.so
7f8ee02ee000-7f8ee02f5000 rw-p 00000000 00:00 0 
7f8ee02f5000-7f8ee02f6000 ---p 00000000 00:00 0 
7f8ee02f6000-7f8ee0af6000 rw-p 00000000 00:00 0 
7f8ee0af6000-7f8ee0af7000 ---p 00000000 00:00 0 
7f8ee0af7000-7f8ee12f7000 rw-p 00000000 00:00 0 
7f8ee12f7000-7f8ee130c000 r-xp 00000000 fd:06 257058842                  /opt/R/R-4.0.3/lib64/R/library/tools/libs/tools.so
7f8ee130c000-7f8ee150c000 ---p 00015000 fd:06 257058842                  /opt/R/R-4.0.3/lib64/R/library/tools/libs/tools.so
7f8ee150c000-7f8ee150d000 r--p 00015000 fd:06 257058842                  /opt/R/R-4.0.3/lib64/R/library/tools/libs/tools.so
7f8ee150d000-7f8ee150e000 rw-p 00016000 fd:06 257058842                  /opt/R/R-4.0.3/lib64/R/library/tools/libs/tools.so
7f8ee150e000-7f8ee1510000 r-xp 00000000 fd:06 93505054                   /opt/R/R-4.0.3/lib64/R/library/xfun/libs/xfun.so
7f8ee1510000-7f8ee170f000 ---p 00002000 fd:06 93505054                   /opt/R/R-4.0.3/lib64/R/library/xfun/libs/xfun.so
7f8ee170f000-7f8ee1710000 r--p 00001000 fd:06 93505054                   /opt/R/R-4.0.3/lib64/R/library/xfun/libs/xfun.so
7f8ee1710000-7f8ee1711000 rw-p 00002000 fd:06 93505054                   /opt/R/R-4.0.3/lib64/R/library/xfun/libs/xfun.so
7f8ee1711000-7f8ee178e000 r-xp 00000000 fd:06 264393738                  /opt/R/R-4.0.3/lib64/R/library/data.table/libs/datatable.so
7f8ee178e000-7f8ee198d000 ---p 0007d000 fd:06 264393738                  /opt/R/R-4.0.3/lib64/R/library/data.table/libs/datatable.so
7f8ee198d000-7f8ee198e000 r--p 0007c000 fd:06 264393738                  /opt/R/R-4.0.3/lib64/R/library/data.table/libs/datatable.so
7f8ee198e000-7f8ee198f000 rw-p 0007d000 fd:06 264393738                  /opt/R/R-4.0.3/lib64/R/library/data.table/libs/datatable.so
7f8ee198f000-7f8ee1991000 rw-p 00000000 00:00 0 
7f8ee1991000-7f8ee1993000 r-xp 00000000 fd:06 2072700                    /opt/R/R-4.0.3/lib64/R/library/htmltools/libs/htmltools.so
7f8ee1993000-7f8ee1b92000 ---p 00002000 fd:06 2072700                    /opt/R/R-4.0.3/lib64/R/library/htmltools/libs/htmltools.so
7f8ee1b92000-7f8ee1b93000 r--p 00001000 fd:06 2072700                    /opt/R/R-4.0.3/lib64/R/library/htmltools/libs/htmltools.so
7f8ee1b93000-7f8ee1b94000 rw-p 00002000 fd:06 2072700                    /opt/R/R-4.0.3/lib64/R/library/htmltools/libs/htmltools.so
7f8ee1b94000-7f8ee1bb6000 r-xp 00000000 fd:06 128087554                  /opt/R/R-4.0.3/lib64/R/library/digest/libs/digest.so
7f8ee1bb6000-7f8ee1db5000 ---p 00022000 fd:06 128087554                  /opt/R/R-4.0.3/lib64/R/library/digest/libs/digest.so
7f8ee1db5000-7f8ee1db6000 r--p 00021000 fd:06 128087554                  /opt/R/R-4.0.3/lib64/R/library/digest/libs/digest.so
7f8ee1db6000-7f8ee1db7000 rw-p 00022000 fd:06 128087554                  /opt/R/R-4.0.3/lib64/R/library/digest/libs/digest.so
7f8ee1db7000-7f8ee1db9000 rw-p 00000000 00:00 0 
7f8ee1db9000-7f8ee1dc5000 r-xp 00000000 00:38 122357488                  /home/c242664/R/x86_64-pc-linux-gnu-library/4.0/dplyr/libs/dplyr.so
7f8ee1dc5000-7f8ee1fc4000 ---p 0000c000 00:38 122357488                  /home/c242664/R/x86_64-pc-linux-gnu-library/4.0/dplyr/libs/dplyr.so
7f8ee1fc4000-7f8ee1fc5000 r--p 0000b000 00:38 122357488                  /home/c242664/R/x86_64-pc-linux-gnu-library/4.0/dplyr/libs/dplyr.so
7f8ee1fc5000-7f8ee1fc6000 rw-p 0000c000 00:38 122357488                  /home/c242664/R/x86_64-pc-linux-gnu-library/4.0/dplyr/libs/dplyr.so
7f8ee1fc6000-7f8ee1fce000 r-xp 00000000 fd:06 208827411                  /opt/R/R-4.0.3/lib64/R/library/purrr/libs/purrr.so
7f8ee1fce000-7f8ee21cd000 ---p 00008000 fd:06 208827411                  /opt/R/R-4.0.3/lib64/R/library/purrr/libs/purrr.so
7f8ee21cd000-7f8ee21ce000 r--p 00007000 fd:06 208827411                  /opt/R/R-4.0.3/lib64/R/library/purrr/libs/purrr.so
7f8ee21ce000-7f8ee21cf000 rw-p 00008000 fd:06 208827411                  /opt/R/R-4.0.3/lib64/R/library/purrr/libs/purrr.so
7f8ee21cf000-7f8ee21d2000 r-xp 00000000 00:38 122241712                  /home/c242664/R/x86_64-pc-linux-gnu-library/4.0/tibble/libs/tibble.so
7f8ee21d2000-7f8ee23d1000 ---p 00003000 00:38 122241712                  /home/c242664/R/x86_64-pc-linux-gnu-library/4.0/tibble/libs/tibble.so
7f8ee23d1000-7f8ee23d2000 r--p 00002000 00:38 122241712                  /home/c242664/R/x86_64-pc-linux-gnu-library/4.0/tibble/libs/tibble.so
7f8ee23d2000-7f8ee23d3000 rw-p 00003000 00:38 122241712                  /home/c242664/R/x86_64-pc-linux-gnu-library/4.0/tibble/libs/tibble.so
7f8ee23d3000-7f8ee241d000 r-xp 00000000 fd:06 77881349                   /opt/R/R-4.0.3/lib64/R/library/utf8/libs/utf8.so
7f8ee241d000-7f8ee261c000 ---p 0004a000 fd:06 77881349                   /opt/R/R-4.0.3/lib64/R/library/utf8/libs/utf8.so
7f8ee261c000-7f8ee261d000 r--p 00049000 fd:06 77881349                   /opt/R/R-4.0.3/lib64/R/library/utf8/libs/utf8.so
7f8ee261d000-7f8ee261e000 rw-p 0004a000 fd:06 77881349                   /opt/R/R-4.0.3/lib64/R/library/utf8/libs/utf8.so
7f8ee261e000-7f8ee2632000 r-xp 00000000 fd:06 86265911                   /opt/R/R-4.0.3/lib64/R/library/fansi/libs/fansi.so
7f8ee2632000-7f8ee2831000 ---p 00014000 fd:06 86265911                   /opt/R/R-4.0.3/lib64/R/library/fansi/libs/fansi.so
7f8ee2831000-7f8ee2832000 r--p 00013000 fd:06 86265911                   /opt/R/R-4.0.3/lib64/R/library/fansi/libs/fansi.so
7f8ee2832000-7f8ee2833000 rw-p 00014000 fd:06 86265911                   /opt/R/R-4.0.3/lib64/R/library/fansi/libs/fansi.so
7f8ee2833000-7f8ee2835000 r-xp 00000000 00:38 21223999                   /home/c242664/R/x86_64-pc-linux-gnu-library/4.0/ellipsis/libs/ellipsis.so
7f8ee2835000-7f8ee2a34000 ---p 00002000 00:38 21223999                   /home/c242664/R/x86_64-pc-linux-gnu-library/4.0/ellipsis/libs/ellipsis.so
7f8ee2a34000-7f8ee2a35000 r--p 00001000 00:38 21223999                   /home/c242664/R/x86_64-pc-linux-gnu-library/4.0/ellipsis/libs/ellipsis.so
7f8ee2a35000-7f8ee2a36000 rw-p 00002000 00:38 21223999                   /home/c242664/R/x86_64-pc-linux-gnu-library/4.0/ellipsis/libs/ellipsis.so
7f8ee2a36000-7f8ee2a39000 r-xp 00000000 00:38 15907775                   /home/c242664/R/x86_64-pc-linux-gnu-library/4.0/magrittr/libs/magrittr.so
7f8ee2a39000-7f8ee2c38000 ---p 00003000 00:38 15907775                   /home/c242664/R/x86_64-pc-linux-gnu-library/4.0/magrittr/libs/magrittr.so
7f8ee2c38000-7f8ee2c39000 r--p 00002000 00:38 15907775                   /home/c242664/R/x86_64-pc-linux-gnu-library/4.0/magrittr/libs/magrittr.so
7f8ee2c39000-7f8ee2c3a000 rw-p 00003000 00:38 15907775                   /home/c242664/R/x86_64-pc-linux-gnu-library/4.0/magrittr/libs/magrittr.so
7f8ee2c3a000-7f8ee2c3c000 r-xp 00000000 00:38 122360197                  /home/c242664/R/x86_64-pc-linux-gnu-library/4.0/glue/libs/glue.so
7f8ee2c3c000-7f8ee2e3c000 ---p 00002000 00:38 122360197                  /home/c242664/R/x86_64-pc-linux-gnu-library/4.0/glue/libs/glue.so
7f8ee2e3c000-7f8ee2e3d000 r--p 00002000 00:38 122360197                  /home/c242664/R/x86_64-pc-linux-gnu-library/4.0/glue/libs/glue.so
7f8ee2e3d000-7f8ee2e3e000 rw-p 00003000 00:38 122360197                  /home/c242664/R/x86_64-pc-linux-gnu-library/4.0/glue/libs/glue.so
7f8ee2e3e000-7f8ee2e9f000 r-xp 00000000 00:38 122362898                  /home/c242664/R/x86_64-pc-linux-gnu-library/4.0/vctrs/libs/vctrs.so
7f8ee2e9f000-7f8ee309e000 ---p 00061000 00:38 122362898                  /home/c242664/R/x86_64-pc-linux-gnu-library/4.0/vctrs/libs/vctrs.so
7f8ee309e000-7f8ee30a0000 r--p 00060000 00:38 122362898                  /home/c242664/R/x86_64-pc-linux-gnu-library/4.0/vctrs/libs/vctrs.so
7f8ee30a0000-7f8ee30a1000 rw-p 00062000 00:38 122362898                  /home/c242664/R/x86_64-pc-linux-gnu-library/4.0/vctrs/libs/vctrs.so
7f8ee30a1000-7f8ee3166000 rw-p 00000000 00:00 0 
7f8ee3166000-7f8ee319a000 r-xp 00000000 00:38 122362663                  /home/c242664/R/x86_64-pc-linux-gnu-library/4.0/rlang/libs/rlang.so
7f8ee319a000-7f8ee339a000 ---p 00034000 00:38 122362663                  /home/c242664/R/x86_64-pc-linux-gnu-library/4.0/rlang/libs/rlang.so
7f8ee339a000-7f8ee339c000 r--p 00034000 00:38 122362663                  /home/c242664/R/x86_64-pc-linux-gnu-library/4.0/rlang/libs/rlang.so
7f8ee339c000-7f8ee339d000 rw-p 00036000 00:38 122362663                  /home/c242664/R/x86_64-pc-linux-gnu-library/4.0/rlang/libs/rlang.so
7f8ee339d000-7f8ee3670000 rw-p 00000000 00:00 0 
7f8ee3670000-7f8ee3671000 ---p 00000000 00:00 0 
7f8ee3671000-7f8ee3e71000 rw-p 00000000 00:00 0 
7f8ee3e71000-7f8ee3e92000 r-xp 00000000 00:38 122362272                  /home/c242664/R/x86_64-pc-linux-gnu-library/4.0/cli/libs/cli.so
7f8ee3e92000-7f8ee4091000 ---p 00021000 00:38 122362272                  /home/c242664/R/x86_64-pc-linux-gnu-library/4.0/cli/libs/cli.so
7f8ee4091000-7f8ee4092000 r--p 00020000 00:38 122362272                  /home/c242664/R/x86_64-pc-linux-gnu-library/4.0/cli/libs/cli.so
7f8ee4092000-7f8ee4093000 rw-p 00021000 00:38 122362272                  /home/c242664/R/x86_64-pc-linux-gnu-library/4.0/cli/libs/cli.so
7f8ee4093000-7f8ee4095000 rw-p 00000000 00:00 0 
7f8ee4095000-7f8ee4156000 r-xp 00000000 fd:06 224572433                  /opt/R/R-4.0.3/lib64/R/library/Matrix/libs/Matrix.so
7f8ee4156000-7f8ee4356000 ---p 000c1000 fd:06 224572433                  /opt/R/R-4.0.3/lib64/R/library/Matrix/libs/Matrix.so
7f8ee4356000-7f8ee4357000 r--p 000c1000 fd:06 224572433                  /opt/R/R-4.0.3/lib64/R/library/Matrix/libs/Matrix.so
7f8ee4357000-7f8ee435a000 rw-p 000c2000 fd:06 224572433                  /opt/R/R-4.0.3/lib64/R/library/Matrix/libs/Matrix.so
7f8ee435a000-7f8ee460a000 rw-p 00000000 00:00 0 
7f8ee460a000-7f8ee460d000 r-xp 00000000 fd:06 60598900                   /opt/R/R-4.0.3/lib64/R/library/lattice/libs/lattice.so
7f8ee460d000-7f8ee480c000 ---p 00003000 fd:06 60598900                   /opt/R/R-4.0.3/lib64/R/library/lattice/libs/lattice.so
7f8ee480c000-7f8ee480d000 r--p 00002000 fd:06 60598900                   /opt/R/R-4.0.3/lib64/R/library/lattice/libs/lattice.so
7f8ee480d000-7f8ee480e000 rw-p 00003000 fd:06 60598900                   /opt/R/R-4.0.3/lib64/R/library/lattice/libs/lattice.so
7f8ee480e000-7f8ee482d000 r-xp 00000000 fd:06 4039180                    /opt/R/R-4.0.3/lib64/R/library/grid/libs/grid.so
7f8ee482d000-7f8ee4a2d000 ---p 0001f000 fd:06 4039180                    /opt/R/R-4.0.3/lib64/R/library/grid/libs/grid.so
7f8ee4a2d000-7f8ee4a2e000 r--p 0001f000 fd:06 4039180                    /opt/R/R-4.0.3/lib64/R/library/grid/libs/grid.so
7f8ee4a2e000-7f8ee4a2f000 rw-p 00020000 fd:06 4039180                    /opt/R/R-4.0.3/lib64/R/library/grid/libs/grid.so
7f8ee4a2f000-7f8ee8a2f000 rw-p 00000000 00:00 0 
7f8ee8a2f000-7f8ee8ad3000 r-xp 00000000 fd:06 299811379                  /opt/R/R-4.0.3/lib64/R/library/stats/libs/stats.so
7f8ee8ad3000-7f8ee8cd2000 ---p 000a4000 fd:06 299811379                  /opt/R/R-4.0.3/lib64/R/library/stats/libs/stats.so
7f8ee8cd2000-7f8ee8cd4000 r--p 000a3000 fd:06 299811379                  /opt/R/R-4.0.3/lib64/R/library/stats/libs/stats.so
7f8ee8cd4000-7f8ee8cd6000 rw-p 000a5000 fd:06 299811379                  /opt/R/R-4.0.3/lib64/R/library/stats/libs/stats.so
7f8ee8cd6000-7f8ee8d1e000 r-xp 00000000 fd:06 293006378                  /opt/R/R-4.0.3/lib64/R/library/graphics/libs/graphics.so
7f8ee8d1e000-7f8ee8f1e000 ---p 00048000 fd:06 293006378                  /opt/R/R-4.0.3/lib64/R/library/graphics/libs/graphics.so
7f8ee8f1e000-7f8ee8f1f000 r--p 00048000 fd:06 293006378                  /opt/R/R-4.0.3/lib64/R/library/graphics/libs/graphics.so
7f8ee8f1f000-7f8ee8f20000 rw-p 00049000 fd:06 293006378                  /opt/R/R-4.0.3/lib64/R/library/graphics/libs/graphics.so
7f8ee8f20000-7f8ee8f2c000 r-xp 00000000 fd:06 272882695                  /opt/R/R-4.0.3/lib64/R/library/utils/libs/utils.so
7f8ee8f2c000-7f8ee912b000 ---p 0000c000 fd:06 272882695                  /opt/R/R-4.0.3/lib64/R/library/utils/libs/utils.so
7f8ee912b000-7f8ee912c000 r--p 0000b000 fd:06 272882695                  /opt/R/R-4.0.3/lib64/R/library/utils/libs/utils.so
7f8ee912c000-7f8ee912d000 rw-p 0000c000 fd:06 272882695                  /opt/R/R-4.0.3/lib64/R/library/utils/libs/utils.so
7f8ee912d000-7f8ee912e000 rw-p 00000000 00:00 0 
7f8ee917a000-7f8ee921a000 rw-p 00000000 00:00 0 
7f8ee921a000-7f8ee92c6000 r--s 00000000 fd:05 12584510                   /var/db/nscd/passwd
7f8ee92c6000-7f8ee92fc000 r-xp 00000000 fd:06 283116039                  /opt/R/R-4.0.3/lib64/R/library/grDevices/libs/grDevices.so
7f8ee92fc000-7f8ee94fc000 ---p 00036000 fd:06 283116039                  /opt/R/R-4.0.3/lib64/R/library/grDevices/libs/grDevices.so
7f8ee94fc000-7f8ee9501000 r--p 00036000 fd:06 283116039                  /opt/R/R-4.0.3/lib64/R/library/grDevices/libs/grDevices.so
7f8ee9501000-7f8ee9503000 rw-p 0003b000 fd:06 283116039                  /opt/R/R-4.0.3/lib64/R/library/grDevices/libs/grDevices.so
7f8ee9503000-7f8ee95e9000 rw-p 00000000 00:00 0 
7f8ee9673000-7f8ee97b4000 rw-p 00000000 00:00 0 
7f8ee97b4000-7f8ee97bd000 r-xp 00000000 fd:06 311102004                  /opt/R/R-4.0.3/lib64/R/library/methods/libs/methods.so
7f8ee97bd000-7f8ee99bc000 ---p 00009000 fd:06 311102004                  /opt/R/R-4.0.3/lib64/R/library/methods/libs/methods.so
7f8ee99bc000-7f8ee99bd000 r--p 00008000 fd:06 311102004                  /opt/R/R-4.0.3/lib64/R/library/methods/libs/methods.so
7f8ee99bd000-7f8ee99be000 rw-p 00009000 fd:06 311102004                  /opt/R/R-4.0.3/lib64/R/library/methods/libs/methods.so
7f8ee99be000-7f8ee9abd000 rw-p 00000000 00:00 0 
7f8ee9abd000-7f8ef0000000 r--p 00000000 fd:00 4499978                    /usr/lib/locale/locale-archive
7f8ef0000000-7f8ef0021000 rw-p 00000000 00:00 0 
7f8ef0021000-7f8ef4000000 ---p 00000000 00:00 0 
7f8ef4000000-7f8ef4073000 rw-p 00000000 00:00 0 
7f8ef4073000-7f8ef8000000 ---p 00000000 00:00 0 
7f8ef8000000-7f8ef8021000 rw-p 00000000 00:00 0 
7f8ef8021000-7f8efc000000 ---p 00000000 00:00 0 
7f8efc003000-7f8efc09b000 r--s 00420000 fd:06 122282555                  /opt/R/R-4.0.3/lib64/R/library/xlsxjars/java/poi-ooxml-schemas-3.10.1-20140818.jar
7f8efc09b000-7f8efc3a9000 rw-p 00000000 00:00 0 
7f8efc3a9000-7f8efc3aa000 ---p 00000000 00:00 0 
7f8efc3aa000-7f8efcbaa000 rw-p 00000000 00:00 0 
7f8efcbaa000-7f8efcbab000 ---p 00000000 00:00 0 
7f8efcbab000-7f8efd3ab000 rw-p 00000000 00:00 0 
7f8efd3ab000-7f8efd3ac000 ---p 00000000 00:00 0 
7f8efd3ac000-7f8efdbac000 rw-p 00000000 00:00 0 
7f8efdbac000-7f8efdbad000 ---p 00000000 00:00 0 
7f8efdbad000-7f8efe3ad000 rw-p 00000000 00:00 0 
7f8efe3ad000-7f8efe3af000 r-xp 00000000 fd:00 8389641                    /usr/lib64/libfreebl3.so
7f8efe3af000-7f8efe5ae000 ---p 00002000 fd:00 8389641                    /usr/lib64/libfreebl3.so
7f8efe5ae000-7f8efe5af000 r--p 00001000 fd:00 8389641                    /usr/lib64/libfreebl3.so
7f8efe5af000-7f8efe5b0000 rw-p 00002000 fd:00 8389641                    /usr/lib64/libfreebl3.so
7f8efe5b0000-7f8efe5b8000 r-xp 00000000 fd:00 8838673                    /usr/lib64/libcrypt-2.17.so
7f8efe5b8000-7f8efe7b7000 ---p 00008000 fd:00 8838673                    /usr/lib64/libcrypt-2.17.so
7f8efe7b7000-7f8efe7b8000 r--p 00007000 fd:00 8838673                    /usr/lib64/libcrypt-2.17.so
7f8efe7b8000-7f8efe7b9000 rw-p 00008000 fd:00 8838673                    /usr/lib64/libcrypt-2.17.so
7f8efe7b9000-7f8efe7e7000 rw-p 00000000 00:00 0 
7f8efe7e7000-7f8efe80b000 r-xp 00000000 fd:00 8395674                    /usr/lib64/libselinux.so.1
7f8efe80b000-7f8efea0a000 ---p 00024000 fd:00 8395674                    /usr/lib64/libselinux.so.1
7f8efea0a000-7f8efea0b000 r--p 00023000 fd:00 8395674                    /usr/lib64/libselinux.so.1
7f8efea0b000-7f8efea0c000 rw-p 00024000 fd:00 8395674                    /usr/lib64/libselinux.so.1
7f8efea0c000-7f8efea0e000 rw-p 00000000 00:00 0 
7f8efea0e000-7f8efea12000 r-xp 00000000 fd:00 8397324                    /usr/lib64/libcap-ng.so.0.0.0
7f8efea12000-7f8efec12000 ---p 00004000 fd:00 8397324                    /usr/lib64/libcap-ng.so.0.0.0
7f8efec12000-7f8efec13000 r--p 00004000 fd:00 8397324                    /usr/lib64/libcap-ng.so.0.0.0
7f8efec13000-7f8efec14000 rw-p 00005000 fd:00 8397324                    /usr/lib64/libcap-ng.so.0.0.0
7f8efec14000-7f8efec4e000 r-xp 00000000 fd:00 8838679                    /usr/lib64/libnspr4.so
7f8efec4e000-7f8efee4d000 ---p 0003a000 fd:00 8838679                    /usr/lib64/libnspr4.so
7f8efee4d000-7f8efee4e000 r--p 00039000 fd:00 8838679                    /usr/lib64/libnspr4.so
7f8efee4e000-7f8efee50000 rw-p 0003a000 fd:00 8838679                    /usr/lib64/libnspr4.so
7f8efee50000-7f8efee52000 rw-p 00000000 00:00 0 
7f8efee52000-7f8efee56000 r-xp 00000000 fd:00 8838681                    /usr/lib64/libplc4.so
7f8efee56000-7f8eff055000 ---p 00004000 fd:00 8838681                    /usr/lib64/libplc4.so
7f8eff055000-7f8eff056000 r--p 00003000 fd:00 8838681                    /usr/lib64/libplc4.so
7f8eff056000-7f8eff057000 rw-p 00004000 fd:00 8838681                    /usr/lib64/libplc4.so
7f8eff057000-7f8eff05a000 r-xp 00000000 fd:00 8838682                    /usr/lib64/libplds4.so
7f8eff05a000-7f8eff259000 ---p 00003000 fd:00 8838682                    /usr/lib64/libplds4.so
7f8eff259000-7f8eff25a000 r--p 00002000 fd:00 8838682                    /usr/lib64/libplds4.so
7f8eff25a000-7f8eff25b000 rw-p 00003000 fd:00 8838682                    /usr/lib64/libplds4.so
7f8eff25b000-7f8eff284000 r-xp 00000000 fd:00 8838683                    /usr/lib64/libnssutil3.so
7f8eff284000-7f8eff483000 ---p 00029000 fd:00 8838683                    /usr/lib64/libnssutil3.so
7f8eff483000-7f8eff48a000 r--p 00028000 fd:00 8838683                    /usr/lib64/libnssutil3.so
7f8eff48a000-7f8eff48b000 rw-p 0002f000 fd:00 8838683                    /usr/lib64/libnssutil3.so
7f8eff48b000-7f8eff5bb000 r-xp 00000000 fd:00 8610342                    /usr/lib64/libnss3.so
7f8eff5bb000-7f8eff7bb000 ---p 00130000 fd:00 8610342                    /usr/lib64/libnss3.so
7f8eff7bb000-7f8eff7c0000 r--p 00130000 fd:00 8610342                    /usr/lib64/libnss3.so
7f8eff7c0000-7f8eff7c3000 rw-p 00135000 fd:00 8610342                    /usr/lib64/libnss3.so
7f8eff7c3000-7f8eff7c4000 rw-p 00000000 00:00 0 
7f8eff7c4000-7f8eff7e9000 r-xp 00000000 fd:00 8610343                    /usr/lib64/libsmime3.so
7f8eff7e9000-7f8eff9e8000 ---p 00025000 fd:00 8610343                    /usr/lib64/libsmime3.so
7f8eff9e8000-7f8eff9eb000 r--p 00024000 fd:00 8610343                    /usr/lib64/libsmime3.so
7f8eff9eb000-7f8eff9ec000 rw-p 00027000 fd:00 8610343                    /usr/lib64/libsmime3.so
7f8eff9ec000-7f8effa49000 r-xp 00000000 fd:00 8610344                    /usr/lib64/libssl3.so
7f8effa49000-7f8effc49000 ---p 0005d000 fd:00 8610344                    /usr/lib64/libssl3.so
7f8effc49000-7f8effc4d000 r--p 0005d000 fd:00 8610344                    /usr/lib64/libssl3.so
7f8effc4d000-7f8effc4e000 rw-p 00061000 fd:00 8610344                    /usr/lib64/libssl3.so
7f8effc4e000-7f8effc4f000 rw-p 00000000 00:00 0 
7f8effc4f000-7f8effc6b000 r-xp 00000000 fd:00 8395327                    /usr/lib64/libsasl2.so.3.0.0
7f8effc6b000-7f8effe6a000 ---p 0001c000 fd:00 8395327                    /usr/lib64/libsasl2.so.3.0.0
7f8effe6a000-7f8effe6b000 r--p 0001b000 fd:00 8395327                    /usr/lib64/libsasl2.so.3.0.0
7f8effe6b000-7f8effe6c000 rw-p 0001c000 fd:00 8395327                    /usr/lib64/libsasl2.so.3.0.0
7f8effe6c000-7f8effe7a000 r-xp 00000000 fd:00 8607748                    /usr/lib64/liblber-2.4.so.2.10.7
7f8effe7a000-7f8f00079000 ---p 0000e000 fd:00 8607748                    /usr/lib64/liblber-2.4.so.2.10.7
7f8f00079000-7f8f0007a000 r--p 0000d000 fd:00 8607748                    /usr/lib64/liblber-2.4.so.2.10.7
7f8f0007a000-7f8f0007b000 rw-p 0000e000 fd:00 8607748                    /usr/lib64/liblber-2.4.so.2.10.7
7f8f0007b000-7f8f00091000 r-xp 00000000 fd:00 8799603                    /usr/lib64/libresolv-2.17.so
7f8f00091000-7f8f00291000 ---p 00016000 fd:00 8799603                    /usr/lib64/libresolv-2.17.so
7f8f00291000-7f8f00292000 r--p 00016000 fd:00 8799603                    /usr/lib64/libresolv-2.17.so
7f8f00292000-7f8f00293000 rw-p 00017000 fd:00 8799603                    /usr/lib64/libresolv-2.17.so
7f8f00293000-7f8f00295000 rw-p 00000000 00:00 0 
7f8f00295000-7f8f00298000 r-xp 00000000 fd:00 8395765                    /usr/lib64/libkeyutils.so.1.5
7f8f00298000-7f8f00497000 ---p 00003000 fd:00 8395765                    /usr/lib64/libkeyutils.so.1.5
7f8f00497000-7f8f00498000 r--p 00002000 fd:00 8395765                    /usr/lib64/libkeyutils.so.1.5
7f8f00498000-7f8f00499000 rw-p 00003000 fd:00 8395765                    /usr/lib64/libkeyutils.so.1.5
7f8f00499000-7f8f004a7000 r-xp 00000000 fd:00 8542431                    /usr/lib64/libkrb5support.so.0.1
7f8f004a7000-7f8f006a7000 ---p 0000e000 fd:00 8542431                    /usr/lib64/libkrb5support.so.0.1
7f8f006a7000-7f8f006a8000 r--p 0000e000 fd:00 8542431                    /usr/lib64/libkrb5support.so.0.1
7f8f006a8000-7f8f006a9000 rw-p 0000f000 fd:00 8542431                    /usr/lib64/libkrb5support.so.0.1
7f8f006a9000-7f8f01a7b000 r-xp 00000000 fd:00 9002026                    /usr/lib64/libicudata.so.50.2
7f8f01a7b000-7f8f01c7a000 ---p 013d2000 fd:00 9002026                    /usr/lib64/libicudata.so.50.2
7f8f01c7a000-7f8f01c7b000 r--p 013d1000 fd:00 9002026                    /usr/lib64/libicudata.so.50.2
7f8f01c7b000-7f8f01c7c000 rw-p 013d2000 fd:00 9002026                    /usr/lib64/libicudata.so.50.2
7f8f01c7c000-7f8f01ca1000 r-xp 00000000 fd:00 8395651                    /usr/lib64/libtinfo.so.5.9
7f8f01ca1000-7f8f01ea1000 ---p 00025000 fd:00 8395651                    /usr/lib64/libtinfo.so.5.9
7f8f01ea1000-7f8f01ea5000 r--p 00025000 fd:00 8395651                    /usr/lib64/libtinfo.so.5.9
7f8f01ea5000-7f8f01ea6000 rw-p 00029000 fd:00 8395651                    /usr/lib64/libtinfo.so.5.9
7f8f01ea6000-7f8f01ead000 r-xp 00000000 fd:00 8395759                    /usr/lib64/libffi.so.6.0.1
7f8f01ead000-7f8f020ac000 ---p 00007000 fd:00 8395759                    /usr/lib64/libffi.so.6.0.1
7f8f020ac000-7f8f020ad000 r--p 00006000 fd:00 8395759                    /usr/lib64/libffi.so.6.0.1
7f8f020ad000-7f8f020ae000 rw-p 00007000 fd:00 8395759                    /usr/lib64/libffi.so.6.0.1
7f8f020ae000-7f8f0210e000 r-xp 00000000 fd:00 8395665                    /usr/lib64/libpcre.so.1.2.0
7f8f0210e000-7f8f0230e000 ---p 00060000 fd:00 8395665                    /usr/lib64/libpcre.so.1.2.0
7f8f0230e000-7f8f0230f000 r--p 00060000 fd:00 8395665                    /usr/lib64/libpcre.so.1.2.0
7f8f0230f000-7f8f02310000 rw-p 00061000 fd:00 8395665                    /usr/lib64/libpcre.so.1.2.0
7f8f02310000-7f8f0232e000 r-xp 00000000 fd:00 8397326                    /usr/lib64/libaudit.so.1.0.0
7f8f0232e000-7f8f0252d000 ---p 0001e000 fd:00 8397326                    /usr/lib64/libaudit.so.1.0.0
7f8f0252d000-7f8f0252e000 r--p 0001d000 fd:00 8397326                    /usr/lib64/libaudit.so.1.0.0
7f8f0252e000-7f8f0252f000 rw-p 0001e000 fd:00 8397326                    /usr/lib64/libaudit.so.1.0.0
7f8f0252f000-7f8f02539000 rw-p 00000000 00:00 0 
7f8f02539000-7f8f0256a000 r-xp 00000000 fd:00 8542423                    /usr/lib64/libk5crypto.so.3.1
7f8f0256a000-7f8f02769000 ---p 00031000 fd:00 8542423                    /usr/lib64/libk5crypto.so.3.1
7f8f02769000-7f8f0276b000 r--p 00030000 fd:00 8542423                    /usr/lib64/libk5crypto.so.3.1
7f8f0276b000-7f8f0276c000 rw-p 00032000 fd:00 8542423                    /usr/lib64/libk5crypto.so.3.1
7f8f0276c000-7f8f0276f000 r-xp 00000000 fd:00 8800375                    /usr/lib64/libcom_err.so.2.1
7f8f0276f000-7f8f0296e000 ---p 00003000 fd:00 8800375                    /usr/lib64/libcom_err.so.2.1
7f8f0296e000-7f8f0296f000 r--p 00002000 fd:00 8800375                    /usr/lib64/libcom_err.so.2.1
7f8f0296f000-7f8f02970000 rw-p 00003000 fd:00 8800375                    /usr/lib64/libcom_err.so.2.1
7f8f02970000-7f8f02a49000 r-xp 00000000 fd:00 8542429                    /usr/lib64/libkrb5.so.3.3
7f8f02a49000-7f8f02c48000 ---p 000d9000 fd:00 8542429                    /usr/lib64/libkrb5.so.3.3
7f8f02c48000-7f8f02c56000 r--p 000d8000 fd:00 8542429                    /usr/lib64/libkrb5.so.3.3
7f8f02c56000-7f8f02c59000 rw-p 000e6000 fd:00 8542429                    /usr/lib64/libkrb5.so.3.3
7f8f02c59000-7f8f02cb2000 r-xp 00000000 fd:00 8643189                    /usr/lib64/libldap_r-2.4.so.2.10.7
7f8f02cb2000-7f8f02eb2000 ---p 00059000 fd:00 8643189                    /usr/lib64/libldap_r-2.4.so.2.10.7
7f8f02eb2000-7f8f02eb4000 r--p 00059000 fd:00 8643189                    /usr/lib64/libldap_r-2.4.so.2.10.7
7f8f02eb4000-7f8f02eb5000 rw-p 0005b000 fd:00 8643189                    /usr/lib64/libldap_r-2.4.so.2.10.7
7f8f02eb5000-7f8f02eb8000 rw-p 00000000 00:00 0 
7f8f02eb8000-7f8f02f02000 r-xp 00000000 fd:00 8395624                    /usr/lib64/libgssapi_krb5.so.2.2
7f8f02f02000-7f8f03102000 ---p 0004a000 fd:00 8395624                    /usr/lib64/libgssapi_krb5.so.2.2
7f8f03102000-7f8f03103000 r--p 0004a000 fd:00 8395624                    /usr/lib64/libgssapi_krb5.so.2.2
7f8f03103000-7f8f03105000 rw-p 0004b000 fd:00 8395624                    /usr/lib64/libgssapi_krb5.so.2.2
7f8f03105000-7f8f0312a000 r-xp 00000000 fd:00 8800447                    /usr/lib64/libgomp.so.1.0.0
7f8f0312a000-7f8f03329000 ---p 00025000 fd:00 8800447                    /usr/lib64/libgomp.so.1.0.0
7f8f03329000-7f8f0332a000 r--p 00024000 fd:00 8800447                    /usr/lib64/libgomp.so.1.0.0
7f8f0332a000-7f8f0332b000 rw-p 00025000 fd:00 8800447                    /usr/lib64/libgomp.so.1.0.0
7f8f0332b000-7f8f0351b000 r-xp 00000000 fd:00 9002028                    /usr/lib64/libicui18n.so.50.2
7f8f0351b000-7f8f0371b000 ---p 001f0000 fd:00 9002028                    /usr/lib64/libicui18n.so.50.2
7f8f0371b000-7f8f03727000 r--p 001f0000 fd:00 9002028                    /usr/lib64/libicui18n.so.50.2
7f8f03727000-7f8f03729000 rw-p 001fc000 fd:00 9002028                    /usr/lib64/libicui18n.so.50.2
7f8f03729000-7f8f0372a000 rw-p 00000000 00:00 0 
7f8f0372a000-7f8f0388e000 r-xp 00000000 fd:00 9002040                    /usr/lib64/libicuuc.so.50.2
7f8f0388e000-7f8f03a8e000 ---p 00164000 fd:00 9002040                    /usr/lib64/libicuuc.so.50.2
7f8f03a8e000-7f8f03a9e000 r--p 00164000 fd:00 9002040                    /usr/lib64/libicuuc.so.50.2
7f8f03a9e000-7f8f03a9f000 rw-p 00174000 fd:00 9002040                    /usr/lib64/libicuuc.so.50.2
7f8f03a9f000-7f8f03aa3000 rw-p 00000000 00:00 0 
7f8f03aa3000-7f8f03ab2000 r-xp 00000000 fd:00 8395695                    /usr/lib64/libbz2.so.1.0.6
7f8f03ab2000-7f8f03cb1000 ---p 0000f000 fd:00 8395695                    /usr/lib64/libbz2.so.1.0.6
7f8f03cb1000-7f8f03cb2000 r--p 0000e000 fd:00 8395695                    /usr/lib64/libbz2.so.1.0.6
7f8f03cb2000-7f8f03cb3000 rw-p 0000f000 fd:00 8395695                    /usr/lib64/libbz2.so.1.0.6
7f8f03cb3000-7f8f03cd8000 r-xp 00000000 fd:00 8395686                    /usr/lib64/liblzma.so.5.2.2
7f8f03cd8000-7f8f03ed7000 ---p 00025000 fd:00 8395686                    /usr/lib64/liblzma.so.5.2.2
7f8f03ed7000-7f8f03ed8000 r--p 00024000 fd:00 8395686                    /usr/lib64/liblzma.so.5.2.2
7f8f03ed8000-7f8f03ed9000 rw-p 00025000 fd:00 8395686                    /usr/lib64/liblzma.so.5.2.2
7f8f03ed9000-7f8f03f4f000 r-xp 00000000 fd:00 9007298                    /usr/lib64/libpcre2-8.so.0.5.0
7f8f03f4f000-7f8f0414e000 ---p 00076000 fd:00 9007298                    /usr/lib64/libpcre2-8.so.0.5.0
7f8f0414e000-7f8f0414f000 r--p 00075000 fd:00 9007298                    /usr/lib64/libpcre2-8.so.0.5.0
7f8f0414f000-7f8f04150000 rw-p 00076000 fd:00 9007298                    /usr/lib64/libpcre2-8.so.0.5.0
7f8f04150000-7f8f0418c000 r-xp 00000000 fd:00 8395755                    /usr/lib64/libreadline.so.6.2
7f8f0418c000-7f8f0438c000 ---p 0003c000 fd:00 8395755                    /usr/lib64/libreadline.so.6.2
7f8f0438c000-7f8f0438e000 r--p 0003c000 fd:00 8395755                    /usr/lib64/libreadline.so.6.2
7f8f0438e000-7f8f04394000 rw-p 0003e000 fd:00 8395755                    /usr/lib64/libreadline.so.6.2
7f8f04394000-7f8f04396000 rw-p 00000000 00:00 0 
7f8f04396000-7f8f043d1000 r-xp 00000000 fd:00 8800435                    /usr/lib64/libquadmath.so.0.0.0
7f8f043d1000-7f8f045d0000 ---p 0003b000 fd:00 8800435                    /usr/lib64/libquadmath.so.0.0.0
7f8f045d0000-7f8f045d1000 r--p 0003a000 fd:00 8800435                    /usr/lib64/libquadmath.so.0.0.0
7f8f045d1000-7f8f045d2000 rw-p 0003b000 fd:00 8800435                    /usr/lib64/libquadmath.so.0.0.0
7f8f045d2000-7f8f04848000 r-xp 00000000 fd:00 8977940                    /usr/lib64/libgfortran.so.5.0.0
7f8f04848000-7f8f04a47000 ---p 00276000 fd:00 8977940                    /usr/lib64/libgfortran.so.5.0.0
7f8f04a47000-7f8f04a48000 r--p 00275000 fd:00 8977940                    /usr/lib64/libgfortran.so.5.0.0
7f8f04a48000-7f8f04a4a000 rw-p 00276000 fd:00 8977940                    /usr/lib64/libgfortran.so.5.0.0
7f8f04a4a000-7f8f08b0e000 r-xp 00000000 00:28 2061735074                 /lrlhps/apps/intel/intel-2020/compilers_and_libraries_2020.0.166/linux/mkl/lib/intel64_lin/libmkl_core.so
7f8f08b0e000-7f8f08d0d000 ---p 040c4000 00:28 2061735074                 /lrlhps/apps/intel/intel-2020/compilers_and_libraries_2020.0.166/linux/mkl/lib/intel64_lin/libmkl_core.so
7f8f08d0d000-7f8f08d14000 r--p 040c3000 00:28 2061735074                 /lrlhps/apps/intel/intel-2020/compilers_and_libraries_2020.0.166/linux/mkl/lib/intel64_lin/libmkl_core.so
7f8f08d14000-7f8f08d44000 rw-p 040ca000 00:28 2061735074                 /lrlhps/apps/intel/intel-2020/compilers_and_libraries_2020.0.166/linux/mkl/lib/intel64_lin/libmkl_core.so
7f8f08d44000-7f8f08d6a000 rw-p 00000000 00:00 0 
7f8f08d6a000-7f8f0a428000 r-xp 00000000 00:28 2050774594                 /lrlhps/apps/intel/intel-2020/compilers_and_libraries_2020.0.166/linux/mkl/lib/intel64_lin/libmkl_gnu_thread.so
7f8f0a428000-7f8f0a627000 ---p 016be000 00:28 2050774594                 /lrlhps/apps/intel/intel-2020/compilers_and_libraries_2020.0.166/linux/mkl/lib/intel64_lin/libmkl_gnu_thread.so
7f8f0a627000-7f8f0a62b000 r--p 016bd000 00:28 2050774594                 /lrlhps/apps/intel/intel-2020/compilers_and_libraries_2020.0.166/linux/mkl/lib/intel64_lin/libmkl_gnu_thread.so
7f8f0a62b000-7f8f0a643000 rw-p 016c1000 00:28 2050774594                 /lrlhps/apps/intel/intel-2020/compilers_and_libraries_2020.0.166/linux/mkl/lib/intel64_lin/libmkl_gnu_thread.so
7f8f0a643000-7f8f0af95000 r-xp 00000000 00:28 2062907069                 /lrlhps/apps/intel/intel-2020/compilers_and_libraries_2020.0.166/linux/mkl/lib/intel64_lin/libmkl_gf_lp64.so
7f8f0af95000-7f8f0b194000 ---p 00952000 00:28 2062907069                 /lrlhps/apps/intel/intel-2020/compilers_and_libraries_2020.0.166/linux/mkl/lib/intel64_lin/libmkl_gf_lp64.so
7f8f0b194000-7f8f0b195000 r--p 00951000 00:28 2062907069                 /lrlhps/apps/intel/intel-2020/compilers_and_libraries_2020.0.166/linux/mkl/lib/intel64_lin/libmkl_gf_lp64.so
7f8f0b195000-7f8f0b1a7000 rw-p 00952000 00:28 2062907069                 /lrlhps/apps/intel/intel-2020/compilers_and_libraries_2020.0.166/linux/mkl/lib/intel64_lin/libmkl_gf_lp64.so
7f8f0b1a7000-7f8f0b1ad000 rw-p 00000000 00:00 0 
7f8f0b1ad000-7f8f0b371000 r-xp 00000000 fd:00 8484532                    /usr/lib64/libc-2.17.so
7f8f0b371000-7f8f0b570000 ---p 001c4000 fd:00 8484532                    /usr/lib64/libc-2.17.so
7f8f0b570000-7f8f0b574000 r--p 001c3000 fd:00 8484532                    /usr/lib64/libc-2.17.so
7f8f0b574000-7f8f0b576000 rw-p 001c7000 fd:00 8484532                    /usr/lib64/libc-2.17.so
7f8f0b576000-7f8f0b57b000 rw-p 00000000 00:00 0 
7f8f0b57b000-7f8f0b590000 r-xp 00000000 fd:00 8799579                    /usr/lib64/libgcc_s-4.8.5-20150702.so.1
7f8f0b590000-7f8f0b78f000 ---p 00015000 fd:00 8799579                    /usr/lib64/libgcc_s-4.8.5-20150702.so.1
7f8f0b78f000-7f8f0b790000 r--p 00014000 fd:00 8799579                    /usr/lib64/libgcc_s-4.8.5-20150702.so.1
7f8f0b790000-7f8f0b791000 rw-p 00015000 fd:00 8799579                    /usr/lib64/libgcc_s-4.8.5-20150702.so.1
7f8f0b791000-7f8f0b892000 r-xp 00000000 fd:00 8838677                    /usr/lib64/libm-2.17.so
7f8f0b892000-7f8f0ba91000 ---p 00101000 fd:00 8838677                    /usr/lib64/libm-2.17.so
7f8f0ba91000-7f8f0ba92000 r--p 00100000 fd:00 8838677                    /usr/lib64/libm-2.17.so
7f8f0ba92000-7f8f0ba93000 rw-p 00101000 fd:00 8838677                    /usr/lib64/libm-2.17.so
7f8f0ba93000-7f8f0bb7c000 r-xp 00000000 fd:00 8800378                    /usr/lib64/libstdc++.so.6.0.19
7f8f0bb7c000-7f8f0bd7c000 ---p 000e9000 fd:00 8800378                    /usr/lib64/libstdc++.so.6.0.19
7f8f0bd7c000-7f8f0bd84000 r--p 000e9000 fd:00 8800378                    /usr/lib64/libstdc++.so.6.0.19
7f8f0bd84000-7f8f0bd86000 rw-p 000f1000 fd:00 8800378                    /usr/lib64/libstdc++.so.6.0.19
7f8f0bd86000-7f8f0bd9b000 rw-p 00000000 00:00 0 
7f8f0bd9b000-7f8f0beaf000 r-xp 00000000 fd:00 8395276                    /usr/lib64/libglib-2.0.so.0.5600.1
7f8f0beaf000-7f8f0c0ae000 ---p 00114000 fd:00 8395276                    /usr/lib64/libglib-2.0.so.0.5600.1
7f8f0c0ae000-7f8f0c0af000 r--p 00113000 fd:00 8395276                    /usr/lib64/libglib-2.0.so.0.5600.1
7f8f0c0af000-7f8f0c0b0000 rw-p 00114000 fd:00 8395276                    /usr/lib64/libglib-2.0.so.0.5600.1
7f8f0c0b0000-7f8f0c0b1000 rw-p 00000000 00:00 0 
7f8f0c0b1000-7f8f0c100000 r-xp 00000000 fd:00 8395280                    /usr/lib64/libgobject-2.0.so.0.5600.1
7f8f0c100000-7f8f0c300000 ---p 0004f000 fd:00 8395280                    /usr/lib64/libgobject-2.0.so.0.5600.1
7f8f0c300000-7f8f0c301000 r--p 0004f000 fd:00 8395280                    /usr/lib64/libgobject-2.0.so.0.5600.1
7f8f0c301000-7f8f0c302000 rw-p 00050000 fd:00 8395280                    /usr/lib64/libgobject-2.0.so.0.5600.1
7f8f0c302000-7f8f0c319000 r-xp 00000000 fd:00 8799601                    /usr/lib64/libpthread-2.17.so
7f8f0c319000-7f8f0c518000 ---p 00017000 fd:00 8799601                    /usr/lib64/libpthread-2.17.so
7f8f0c518000-7f8f0c519000 r--p 00016000 fd:00 8799601                    /usr/lib64/libpthread-2.17.so
7f8f0c519000-7f8f0c51a000 rw-p 00017000 fd:00 8799601                    /usr/lib64/libpthread-2.17.so
7f8f0c51a000-7f8f0c51e000 rw-p 00000000 00:00 0 
7f8f0c51e000-7f8f0c52b000 r-xp 00000000 fd:00 8484920                    /usr/lib64/libpam.so.0.83.1
7f8f0c52b000-7f8f0c72b000 ---p 0000d000 fd:00 8484920                    /usr/lib64/libpam.so.0.83.1
7f8f0c72b000-7f8f0c72c000 r--p 0000d000 fd:00 8484920                    /usr/lib64/libpam.so.0.83.1
7f8f0c72c000-7f8f0c72d000 rw-p 0000e000 fd:00 8484920                    /usr/lib64/libpam.so.0.83.1
7f8f0c72d000-7f8f0c964000 r-xp 00000000 fd:00 8395656                    /usr/lib64/libcrypto.so.1.0.2k
7f8f0c964000-7f8f0cb63000 ---p 00237000 fd:00 8395656                    /usr/lib64/libcrypto.so.1.0.2k
7f8f0cb63000-7f8f0cb7f000 r--p 00236000 fd:00 8395656                    /usr/lib64/libcrypto.so.1.0.2k
7f8f0cb7f000-7f8f0cb8c000 rw-p 00252000 fd:00 8395656                    /usr/lib64/libcrypto.so.1.0.2k
7f8f0cb8c000-7f8f0cb90000 rw-p 00000000 00:00 0 
7f8f0cb90000-7f8f0cbf7000 r-xp 00000000 fd:00 8542417                    /usr/lib64/libssl.so.1.0.2k
7f8f0cbf7000-7f8f0cdf7000 ---p 00067000 fd:00 8542417                    /usr/lib64/libssl.so.1.0.2k
7f8f0cdf7000-7f8f0cdfb000 r--p 00067000 fd:00 8542417                    /usr/lib64/libssl.so.1.0.2k
7f8f0cdfb000-7f8f0ce02000 rw-p 0006b000 fd:00 8542417                    /usr/lib64/libssl.so.1.0.2k
7f8f0ce02000-7f8f0ce17000 r-xp 00000000 fd:00 8800372                    /usr/lib64/libz.so.1.2.7
7f8f0ce17000-7f8f0d016000 ---p 00015000 fd:00 8800372                    /usr/lib64/libz.so.1.2.7
7f8f0d016000-7f8f0d017000 r--p 00014000 fd:00 8800372                    /usr/lib64/libz.so.1.2.7
7f8f0d017000-7f8f0d018000 rw-p 00015000 fd:00 8800372                    /usr/lib64/libz.so.1.2.7
7f8f0d018000-7f8f0d01f000 r-xp 00000000 fd:00 8799607                    /usr/lib64/librt-2.17.so
7f8f0d01f000-7f8f0d21e000 ---p 00007000 fd:00 8799607                    /usr/lib64/librt-2.17.so
7f8f0d21e000-7f8f0d21f000 r--p 00006000 fd:00 8799607                    /usr/lib64/librt-2.17.so
7f8f0d21f000-7f8f0d220000 rw-p 00007000 fd:00 8799607                    /usr/lib64/librt-2.17.so
7f8f0d220000-7f8f0d224000 r-xp 00000000 fd:00 8395717                    /usr/lib64/libuuid.so.1.3.0
7f8f0d224000-7f8f0d423000 ---p 00004000 fd:00 8395717                    /usr/lib64/libuuid.so.1.3.0
7f8f0d423000-7f8f0d424000 r--p 00003000 fd:00 8395717                    /usr/lib64/libuuid.so.1.3.0
7f8f0d424000-7f8f0d425000 rw-p 00004000 fd:00 8395717                    /usr/lib64/libuuid.so.1.3.0
7f8f0d425000-7f8f0d427000 r-xp 00000000 fd:00 8799612                    /usr/lib64/libutil-2.17.so
7f8f0d427000-7f8f0d626000 ---p 00002000 fd:00 8799612                    /usr/lib64/libutil-2.17.so
7f8f0d626000-7f8f0d627000 r--p 00001000 fd:00 8799612                    /usr/lib64/libutil-2.17.so
7f8f0d627000-7f8f0d628000 rw-p 00002000 fd:00 8799612                    /usr/lib64/libutil-2.17.so
7f8f0d628000-7f8f0d674000 r-xp 00000000 fd:00 29466644                   /usr/pgsql-14/lib/libpq.so.5.14
7f8f0d674000-7f8f0d874000 ---p 0004c000 fd:00 29466644                   /usr/pgsql-14/lib/libpq.so.5.14
7f8f0d874000-7f8f0d877000 r--p 0004c000 fd:00 29466644                   /usr/pgsql-14/lib/libpq.so.5.14
7f8f0d877000-7f8f0d878000 rw-p 0004f000 fd:00 29466644                   /usr/pgsql-14/lib/libpq.so.5.14
7f8f0d878000-7f8f0d98a000 r-xp 00000000 00:28 1849527405                 /lrlhps/apps/sqlite/sqlite-3.33.0/lib/libsqlite3.so.0.8.6
7f8f0d98a000-7f8f0db8a000 ---p 00112000 00:28 1849527405                 /lrlhps/apps/sqlite/sqlite-3.33.0/lib/libsqlite3.so.0.8.6
7f8f0db8a000-7f8f0db8d000 r--p 00112000 00:28 1849527405                 /lrlhps/apps/sqlite/sqlite-3.33.0/lib/libsqlite3.so.0.8.6
7f8f0db8d000-7f8f0db90000 rw-p 00115000 00:28 1849527405                 /lrlhps/apps/sqlite/sqlite-3.33.0/lib/libsqlite3.so.0.8.6
7f8f0db90000-7f8f0db91000 rw-p 00000000 00:00 0 
7f8f0db91000-7f8f0deb0000 r-xp 00000000 fd:06 206799379                  /opt/R/R-4.0.3/lib64/R/lib/libR.so
7f8f0deb0000-7f8f0e0af000 ---p 0031f000 fd:06 206799379                  /opt/R/R-4.0.3/lib64/R/lib/libR.so
7f8f0e0af000-7f8f0e0cd000 r--p 0031e000 fd:06 206799379                  /opt/R/R-4.0.3/lib64/R/lib/libR.so
7f8f0e0cd000-7f8f0e0db000 rw-p 0033c000 fd:06 206799379                  /opt/R/R-4.0.3/lib64/R/lib/libR.so
7f8f0e0db000-7f8f0e22b000 rw-p 00000000 00:00 0 
7f8f0e22b000-7f8f0e22d000 r-xp 00000000 fd:00 8838675                    /usr/lib64/libdl-2.17.so
7f8f0e22d000-7f8f0e42d000 ---p 00002000 fd:00 8838675                    /usr/lib64/libdl-2.17.so
7f8f0e42d000-7f8f0e42e000 r--p 00002000 fd:00 8838675                    /usr/lib64/libdl-2.17.so
7f8f0e42e000-7f8f0e42f000 rw-p 00003000 fd:00 8838675                    /usr/lib64/libdl-2.17.so
7f8f0e42f000-7f8f0e451000 r-xp 00000000 fd:00 8395272                    /usr/lib64/ld-2.17.so
7f8f0e496000-7f8f0e4cb000 r--s 00000000 fd:05 12595747                   /var/db/nscd/hosts
7f8f0e4cb000-7f8f0e52c000 rw-p 00000000 00:00 0 
7f8f0e539000-7f8f0e53a000 r--p 00000000 fd:00 12584494                   /usr/share/locale/en_US/LC_MESSAGES/mit-krb5.mo
7f8f0e53a000-7f8f0e53b000 r--p 00000000 fd:06 224013355                  /opt/R/R-4.0.3/lib64/R/library/translations/en/LC_MESSAGES/R.mo
7f8f0e53b000-7f8f0e579000 r--s 0025d000 fd:06 122282556                  /opt/R/R-4.0.3/lib64/R/library/xlsxjars/java/xmlbeans-2.6.0.jar
7f8f0e579000-7f8f0e587000 r--s 000ef000 fd:06 122282554                  /opt/R/R-4.0.3/lib64/R/library/xlsxjars/java/poi-ooxml-3.10.1-20140818.jar
7f8f0e587000-7f8f0e5a8000 r--s 001bb000 fd:06 122282553                  /opt/R/R-4.0.3/lib64/R/library/xlsxjars/java/poi-3.10.1-20140818.jar
7f8f0e5a8000-7f8f0e5ad000 r--s 00048000 fd:06 122282552                  /opt/R/R-4.0.3/lib64/R/library/xlsxjars/java/dom4j-1.6.1.jar
7f8f0e5ad000-7f8f0e62f000 rw-p 00000000 00:00 0 
7f8f0e62f000-7f8f0e630000 r--s 00003000 fd:06 115737148                  /opt/R/R-4.0.3/lib64/R/library/xlsx/java/rexcel-0.5.1.jar
7f8f0e630000-7f8f0e636000 r--s 00033000 fd:06 122282551                  /opt/R/R-4.0.3/lib64/R/library/xlsxjars/java/commons-codec-1.6.jar
7f8f0e636000-7f8f0e63d000 r--s 000f5000 fd:00 3146843                    /usr/lib/jvm/java-1.8.0-openjdk-1.8.0.322.b06-1.el7_9.x86_64/jre/lib/jfr.jar
7f8f0e63d000-7f8f0e645000 rw-s 00000000 fd:02 58727424                   /tmp/hsperfdata_c242664/17547
7f8f0e645000-7f8f0e646000 rw-p 00000000 00:00 0 
7f8f0e646000-7f8f0e64d000 r--s 00000000 fd:00 16848390                   /usr/lib64/gconv/gconv-modules.cache
7f8f0e64d000-7f8f0e64e000 r--p 00000000 00:00 0 
7f8f0e64e000-7f8f0e650000 rw-p 00000000 00:00 0 
7f8f0e650000-7f8f0e651000 r--p 00021000 fd:00 8395272                    /usr/lib64/ld-2.17.so
7f8f0e651000-7f8f0e652000 rw-p 00022000 fd:00 8395272                    /usr/lib64/ld-2.17.so
7f8f0e652000-7f8f0e653000 rw-p 00000000 00:00 0 
7ffdf5237000-7ffdf523a000 ---p 00000000 00:00 0 
7ffdf523a000-7ffdf5a37000 rw-p 00000000 00:00 0                          [stack]
7ffdf5afb000-7ffdf5afd000 r-xp 00000000 00:00 0                          [vdso]
ffffffffff600000-ffffffffff601000 r-xp 00000000 00:00 0                  [vsyscall]

VM Arguments:
jvm_args: -Xmx8g -Xrs vfprintf exit -Xss2m 
java_command: <unknown>
java_class_path (initial): /opt/R/R-4.0.3/lib64/R/library/rJava/java/boot
Launcher Type: generic

Environment Variables:
PATH=/lrlhps/apps/python/python-3.6.5/bin:/opt/uge/uge-8.6.6/bin/lx-amd64:/usr/lib64/qt-3.3/bin:/usr/local/bin:/usr/bin:/usr/local/sbin:/usr/sbin:/opt/puppetlabs/bin:/home/c242664/bin:/usr/lib/rstudio-server/bin/postback:/usr/lib/rstudio-server/bin/postback:/usr/lib/rstudio-server/bin/postback:/usr/lib/rstudio-server/bin/postback
LD_LIBRARY_PATH=/opt/uge/uge-8.6.6/lib/lilly:/opt/R/R-4.0.3/lib64/R/lib::/opt/rh/devtoolset-8/root/usr/lib64:/opt/rh/devtoolset-8/root/usr/lib:/opt/rh/devtoolset-8/root/usr/lib64/dyninst:/opt/rh/devtoolset-8/root/usr/lib/dyninst:/lrlhps/apps/libpostal/libpostal-1.1/lib:/lrlhps/apps/zeromq/zeromq-4.3.3/lib:/lrlhps/apps/jags/jags-4.3.0/lib:/lrlhps/apps/gdal/gdal-3.2.0/lib:/lrlhps/apps/proj/proj-7.2.0/lib:/lrlhps/apps/sqlite/sqlite-3.33.0/lib:/lrlhps/apps/gsl/gsl-2.6/lib:/lib:/usr/local/lib64:/lrlhps/apps/intel/intel-2020/compilers_and_libraries/linux/mkl/lib/intel64:/usr/lib/jvm/java/jre/lib/amd64/server:/oracle/product/current/lib:/lrlhps/apps/hdf5/hdf5-1.12.0/lib
DISPLAY=:0

Signal Handlers:
SIGSEGV: [libjvm.so+0xb666a0], sa_mask[0]=11111111011111111101111111111110, sa_flags=SA_RESTART|SA_SIGINFO
SIGBUS: [libjvm.so+0xb666a0], sa_mask[0]=11111111011111111101111111111110, sa_flags=SA_RESTART|SA_SIGINFO
SIGFPE: [libjvm.so+0x93c350], sa_mask[0]=11111111011111111101111111111110, sa_flags=SA_RESTART|SA_SIGINFO
SIGPIPE: [libjvm.so+0x93c350], sa_mask[0]=11111111011111111101111111111110, sa_flags=SA_RESTART|SA_SIGINFO
SIGXFSZ: [libjvm.so+0x93c350], sa_mask[0]=11111111011111111101111111111110, sa_flags=SA_RESTART|SA_SIGINFO
SIGILL: [libjvm.so+0x93c350], sa_mask[0]=11111111011111111101111111111110, sa_flags=SA_RESTART|SA_SIGINFO
SIGUSR1: [rsession+0x298110], sa_mask[0]=00000000010000000000000000000000, sa_flags=SA_RESTART
SIGUSR2: [libjvm.so+0x93c4c0], sa_mask[0]=11000000000000000000000000000000, sa_flags=SA_RESTART|SA_SIGINFO
SIGHUP: SIG_IGN, sa_mask[0]=00000000000000000000000000000000, sa_flags=none
SIGINT: [rsession+0x19dd10], sa_mask[0]=01000000000000000000000000000000, sa_flags=SA_RESTART
SIGTERM: SIG_DFL, sa_mask[0]=00000000000000000000000000000000, sa_flags=none
SIGQUIT: SIG_DFL, sa_mask[0]=00000000000000000000000000000000, sa_flags=none


---------------  S Y S T E M  ---------------

OS:Red Hat Enterprise Linux Server release 7.9 (Maipo)

uname:Linux 3.10.0-1160.62.1.el7.x86_64 #1 SMP Wed Mar 23 09:04:02 UTC 2022 x86_64
libc:glibc 2.17 NPTL 2.17 
rlimit: STACK 8192k, CORE 0k, NPROC 600, NOFILE 4096, AS 100663296k
load average:1.17 1.64 1.46

/proc/meminfo:
MemTotal:       263845408 kB
MemFree:        11677728 kB
MemAvailable:   27372752 kB
Buffers:            9432 kB
Cached:         17260152 kB
SwapCached:       237368 kB
Active:         224825692 kB
Inactive:       23419304 kB
Active(anon):   224222432 kB
Inactive(anon):  7684052 kB
Active(file):     603260 kB
Inactive(file): 15735252 kB
Unevictable:          16 kB
Mlocked:              16 kB
SwapTotal:       8388604 kB
SwapFree:              0 kB
Dirty:              1448 kB
Writeback:             0 kB
AnonPages:      230738240 kB
Mapped:           160096 kB
Shmem:            931080 kB
Slab:             425344 kB
SReclaimable:     240660 kB
SUnreclaim:       184684 kB
KernelStack:       27856 kB
PageTables:       550216 kB
NFS_Unstable:          0 kB
Bounce:                0 kB
WritebackTmp:          0 kB
CommitLimit:    140311308 kB
Committed_AS:   271611356 kB
VmallocTotal:   34359738367 kB
VmallocUsed:      716372 kB
VmallocChunk:   34224736252 kB
Percpu:             9216 kB
HardwareCorrupted:     0 kB
AnonHugePages:  60803072 kB
CmaTotal:              0 kB
CmaFree:               0 kB
HugePages_Total:       0
HugePages_Free:        0
HugePages_Rsvd:        0
HugePages_Surp:        0
Hugepagesize:       2048 kB
DirectMap4k:      586304 kB
DirectMap2M:    73734144 kB
DirectMap1G:    196083712 kB

container (cgroup) information:
container_type: cgroupv1
cpu_cpuset_cpus: 0-23
cpu_memory_nodes: 0-1
active_processor_count: 24
cpu_quota: -1
cpu_period: 100000
cpu_shares: -1
memory_limit_in_bytes: -1
memory_and_swap_limit_in_bytes: -1
memory_soft_limit_in_bytes: -1
memory_usage_in_bytes: 254184828928
memory_max_usage_in_bytes: 0


CPU:total 24 (initial active 24) (12 cores per cpu, 2 threads per core) family 6 model 63 stepping 2, cmov, cx8, fxsr, mmx, sse, sse2, sse3, ssse3, sse4.1, sse4.2, popcnt, avx, avx2, aes, clmul, erms, lzcnt, ht, tsc, tscinvbit, bmi1, bmi2

/proc/cpuinfo:
processor	: 0
vendor_id	: GenuineIntel
cpu family	: 6
model		: 63
model name	: Intel(R) Xeon(R) CPU E5-2680 v3 @ 2.50GHz
stepping	: 2
microcode	: 0x49
cpu MHz		: 2500.000
cache size	: 30720 KB
physical id	: 0
siblings	: 12
core id		: 0
cpu cores	: 12
apicid		: 0
initial apicid	: 0
fpu		: yes
fpu_exception	: yes
cpuid level	: 15
wp		: yes
flags		: fpu vme de pse tsc msr pae mce cx8 apic sep mtrr pge mca cmov pat pse36 clflush dts acpi mmx fxsr sse sse2 ss ht tm pbe syscall nx pdpe1gb rdtscp lm constant_tsc arch_perfmon pebs bts rep_good nopl xtopology nonstop_tsc aperfmperf eagerfpu pni pclmulqdq dtes64 monitor ds_cpl vmx smx est tm2 ssse3 sdbg fma cx16 xtpr pdcm pcid dca sse4_1 sse4_2 x2apic movbe popcnt tsc_deadline_timer aes xsave avx f16c rdrand lahf_lm abm epb invpcid_single intel_ppin ssbd ibrs ibpb stibp tpr_shadow vnmi flexpriority ept vpid fsgsbase tsc_adjust bmi1 avx2 smep bmi2 erms invpcid cqm xsaveopt cqm_llc cqm_occup_llc dtherm ida arat pln pts md_clear spec_ctrl intel_stibp flush_l1d
bogomips	: 4993.65
clflush size	: 64
cache_alignment	: 64
address sizes	: 46 bits physical, 48 bits virtual
power management:

processor	: 1
vendor_id	: GenuineIntel
cpu family	: 6
model		: 63
model name	: Intel(R) Xeon(R) CPU E5-2680 v3 @ 2.50GHz
stepping	: 2
microcode	: 0x49
cpu MHz		: 2500.000
cache size	: 30720 KB
physical id	: 0
siblings	: 12
core id		: 2
cpu cores	: 12
apicid		: 4
initial apicid	: 4
fpu		: yes
fpu_exception	: yes
cpuid level	: 15
wp		: yes
flags		: fpu vme de pse tsc msr pae mce cx8 apic sep mtrr pge mca cmov pat pse36 clflush dts acpi mmx fxsr sse sse2 ss ht tm pbe syscall nx pdpe1gb rdtscp lm constant_tsc arch_perfmon pebs bts rep_good nopl xtopology nonstop_tsc aperfmperf eagerfpu pni pclmulqdq dtes64 monitor ds_cpl vmx smx est tm2 ssse3 sdbg fma cx16 xtpr pdcm pcid dca sse4_1 sse4_2 x2apic movbe popcnt tsc_deadline_timer aes xsave avx f16c rdrand lahf_lm abm epb invpcid_single intel_ppin ssbd ibrs ibpb stibp tpr_shadow vnmi flexpriority ept vpid fsgsbase tsc_adjust bmi1 avx2 smep bmi2 erms invpcid cqm xsaveopt cqm_llc cqm_occup_llc dtherm ida arat pln pts md_clear spec_ctrl intel_stibp flush_l1d
bogomips	: 4993.65
clflush size	: 64
cache_alignment	: 64
address sizes	: 46 bits physical, 48 bits virtual
power management:

processor	: 2
vendor_id	: GenuineIntel
cpu family	: 6
model		: 63
model name	: Intel(R) Xeon(R) CPU E5-2680 v3 @ 2.50GHz
stepping	: 2
microcode	: 0x49
cpu MHz		: 2500.000
cache size	: 30720 KB
physical id	: 0
siblings	: 12
core id		: 4
cpu cores	: 12
apicid		: 8
initial apicid	: 8
fpu		: yes
fpu_exception	: yes
cpuid level	: 15
wp		: yes
flags		: fpu vme de pse tsc msr pae mce cx8 apic sep mtrr pge mca cmov pat pse36 clflush dts acpi mmx fxsr sse sse2 ss ht tm pbe syscall nx pdpe1gb rdtscp lm constant_tsc arch_perfmon pebs bts rep_good nopl xtopology nonstop_tsc aperfmperf eagerfpu pni pclmulqdq dtes64 monitor ds_cpl vmx smx est tm2 ssse3 sdbg fma cx16 xtpr pdcm pcid dca sse4_1 sse4_2 x2apic movbe popcnt tsc_deadline_timer aes xsave avx f16c rdrand lahf_lm abm epb invpcid_single intel_ppin ssbd ibrs ibpb stibp tpr_shadow vnmi flexpriority ept vpid fsgsbase tsc_adjust bmi1 avx2 smep bmi2 erms invpcid cqm xsaveopt cqm_llc cqm_occup_llc dtherm ida arat pln pts md_clear spec_ctrl intel_stibp flush_l1d
bogomips	: 4993.65
clflush size	: 64
cache_alignment	: 64
address sizes	: 46 bits physical, 48 bits virtual
power management:

processor	: 3
vendor_id	: GenuineIntel
cpu family	: 6
model		: 63
model name	: Intel(R) Xeon(R) CPU E5-2680 v3 @ 2.50GHz
stepping	: 2
microcode	: 0x49
cpu MHz		: 2500.000
cache size	: 30720 KB
physical id	: 0
siblings	: 12
core id		: 8
cpu cores	: 12
apicid		: 16
initial apicid	: 16
fpu		: yes
fpu_exception	: yes
cpuid level	: 15
wp		: yes
flags		: fpu vme de pse tsc msr pae mce cx8 apic sep mtrr pge mca cmov pat pse36 clflush dts acpi mmx fxsr sse sse2 ss ht tm pbe syscall nx pdpe1gb rdtscp lm constant_tsc arch_perfmon pebs bts rep_good nopl xtopology nonstop_tsc aperfmperf eagerfpu pni pclmulqdq dtes64 monitor ds_cpl vmx smx est tm2 ssse3 sdbg fma cx16 xtpr pdcm pcid dca sse4_1 sse4_2 x2apic movbe popcnt tsc_deadline_timer aes xsave avx f16c rdrand lahf_lm abm epb invpcid_single intel_ppin ssbd ibrs ibpb stibp tpr_shadow vnmi flexpriority ept vpid fsgsbase tsc_adjust bmi1 avx2 smep bmi2 erms invpcid cqm xsaveopt cqm_llc cqm_occup_llc dtherm ida arat pln pts md_clear spec_ctrl intel_stibp flush_l1d
bogomips	: 4993.65
clflush size	: 64
cache_alignment	: 64
address sizes	: 46 bits physical, 48 bits virtual
power management:

processor	: 4
vendor_id	: GenuineIntel
cpu family	: 6
model		: 63
model name	: Intel(R) Xeon(R) CPU E5-2680 v3 @ 2.50GHz
stepping	: 2
microcode	: 0x49
cpu MHz		: 2500.000
cache size	: 30720 KB
physical id	: 0
siblings	: 12
core id		: 10
cpu cores	: 12
apicid		: 20
initial apicid	: 20
fpu		: yes
fpu_exception	: yes
cpuid level	: 15
wp		: yes
flags		: fpu vme de pse tsc msr pae mce cx8 apic sep mtrr pge mca cmov pat pse36 clflush dts acpi mmx fxsr sse sse2 ss ht tm pbe syscall nx pdpe1gb rdtscp lm constant_tsc arch_perfmon pebs bts rep_good nopl xtopology nonstop_tsc aperfmperf eagerfpu pni pclmulqdq dtes64 monitor ds_cpl vmx smx est tm2 ssse3 sdbg fma cx16 xtpr pdcm pcid dca sse4_1 sse4_2 x2apic movbe popcnt tsc_deadline_timer aes xsave avx f16c rdrand lahf_lm abm epb invpcid_single intel_ppin ssbd ibrs ibpb stibp tpr_shadow vnmi flexpriority ept vpid fsgsbase tsc_adjust bmi1 avx2 smep bmi2 erms invpcid cqm xsaveopt cqm_llc cqm_occup_llc dtherm ida arat pln pts md_clear spec_ctrl intel_stibp flush_l1d
bogomips	: 4993.65
clflush size	: 64
cache_alignment	: 64
address sizes	: 46 bits physical, 48 bits virtual
power management:

processor	: 5
vendor_id	: GenuineIntel
cpu family	: 6
model		: 63
model name	: Intel(R) Xeon(R) CPU E5-2680 v3 @ 2.50GHz
stepping	: 2
microcode	: 0x49
cpu MHz		: 2500.000
cache size	: 30720 KB
physical id	: 0
siblings	: 12
core id		: 12
cpu cores	: 12
apicid		: 24
initial apicid	: 24
fpu		: yes
fpu_exception	: yes
cpuid level	: 15
wp		: yes
flags		: fpu vme de pse tsc msr pae mce cx8 apic sep mtrr pge mca cmov pat pse36 clflush dts acpi mmx fxsr sse sse2 ss ht tm pbe syscall nx pdpe1gb rdtscp lm constant_tsc arch_perfmon pebs bts rep_good nopl xtopology nonstop_tsc aperfmperf eagerfpu pni pclmulqdq dtes64 monitor ds_cpl vmx smx est tm2 ssse3 sdbg fma cx16 xtpr pdcm pcid dca sse4_1 sse4_2 x2apic movbe popcnt tsc_deadline_timer aes xsave avx f16c rdrand lahf_lm abm epb invpcid_single intel_ppin ssbd ibrs ibpb stibp tpr_shadow vnmi flexpriority ept vpid fsgsbase tsc_adjust bmi1 avx2 smep bmi2 erms invpcid cqm xsaveopt cqm_llc cqm_occup_llc dtherm ida arat pln pts md_clear spec_ctrl intel_stibp flush_l1d
bogomips	: 4993.65
clflush size	: 64
cache_alignment	: 64
address sizes	: 46 bits physical, 48 bits virtual
power management:

processor	: 6
vendor_id	: GenuineIntel
cpu family	: 6
model		: 63
model name	: Intel(R) Xeon(R) CPU E5-2680 v3 @ 2.50GHz
stepping	: 2
microcode	: 0x49
cpu MHz		: 2500.000
cache size	: 30720 KB
physical id	: 1
siblings	: 12
core id		: 0
cpu cores	: 12
apicid		: 32
initial apicid	: 32
fpu		: yes
fpu_exception	: yes
cpuid level	: 15
wp		: yes
flags		: fpu vme de pse tsc msr pae mce cx8 apic sep mtrr pge mca cmov pat pse36 clflush dts acpi mmx fxsr sse sse2 ss ht tm pbe syscall nx pdpe1gb rdtscp lm constant_tsc arch_perfmon pebs bts rep_good nopl xtopology nonstop_tsc aperfmperf eagerfpu pni pclmulqdq dtes64 monitor ds_cpl vmx smx est tm2 ssse3 sdbg fma cx16 xtpr pdcm pcid dca sse4_1 sse4_2 x2apic movbe popcnt tsc_deadline_timer aes xsave avx f16c rdrand lahf_lm abm epb invpcid_single intel_ppin ssbd ibrs ibpb stibp tpr_shadow vnmi flexpriority ept vpid fsgsbase tsc_adjust bmi1 avx2 smep bmi2 erms invpcid cqm xsaveopt cqm_llc cqm_occup_llc dtherm ida arat pln pts md_clear spec_ctrl intel_stibp flush_l1d
bogomips	: 4998.87
clflush size	: 64
cache_alignment	: 64
address sizes	: 46 bits physical, 48 bits virtual
power management:

processor	: 7
vendor_id	: GenuineIntel
cpu family	: 6
model		: 63
model name	: Intel(R) Xeon(R) CPU E5-2680 v3 @ 2.50GHz
stepping	: 2
microcode	: 0x49
cpu MHz		: 2500.000
cache size	: 30720 KB
physical id	: 1
siblings	: 12
core id		: 2
cpu cores	: 12
apicid		: 36
initial apicid	: 36
fpu		: yes
fpu_exception	: yes
cpuid level	: 15
wp		: yes
flags		: fpu vme de pse tsc msr pae mce cx8 apic sep mtrr pge mca cmov pat pse36 clflush dts acpi mmx fxsr sse sse2 ss ht tm pbe syscall nx pdpe1gb rdtscp lm constant_tsc arch_perfmon pebs bts rep_good nopl xtopology nonstop_tsc aperfmperf eagerfpu pni pclmulqdq dtes64 monitor ds_cpl vmx smx est tm2 ssse3 sdbg fma cx16 xtpr pdcm pcid dca sse4_1 sse4_2 x2apic movbe popcnt tsc_deadline_timer aes xsave avx f16c rdrand lahf_lm abm epb invpcid_single intel_ppin ssbd ibrs ibpb stibp tpr_shadow vnmi flexpriority ept vpid fsgsbase tsc_adjust bmi1 avx2 smep bmi2 erms invpcid cqm xsaveopt cqm_llc cqm_occup_llc dtherm ida arat pln pts md_clear spec_ctrl intel_stibp flush_l1d
bogomips	: 4998.87
clflush size	: 64
cache_alignment	: 64
address sizes	: 46 bits physical, 48 bits virtual
power management:

processor	: 8
vendor_id	: GenuineIntel
cpu family	: 6
model		: 63
model name	: Intel(R) Xeon(R) CPU E5-2680 v3 @ 2.50GHz
stepping	: 2
microcode	: 0x49
cpu MHz		: 2500.000
cache size	: 30720 KB
physical id	: 1
siblings	: 12
core id		: 4
cpu cores	: 12
apicid		: 40
initial apicid	: 40
fpu		: yes
fpu_exception	: yes
cpuid level	: 15
wp		: yes
flags		: fpu vme de pse tsc msr pae mce cx8 apic sep mtrr pge mca cmov pat pse36 clflush dts acpi mmx fxsr sse sse2 ss ht tm pbe syscall nx pdpe1gb rdtscp lm constant_tsc arch_perfmon pebs bts rep_good nopl xtopology nonstop_tsc aperfmperf eagerfpu pni pclmulqdq dtes64 monitor ds_cpl vmx smx est tm2 ssse3 sdbg fma cx16 xtpr pdcm pcid dca sse4_1 sse4_2 x2apic movbe popcnt tsc_deadline_timer aes xsave avx f16c rdrand lahf_lm abm epb invpcid_single intel_ppin ssbd ibrs ibpb stibp tpr_shadow vnmi flexpriority ept vpid fsgsbase tsc_adjust bmi1 avx2 smep bmi2 erms invpcid cqm xsaveopt cqm_llc cqm_occup_llc dtherm ida arat pln pts md_clear spec_ctrl intel_stibp flush_l1d
bogomips	: 4998.87
clflush size	: 64
cache_alignment	: 64
address sizes	: 46 bits physical, 48 bits virtual
power management:

processor	: 9
vendor_id	: GenuineIntel
cpu family	: 6
model		: 63
model name	: Intel(R) Xeon(R) CPU E5-2680 v3 @ 2.50GHz
stepping	: 2
microcode	: 0x49
cpu MHz		: 2500.000
cache size	: 30720 KB
physical id	: 1
siblings	: 12
core id		: 8
cpu cores	: 12
apicid		: 48
initial apicid	: 48
fpu		: yes
fpu_exception	: yes
cpuid level	: 15
wp		: yes
flags		: fpu vme de pse tsc msr pae mce cx8 apic sep mtrr pge mca cmov pat pse36 clflush dts acpi mmx fxsr sse sse2 ss ht tm pbe syscall nx pdpe1gb rdtscp lm constant_tsc arch_perfmon pebs bts rep_good nopl xtopology nonstop_tsc aperfmperf eagerfpu pni pclmulqdq dtes64 monitor ds_cpl vmx smx est tm2 ssse3 sdbg fma cx16 xtpr pdcm pcid dca sse4_1 sse4_2 x2apic movbe popcnt tsc_deadline_timer aes xsave avx f16c rdrand lahf_lm abm epb invpcid_single intel_ppin ssbd ibrs ibpb stibp tpr_shadow vnmi flexpriority ept vpid fsgsbase tsc_adjust bmi1 avx2 smep bmi2 erms invpcid cqm xsaveopt cqm_llc cqm_occup_llc dtherm ida arat pln pts md_clear spec_ctrl intel_stibp flush_l1d
bogomips	: 4998.87
clflush size	: 64
cache_alignment	: 64
address sizes	: 46 bits physical, 48 bits virtual
power management:

processor	: 10
vendor_id	: GenuineIntel
cpu family	: 6
model		: 63
model name	: Intel(R) Xeon(R) CPU E5-2680 v3 @ 2.50GHz
stepping	: 2
microcode	: 0x49
cpu MHz		: 2500.000
cache size	: 30720 KB
physical id	: 1
siblings	: 12
core id		: 10
cpu cores	: 12
apicid		: 52
initial apicid	: 52
fpu		: yes
fpu_exception	: yes
cpuid level	: 15
wp		: yes
flags		: fpu vme de pse tsc msr pae mce cx8 apic sep mtrr pge mca cmov pat pse36 clflush dts acpi mmx fxsr sse sse2 ss ht tm pbe syscall nx pdpe1gb rdtscp lm constant_tsc arch_perfmon pebs bts rep_good nopl xtopology nonstop_tsc aperfmperf eagerfpu pni pclmulqdq dtes64 monitor ds_cpl vmx smx est tm2 ssse3 sdbg fma cx16 xtpr pdcm pcid dca sse4_1 sse4_2 x2apic movbe popcnt tsc_deadline_timer aes xsave avx f16c rdrand lahf_lm abm epb invpcid_single intel_ppin ssbd ibrs ibpb stibp tpr_shadow vnmi flexpriority ept vpid fsgsbase tsc_adjust bmi1 avx2 smep bmi2 erms invpcid cqm xsaveopt cqm_llc cqm_occup_llc dtherm ida arat pln pts md_clear spec_ctrl intel_stibp flush_l1d
bogomips	: 4998.87
clflush size	: 64
cache_alignment	: 64
address sizes	: 46 bits physical, 48 bits virtual
power management:

processor	: 11
vendor_id	: GenuineIntel
cpu family	: 6
model		: 63
model name	: Intel(R) Xeon(R) CPU E5-2680 v3 @ 2.50GHz
stepping	: 2
microcode	: 0x49
cpu MHz		: 2500.000
cache size	: 30720 KB
physical id	: 1
siblings	: 12
core id		: 12
cpu cores	: 12
apicid		: 56
initial apicid	: 56
fpu		: yes
fpu_exception	: yes
cpuid level	: 15
wp		: yes
flags		: fpu vme de pse tsc msr pae mce cx8 apic sep mtrr pge mca cmov pat pse36 clflush dts acpi mmx fxsr sse sse2 ss ht tm pbe syscall nx pdpe1gb rdtscp lm constant_tsc arch_perfmon pebs bts rep_good nopl xtopology nonstop_tsc aperfmperf eagerfpu pni pclmulqdq dtes64 monitor ds_cpl vmx smx est tm2 ssse3 sdbg fma cx16 xtpr pdcm pcid dca sse4_1 sse4_2 x2apic movbe popcnt tsc_deadline_timer aes xsave avx f16c rdrand lahf_lm abm epb invpcid_single intel_ppin ssbd ibrs ibpb stibp tpr_shadow vnmi flexpriority ept vpid fsgsbase tsc_adjust bmi1 avx2 smep bmi2 erms invpcid cqm xsaveopt cqm_llc cqm_occup_llc dtherm ida arat pln pts md_clear spec_ctrl intel_stibp flush_l1d
bogomips	: 4998.87
clflush size	: 64
cache_alignment	: 64
address sizes	: 46 bits physical, 48 bits virtual
power management:

processor	: 12
vendor_id	: GenuineIntel
cpu family	: 6
model		: 63
model name	: Intel(R) Xeon(R) CPU E5-2680 v3 @ 2.50GHz
stepping	: 2
microcode	: 0x49
cpu MHz		: 2500.000
cache size	: 30720 KB
physical id	: 0
siblings	: 12
core id		: 1
cpu cores	: 12
apicid		: 2
initial apicid	: 2
fpu		: yes
fpu_exception	: yes
cpuid level	: 15
wp		: yes
flags		: fpu vme de pse tsc msr pae mce cx8 apic sep mtrr pge mca cmov pat pse36 clflush dts acpi mmx fxsr sse sse2 ss ht tm pbe syscall nx pdpe1gb rdtscp lm constant_tsc arch_perfmon pebs bts rep_good nopl xtopology nonstop_tsc aperfmperf eagerfpu pni pclmulqdq dtes64 monitor ds_cpl vmx smx est tm2 ssse3 sdbg fma cx16 xtpr pdcm pcid dca sse4_1 sse4_2 x2apic movbe popcnt tsc_deadline_timer aes xsave avx f16c rdrand lahf_lm abm epb invpcid_single intel_ppin ssbd ibrs ibpb stibp tpr_shadow vnmi flexpriority ept vpid fsgsbase tsc_adjust bmi1 avx2 smep bmi2 erms invpcid cqm xsaveopt cqm_llc cqm_occup_llc dtherm ida arat pln pts md_clear spec_ctrl intel_stibp flush_l1d
bogomips	: 4993.65
clflush size	: 64
cache_alignment	: 64
address sizes	: 46 bits physical, 48 bits virtual
power management:

processor	: 13
vendor_id	: GenuineIntel
cpu family	: 6
model		: 63
model name	: Intel(R) Xeon(R) CPU E5-2680 v3 @ 2.50GHz
stepping	: 2
microcode	: 0x49
cpu MHz		: 2500.000
cache size	: 30720 KB
physical id	: 0
siblings	: 12
core id		: 3
cpu cores	: 12
apicid		: 6
initial apicid	: 6
fpu		: yes
fpu_exception	: yes
cpuid level	: 15
wp		: yes
flags		: fpu vme de pse tsc msr pae mce cx8 apic sep mtrr pge mca cmov pat pse36 clflush dts acpi mmx fxsr sse sse2 ss ht tm pbe syscall nx pdpe1gb rdtscp lm constant_tsc arch_perfmon pebs bts rep_good nopl xtopology nonstop_tsc aperfmperf eagerfpu pni pclmulqdq dtes64 monitor ds_cpl vmx smx est tm2 ssse3 sdbg fma cx16 xtpr pdcm pcid dca sse4_1 sse4_2 x2apic movbe popcnt tsc_deadline_timer aes xsave avx f16c rdrand lahf_lm abm epb invpcid_single intel_ppin ssbd ibrs ibpb stibp tpr_shadow vnmi flexpriority ept vpid fsgsbase tsc_adjust bmi1 avx2 smep bmi2 erms invpcid cqm xsaveopt cqm_llc cqm_occup_llc dtherm ida arat pln pts md_clear spec_ctrl intel_stibp flush_l1d
bogomips	: 4993.65
clflush size	: 64
cache_alignment	: 64
address sizes	: 46 bits physical, 48 bits virtual
power management:

processor	: 14
vendor_id	: GenuineIntel
cpu family	: 6
model		: 63
model name	: Intel(R) Xeon(R) CPU E5-2680 v3 @ 2.50GHz
stepping	: 2
microcode	: 0x49
cpu MHz		: 2500.000
cache size	: 30720 KB
physical id	: 0
siblings	: 12
core id		: 5
cpu cores	: 12
apicid		: 10
initial apicid	: 10
fpu		: yes
fpu_exception	: yes
cpuid level	: 15
wp		: yes
flags		: fpu vme de pse tsc msr pae mce cx8 apic sep mtrr pge mca cmov pat pse36 clflush dts acpi mmx fxsr sse sse2 ss ht tm pbe syscall nx pdpe1gb rdtscp lm constant_tsc arch_perfmon pebs bts rep_good nopl xtopology nonstop_tsc aperfmperf eagerfpu pni pclmulqdq dtes64 monitor ds_cpl vmx smx est tm2 ssse3 sdbg fma cx16 xtpr pdcm pcid dca sse4_1 sse4_2 x2apic movbe popcnt tsc_deadline_timer aes xsave avx f16c rdrand lahf_lm abm epb invpcid_single intel_ppin ssbd ibrs ibpb stibp tpr_shadow vnmi flexpriority ept vpid fsgsbase tsc_adjust bmi1 avx2 smep bmi2 erms invpcid cqm xsaveopt cqm_llc cqm_occup_llc dtherm ida arat pln pts md_clear spec_ctrl intel_stibp flush_l1d
bogomips	: 4993.65
clflush size	: 64
cache_alignment	: 64
address sizes	: 46 bits physical, 48 bits virtual
power management:

processor	: 15
vendor_id	: GenuineIntel
cpu family	: 6
model		: 63
model name	: Intel(R) Xeon(R) CPU E5-2680 v3 @ 2.50GHz
stepping	: 2
microcode	: 0x49
cpu MHz		: 2500.000
cache size	: 30720 KB
physical id	: 0
siblings	: 12
core id		: 9
cpu cores	: 12
apicid		: 18
initial apicid	: 18
fpu		: yes
fpu_exception	: yes
cpuid level	: 15
wp		: yes
flags		: fpu vme de pse tsc msr pae mce cx8 apic sep mtrr pge mca cmov pat pse36 clflush dts acpi mmx fxsr sse sse2 ss ht tm pbe syscall nx pdpe1gb rdtscp lm constant_tsc arch_perfmon pebs bts rep_good nopl xtopology nonstop_tsc aperfmperf eagerfpu pni pclmulqdq dtes64 monitor ds_cpl vmx smx est tm2 ssse3 sdbg fma cx16 xtpr pdcm pcid dca sse4_1 sse4_2 x2apic movbe popcnt tsc_deadline_timer aes xsave avx f16c rdrand lahf_lm abm epb invpcid_single intel_ppin ssbd ibrs ibpb stibp tpr_shadow vnmi flexpriority ept vpid fsgsbase tsc_adjust bmi1 avx2 smep bmi2 erms invpcid cqm xsaveopt cqm_llc cqm_occup_llc dtherm ida arat pln pts md_clear spec_ctrl intel_stibp flush_l1d
bogomips	: 4993.65
clflush size	: 64
cache_alignment	: 64
address sizes	: 46 bits physical, 48 bits virtual
power management:

processor	: 16
vendor_id	: GenuineIntel
cpu family	: 6
model		: 63
model name	: Intel(R) Xeon(R) CPU E5-2680 v3 @ 2.50GHz
stepping	: 2
microcode	: 0x49
cpu MHz		: 2500.000
cache size	: 30720 KB
physical id	: 0
siblings	: 12
core id		: 11
cpu cores	: 12
apicid		: 22
initial apicid	: 22
fpu		: yes
fpu_exception	: yes
cpuid level	: 15
wp		: yes
flags		: fpu vme de pse tsc msr pae mce cx8 apic sep mtrr pge mca cmov pat pse36 clflush dts acpi mmx fxsr sse sse2 ss ht tm pbe syscall nx pdpe1gb rdtscp lm constant_tsc arch_perfmon pebs bts rep_good nopl xtopology nonstop_tsc aperfmperf eagerfpu pni pclmulqdq dtes64 monitor ds_cpl vmx smx est tm2 ssse3 sdbg fma cx16 xtpr pdcm pcid dca sse4_1 sse4_2 x2apic movbe popcnt tsc_deadline_timer aes xsave avx f16c rdrand lahf_lm abm epb invpcid_single intel_ppin ssbd ibrs ibpb stibp tpr_shadow vnmi flexpriority ept vpid fsgsbase tsc_adjust bmi1 avx2 smep bmi2 erms invpcid cqm xsaveopt cqm_llc cqm_occup_llc dtherm ida arat pln pts md_clear spec_ctrl intel_stibp flush_l1d
bogomips	: 4993.65
clflush size	: 64
cache_alignment	: 64
address sizes	: 46 bits physical, 48 bits virtual
power management:

processor	: 17
vendor_id	: GenuineIntel
cpu family	: 6
model		: 63
model name	: Intel(R) Xeon(R) CPU E5-2680 v3 @ 2.50GHz
stepping	: 2
microcode	: 0x49
cpu MHz		: 2500.000
cache size	: 30720 KB
physical id	: 0
siblings	: 12
core id		: 13
cpu cores	: 12
apicid		: 26
initial apicid	: 26
fpu		: yes
fpu_exception	: yes
cpuid level	: 15
wp		: yes
flags		: fpu vme de pse tsc msr pae mce cx8 apic sep mtrr pge mca cmov pat pse36 clflush dts acpi mmx fxsr sse sse2 ss ht tm pbe syscall nx pdpe1gb rdtscp lm constant_tsc arch_perfmon pebs bts rep_good nopl xtopology nonstop_tsc aperfmperf eagerfpu pni pclmulqdq dtes64 monitor ds_cpl vmx smx est tm2 ssse3 sdbg fma cx16 xtpr pdcm pcid dca sse4_1 sse4_2 x2apic movbe popcnt tsc_deadline_timer aes xsave avx f16c rdrand lahf_lm abm epb invpcid_single intel_ppin ssbd ibrs ibpb stibp tpr_shadow vnmi flexpriority ept vpid fsgsbase tsc_adjust bmi1 avx2 smep bmi2 erms invpcid cqm xsaveopt cqm_llc cqm_occup_llc dtherm ida arat pln pts md_clear spec_ctrl intel_stibp flush_l1d
bogomips	: 4993.65
clflush size	: 64
cache_alignment	: 64
address sizes	: 46 bits physical, 48 bits virtual
power management:

processor	: 18
vendor_id	: GenuineIntel
cpu family	: 6
model		: 63
model name	: Intel(R) Xeon(R) CPU E5-2680 v3 @ 2.50GHz
stepping	: 2
microcode	: 0x49
cpu MHz		: 2500.000
cache size	: 30720 KB
physical id	: 1
siblings	: 12
core id		: 1
cpu cores	: 12
apicid		: 34
initial apicid	: 34
fpu		: yes
fpu_exception	: yes
cpuid level	: 15
wp		: yes
flags		: fpu vme de pse tsc msr pae mce cx8 apic sep mtrr pge mca cmov pat pse36 clflush dts acpi mmx fxsr sse sse2 ss ht tm pbe syscall nx pdpe1gb rdtscp lm constant_tsc arch_perfmon pebs bts rep_good nopl xtopology nonstop_tsc aperfmperf eagerfpu pni pclmulqdq dtes64 monitor ds_cpl vmx smx est tm2 ssse3 sdbg fma cx16 xtpr pdcm pcid dca sse4_1 sse4_2 x2apic movbe popcnt tsc_deadline_timer aes xsave avx f16c rdrand lahf_lm abm epb invpcid_single intel_ppin ssbd ibrs ibpb stibp tpr_shadow vnmi flexpriority ept vpid fsgsbase tsc_adjust bmi1 avx2 smep bmi2 erms invpcid cqm xsaveopt cqm_llc cqm_occup_llc dtherm ida arat pln pts md_clear spec_ctrl intel_stibp flush_l1d
bogomips	: 4998.87
clflush size	: 64
cache_alignment	: 64
address sizes	: 46 bits physical, 48 bits virtual
power management:

processor	: 19
vendor_id	: GenuineIntel
cpu family	: 6
model		: 63
model name	: Intel(R) Xeon(R) CPU E5-2680 v3 @ 2.50GHz
stepping	: 2
microcode	: 0x49
cpu MHz		: 2500.000
cache size	: 30720 KB
physical id	: 1
siblings	: 12
core id		: 3
cpu cores	: 12
apicid		: 38
initial apicid	: 38
fpu		: yes
fpu_exception	: yes
cpuid level	: 15
wp		: yes
flags		: fpu vme de pse tsc msr pae mce cx8 apic sep mtrr pge mca cmov pat pse36 clflush dts acpi mmx fxsr sse sse2 ss ht tm pbe syscall nx pdpe1gb rdtscp lm constant_tsc arch_perfmon pebs bts rep_good nopl xtopology nonstop_tsc aperfmperf eagerfpu pni pclmulqdq dtes64 monitor ds_cpl vmx smx est tm2 ssse3 sdbg fma cx16 xtpr pdcm pcid dca sse4_1 sse4_2 x2apic movbe popcnt tsc_deadline_timer aes xsave avx f16c rdrand lahf_lm abm epb invpcid_single intel_ppin ssbd ibrs ibpb stibp tpr_shadow vnmi flexpriority ept vpid fsgsbase tsc_adjust bmi1 avx2 smep bmi2 erms invpcid cqm xsaveopt cqm_llc cqm_occup_llc dtherm ida arat pln pts md_clear spec_ctrl intel_stibp flush_l1d
bogomips	: 4998.87
clflush size	: 64
cache_alignment	: 64
address sizes	: 46 bits physical, 48 bits virtual
power management:

processor	: 20
vendor_id	: GenuineIntel
cpu family	: 6
model		: 63
model name	: Intel(R) Xeon(R) CPU E5-2680 v3 @ 2.50GHz
stepping	: 2
microcode	: 0x49
cpu MHz		: 2500.000
cache size	: 30720 KB
physical id	: 1
siblings	: 12
core id		: 5
cpu cores	: 12
apicid		: 42
initial apicid	: 42
fpu		: yes
fpu_exception	: yes
cpuid level	: 15
wp		: yes
flags		: fpu vme de pse tsc msr pae mce cx8 apic sep mtrr pge mca cmov pat pse36 clflush dts acpi mmx fxsr sse sse2 ss ht tm pbe syscall nx pdpe1gb rdtscp lm constant_tsc arch_perfmon pebs bts rep_good nopl xtopology nonstop_tsc aperfmperf eagerfpu pni pclmulqdq dtes64 monitor ds_cpl vmx smx est tm2 ssse3 sdbg fma cx16 xtpr pdcm pcid dca sse4_1 sse4_2 x2apic movbe popcnt tsc_deadline_timer aes xsave avx f16c rdrand lahf_lm abm epb invpcid_single intel_ppin ssbd ibrs ibpb stibp tpr_shadow vnmi flexpriority ept vpid fsgsbase tsc_adjust bmi1 avx2 smep bmi2 erms invpcid cqm xsaveopt cqm_llc cqm_occup_llc dtherm ida arat pln pts md_clear spec_ctrl intel_stibp flush_l1d
bogomips	: 4998.87
clflush size	: 64
cache_alignment	: 64
address sizes	: 46 bits physical, 48 bits virtual
power management:

processor	: 21
vendor_id	: GenuineIntel
cpu family	: 6
model		: 63
model name	: Intel(R) Xeon(R) CPU E5-2680 v3 @ 2.50GHz
stepping	: 2
microcode	: 0x49
cpu MHz		: 2500.000
cache size	: 30720 KB
physical id	: 1
siblings	: 12
core id		: 9
cpu cores	: 12
apicid		: 50
initial apicid	: 50
fpu		: yes
fpu_exception	: yes
cpuid level	: 15
wp		: yes
flags		: fpu vme de pse tsc msr pae mce cx8 apic sep mtrr pge mca cmov pat pse36 clflush dts acpi mmx fxsr sse sse2 ss ht tm pbe syscall nx pdpe1gb rdtscp lm constant_tsc arch_perfmon pebs bts rep_good nopl xtopology nonstop_tsc aperfmperf eagerfpu pni pclmulqdq dtes64 monitor ds_cpl vmx smx est tm2 ssse3 sdbg fma cx16 xtpr pdcm pcid dca sse4_1 sse4_2 x2apic movbe popcnt tsc_deadline_timer aes xsave avx f16c rdrand lahf_lm abm epb invpcid_single intel_ppin ssbd ibrs ibpb stibp tpr_shadow vnmi flexpriority ept vpid fsgsbase tsc_adjust bmi1 avx2 smep bmi2 erms invpcid cqm xsaveopt cqm_llc cqm_occup_llc dtherm ida arat pln pts md_clear spec_ctrl intel_stibp flush_l1d
bogomips	: 4998.87
clflush size	: 64
cache_alignment	: 64
address sizes	: 46 bits physical, 48 bits virtual
power management:

processor	: 22
vendor_id	: GenuineIntel
cpu family	: 6
model		: 63
model name	: Intel(R) Xeon(R) CPU E5-2680 v3 @ 2.50GHz
stepping	: 2
microcode	: 0x49
cpu MHz		: 2500.000
cache size	: 30720 KB
physical id	: 1
siblings	: 12
core id		: 11
cpu cores	: 12
apicid		: 54
initial apicid	: 54
fpu		: yes
fpu_exception	: yes
cpuid level	: 15
wp		: yes
flags		: fpu vme de pse tsc msr pae mce cx8 apic sep mtrr pge mca cmov pat pse36 clflush dts acpi mmx fxsr sse sse2 ss ht tm pbe syscall nx pdpe1gb rdtscp lm constant_tsc arch_perfmon pebs bts rep_good nopl xtopology nonstop_tsc aperfmperf eagerfpu pni pclmulqdq dtes64 monitor ds_cpl vmx smx est tm2 ssse3 sdbg fma cx16 xtpr pdcm pcid dca sse4_1 sse4_2 x2apic movbe popcnt tsc_deadline_timer aes xsave avx f16c rdrand lahf_lm abm epb invpcid_single intel_ppin ssbd ibrs ibpb stibp tpr_shadow vnmi flexpriority ept vpid fsgsbase tsc_adjust bmi1 avx2 smep bmi2 erms invpcid cqm xsaveopt cqm_llc cqm_occup_llc dtherm ida arat pln pts md_clear spec_ctrl intel_stibp flush_l1d
bogomips	: 4998.87
clflush size	: 64
cache_alignment	: 64
address sizes	: 46 bits physical, 48 bits virtual
power management:

processor	: 23
vendor_id	: GenuineIntel
cpu family	: 6
model		: 63
model name	: Intel(R) Xeon(R) CPU E5-2680 v3 @ 2.50GHz
stepping	: 2
microcode	: 0x49
cpu MHz		: 2500.000
cache size	: 30720 KB
physical id	: 1
siblings	: 12
core id		: 13
cpu cores	: 12
apicid		: 58
initial apicid	: 58
fpu		: yes
fpu_exception	: yes
cpuid level	: 15
wp		: yes
flags		: fpu vme de pse tsc msr pae mce cx8 apic sep mtrr pge mca cmov pat pse36 clflush dts acpi mmx fxsr sse sse2 ss ht tm pbe syscall nx pdpe1gb rdtscp lm constant_tsc arch_perfmon pebs bts rep_good nopl xtopology nonstop_tsc aperfmperf eagerfpu pni pclmulqdq dtes64 monitor ds_cpl vmx smx est tm2 ssse3 sdbg fma cx16 xtpr pdcm pcid dca sse4_1 sse4_2 x2apic movbe popcnt tsc_deadline_timer aes xsave avx f16c rdrand lahf_lm abm epb invpcid_single intel_ppin ssbd ibrs ibpb stibp tpr_shadow vnmi flexpriority ept vpid fsgsbase tsc_adjust bmi1 avx2 smep bmi2 erms invpcid cqm xsaveopt cqm_llc cqm_occup_llc dtherm ida arat pln pts md_clear spec_ctrl intel_stibp flush_l1d
bogomips	: 4998.87
clflush size	: 64
cache_alignment	: 64
address sizes	: 46 bits physical, 48 bits virtual
power management:



Memory: 4k page, physical 263845408k(11677728k free), swap 8388604k(0k free)

vm_info: OpenJDK 64-Bit Server VM (25.322-b06) for linux-amd64 JRE (1.8.0_322-b06), built on Jan 21 2022 06:01:57 by "mockbuild" with gcc 4.8.5 20150623 (Red Hat 4.8.5-44)

time: Thu Jun  9 15:56:23 2022
timezone: EDT
elapsed time: 71.474584 seconds (0d 0h 1m 11s)

