#
# A fatal error has been detected by the Java Runtime Environment:
#
#  SIGSEGV (0xb) at pc=0x00007f8e0b4faa00, pid=31797, tid=0x00007f8e0e916980
#
# JRE version: OpenJDK Runtime Environment (8.0_322-b06) (build 1.8.0_322-b06)
# Java VM: OpenJDK 64-Bit Server VM (25.322-b06 mixed mode linux-amd64 compressed oops)
# Problematic frame:
# C  [libc.so.6+0x4aa00]  _IO_vfprintf+0x2400
#
# Failed to write core dump. Core dumps have been disabled. To enable core dumping, try "ulimit -c unlimited" before starting Java again
#
# If you would like to submit a bug report, please visit:
#   https://bugzilla.redhat.com/enter_bug.cgi?product=Red%20Hat%20Enterprise%20Linux%207&component=java-1.8.0-openjdk
# The crash happened outside the Java Virtual Machine in native code.
# See problematic frame for where to report the bug.
#

---------------  T H R E A D  ---------------

Current thread (0x0000562f63d96800):  JavaThread "main" [_thread_in_native, id=31797, stack(0x00007fff2f8bd000,0x00007fff300bb000)]

siginfo: si_signo: 11 (SIGSEGV), si_code: 1 (SEGV_MAPERR), si_addr: 0x00000000ffffffff

Registers:
RAX=0x0000000000000000, RBX=0x0000000000000000, RCX=0xffffffffffffffff, RDX=0x0000000000000015
RSP=0x00007fff300b0180, RBP=0x00007fff300b10c0, RSI=0x00007fff300b0208, RDI=0x00000000ffffffff
R8 =0x0000000000000073, R9 =0x00007f8e0b4fd2cd, R10=0x00007f8a9bf5a6af, R11=0x00000000ffffffff
R12=0x00007fff300b1088, R13=0x00007fff300b1258, R14=0x00007f8a9bf5a6a2, R15=0x00007fff300b10d0
RIP=0x00007f8e0b4faa00, EFLAGS=0x0000000000010286, CSGSFS=0x65d3000000000033, ERR=0x0000000000000004
  TRAPNO=0x000000000000000e

Top of Stack: (sp=0x00007fff300b0180)
0x00007fff300b0180:   00007f8a9bf5a66b 00007f8e0b51cf2b
0x00007fff300b0190:   00000000ffffffff 00007f8a9bf5a6b0
0x00007fff300b01a0:   ffffffffffffffff 0000000300000003
0x00007fff300b01b0:   0000000000000002 00007f8e0b4f9e7a
0x00007fff300b01c0:   00000000ffffffff 0000a00000000073
0x00007fff300b01d0:   30e15d9b00000020 00007f8a9bf5a6a4
0x00007fff300b01e0:   00007f8a9bf5a6ae ffffffffffffffff
0x00007fff300b01f0:   0000000300000000 0000000000000001
0x00007fff300b0200:   af23f6ddffffffff 00000000ffffffff
0x00007fff300b0210:   0000400000000073 261be5bd00000020
0x00007fff300b0220:   00007f8a9bf5a6b0 00007f8a9bf5a6b1
0x00007fff300b0230:   ffffffffffffffff 0000000300000001
0x00007fff300b0240:   0000000000000001 8d4f6ddbffffffff
0x00007fff300b0250:   449e1537f1c2acbe 919cc042a7e0accf
0x00007fff300b0260:   63fd4151a7f2661e dbad9fa38edf8f6d
0x00007fff300b0270:   2150e94b8283333a 5f3ee5db535427c9
0x00007fff300b0280:   e94f51098e6daa7e 4bfe7eb6dcf02ed9
0x00007fff300b0290:   17eb2188051bc0e5 07d6cb7278e0cf03
0x00007fff300b02a0:   92d6dc2cae6975a3 579c5bd861a3c91d
0x00007fff300b02b0:   2d934ac847af4b39 5b2a0a00126a7f2f
0x00007fff300b02c0:   75c4a46b1b0ab980 172281935e227de9
0x00007fff300b02d0:   327fd70ce8fcee16 9fc8f6432b2766c1
0x00007fff300b02e0:   3e8b555525cad7d5 0b1f17e46d33760e
0x00007fff300b02f0:   190eb84b4dd03644 e2e2291bdc461cd5
0x00007fff300b0300:   f4f6a4f0376fde82 5bc403fa0662bf18
0x00007fff300b0310:   bbf2a0957a36dde5 32b668b8ce1133bd
0x00007fff300b0320:   e1a9ec357aefe8e7 5546aaeaad2f1c62
0x00007fff300b0330:   f706fe9fad8b18f6 5fad3cec829511a4
0x00007fff300b0340:   98f41897e0e0b660 392003ab1b2426ff
0x00007fff300b0350:   262ef2b99be5a235 2617a7e28f90dc0e
0x00007fff300b0360:   fd37b33a9587301c 6fe97be0f43f700c
0x00007fff300b0370:   a6816fb58cfa25ad 483591a257b5f9c0 

Instructions: (pc=0x00007f8e0b4faa00)
0x00007f8e0b4fa9e0:   30 fb ff ff 48 63 85 f8 fa ff ff 48 89 85 68 fa
0x00007f8e0b4fa9f0:   ff ff e9 c2 e4 ff ff 31 c0 48 83 c9 ff 4c 89 df
0x00007f8e0b4faa00:   f2 ae c7 85 70 fa ff ff 00 00 00 00 48 89 ce 48
0x00007f8e0b4faa10:   f7 d6 4c 8d 66 ff e9 b7 fd ff ff 48 8d 85 80 fb 

Register to memory mapping:

RAX=0x0000000000000000 is an unknown value
RBX=0x0000000000000000 is an unknown value
RCX=0xffffffffffffffff is an unknown value
RDX=0x0000000000000015 is an unknown value
RSP=0x00007fff300b0180 is pointing into the stack for thread: 0x0000562f63d96800
RBP=0x00007fff300b10c0 is pointing into the stack for thread: 0x0000562f63d96800
RSI=0x00007fff300b0208 is pointing into the stack for thread: 0x0000562f63d96800
RDI=0x00000000ffffffff is an unknown value
R8 =0x0000000000000073 is an unknown value
R9 =0x00007f8e0b4fd2cd: _IO_vfprintf+0x4ccd in /lib64/libc.so.6 at 0x00007f8e0b4b0000
R10=0x00007f8a9bf5a6af: <offset 0xa6af> in /home/c242664/R/x86_64-pc-linux-gnu-library/4.0/RPostgreSQL/libs/RPostgreSQL.so at 0x00007f8a9bf50000
R11=0x00000000ffffffff is an unknown value
R12=0x00007fff300b1088 is pointing into the stack for thread: 0x0000562f63d96800
R13=0x00007fff300b1258 is pointing into the stack for thread: 0x0000562f63d96800
R14=0x00007f8a9bf5a6a2: <offset 0xa6a2> in /home/c242664/R/x86_64-pc-linux-gnu-library/4.0/RPostgreSQL/libs/RPostgreSQL.so at 0x00007f8a9bf50000
R15=0x00007fff300b10d0 is pointing into the stack for thread: 0x0000562f63d96800


Stack: [0x00007fff2f8bd000,0x00007fff300bb000],  sp=0x00007fff300b0180,  free space=8140k
Native frames: (J=compiled Java code, j=interpreted, Vv=VM code, C=native code)
C  [libc.so.6+0x4aa00]  _IO_vfprintf+0x2400
C  [libc.so.6+0x78179]  vsnprintf+0x79
C  0x28203a7265766972


---------------  P R O C E S S  ---------------

Java Threads: ( => current thread )
  0x0000562f67b8b800 JavaThread "Service Thread" daemon [_thread_blocked, id=728, stack(0x00007f8b40d61000,0x00007f8b40f62000)]
  0x0000562f67b80000 JavaThread "C1 CompilerThread11" daemon [_thread_blocked, id=727, stack(0x00007f8b40f63000,0x00007f8b41063000)]
  0x0000562f67b7e000 JavaThread "C1 CompilerThread10" daemon [_thread_blocked, id=726, stack(0x00007f8b41064000,0x00007f8b41164000)]
  0x0000562f67b7b800 JavaThread "C1 CompilerThread9" daemon [_thread_blocked, id=725, stack(0x00007f8b41165000,0x00007f8b41265000)]
  0x0000562f67b79000 JavaThread "C1 CompilerThread8" daemon [_thread_blocked, id=722, stack(0x00007f8b41266000,0x00007f8b41366000)]
  0x0000562f67b77000 JavaThread "C2 CompilerThread7" daemon [_thread_blocked, id=721, stack(0x00007f8b41367000,0x00007f8b41467000)]
  0x0000562f67b74800 JavaThread "C2 CompilerThread6" daemon [_thread_blocked, id=720, stack(0x00007f8b41468000,0x00007f8b41568000)]
  0x0000562f67b72800 JavaThread "C2 CompilerThread5" daemon [_thread_blocked, id=719, stack(0x00007f8b41569000,0x00007f8b41669000)]
  0x0000562f67b68000 JavaThread "C2 CompilerThread4" daemon [_thread_blocked, id=718, stack(0x00007f8b4166a000,0x00007f8b4176a000)]
  0x0000562f67b65800 JavaThread "C2 CompilerThread3" daemon [_thread_blocked, id=717, stack(0x00007f8b4176b000,0x00007f8b4186b000)]
  0x0000562f67b63800 JavaThread "C2 CompilerThread2" daemon [_thread_blocked, id=716, stack(0x00007f8b4186c000,0x00007f8b4196c000)]
  0x0000562f67b61800 JavaThread "C2 CompilerThread1" daemon [_thread_blocked, id=715, stack(0x00007f8b4196d000,0x00007f8b41a6d000)]
  0x0000562f67b5f000 JavaThread "C2 CompilerThread0" daemon [_thread_blocked, id=714, stack(0x00007f8b41a6e000,0x00007f8b41b6e000)]
  0x0000562f67b50800 JavaThread "Attach Listener" daemon [_thread_blocked, id=713, stack(0x00007f8b41b6e000,0x00007f8b41d6f000)]
  0x0000562f67b25800 JavaThread "Finalizer" daemon [_thread_blocked, id=712, stack(0x00007f8b41d6f000,0x00007f8b41f70000)]
  0x0000562f67b21000 JavaThread "Reference Handler" daemon [_thread_blocked, id=711, stack(0x00007f8b41f70000,0x00007f8b42171000)]
=>0x0000562f63d96800 JavaThread "main" [_thread_in_native, id=31797, stack(0x00007fff2f8bd000,0x00007fff300bb000)]

Other Threads:
  0x0000562f67b17000 VMThread [stack: 0x00007f8b42172000,0x00007f8b42272000] [id=710]
  0x0000562f67b98000 WatcherThread [stack: 0x00007f8b40c61000,0x00007f8b40d61000] [id=729]

VM state:not at safepoint (normal execution)

VM Mutex/Monitor currently owned by a thread: None

heap address: 0x00000005c0000000, size: 8192 MB, Compressed Oops mode: Zero based, Oop shift amount: 3
Narrow klass base: 0x0000000000000000, Narrow klass shift: 3
Compressed class space size: 1073741824 Address: 0x00000007c0000000

Heap:
 PSYoungGen      total 611840K, used 62978K [0x0000000715580000, 0x0000000740000000, 0x00000007c0000000)
  eden space 524800K, 12% used [0x0000000715580000,0x00000007193008e8,0x0000000735600000)
  from space 87040K, 0% used [0x000000073ab00000,0x000000073ab00000,0x0000000740000000)
  to   space 87040K, 0% used [0x0000000735600000,0x0000000735600000,0x000000073ab00000)
 ParOldGen       total 1398272K, used 0K [0x00000005c0000000, 0x0000000615580000, 0x0000000715580000)
  object space 1398272K, 0% used [0x00000005c0000000,0x00000005c0000000,0x0000000615580000)
 Metaspace       used 7643K, capacity 7944K, committed 8192K, reserved 1056768K
  class space    used 918K, capacity 948K, committed 1024K, reserved 1048576K

Card table byte_map: [0x00007f8b454fd000,0x00007f8b464fe000] byte_map_base: 0x00007f8b426fd000

Marking Bits: (ParMarkBitMap*) 0x00007f8c77345680
 Begin Bits: [0x00007f8ae8000000, 0x00007f8af0000000)
 End Bits:   [0x00007f8af0000000, 0x00007f8af8000000)

Polling page: 0x00007f8e0e950000

CodeCache: size=245760Kb used=4391Kb max_used=4402Kb free=241368Kb
 bounds [0x00007f8b464fe000, 0x00007f8b4694e000, 0x00007f8b554fe000]
 total_blobs=873 nmethods=591 adapters=192
 compilation: enabled

Compilation events (250 events):
Event: 0.918 Thread 0x0000562f67b7e000  466       3       java.util.HashMap$KeyIterator::next (8 bytes)
Event: 0.918 Thread 0x0000562f67b7b800  465       1       java.util.Collections$EmptySet::contains (2 bytes)
Event: 0.918 Thread 0x0000562f67b80000  467       1       java.util.HashMap::size (5 bytes)
Event: 0.918 Thread 0x0000562f67b7e000 nmethod 466 0x00007f8b468fea90 code [0x00007f8b468fec00, 0x00007f8b468fee10]
Event: 0.918 Thread 0x0000562f67b79000  468       3       org.apache.xmlbeans.QNameSetBuilder::nsFromName (16 bytes)
Event: 0.918 Thread 0x0000562f67b7b800 nmethod 465 0x00007f8b468fe7d0 code [0x00007f8b468fe920, 0x00007f8b468fea38]
Event: 0.918 Thread 0x0000562f67b79000 nmethod 468 0x00007f8b468fe3d0 code [0x00007f8b468fe540, 0x00007f8b468fe718]
Event: 0.918 Thread 0x0000562f67b79000  469       3       java.util.Collections$UnmodifiableCollection$1::hasNext (10 bytes)
Event: 0.918 Thread 0x0000562f67b7e000  471       3       java.util.HashSet::add (20 bytes)
Event: 0.918 Thread 0x0000562f67b7b800  470       1       java.util.Collections$EmptyIterator::hasNext (2 bytes)
Event: 0.918 Thread 0x0000562f67b80000 nmethod 467 0x00007f8b468fe110 code [0x00007f8b468fe260, 0x00007f8b468fe378]
Event: 0.918 Thread 0x0000562f67b80000  472       3       java.util.Collections$UnmodifiableCollection$1::next (10 bytes)
Event: 0.918 Thread 0x0000562f67b7b800 nmethod 470 0x00007f8b468fde50 code [0x00007f8b468fdfa0, 0x00007f8b468fe0b8]
Event: 0.918 Thread 0x0000562f67b79000 nmethod 469 0x00007f8b468fda10 code [0x00007f8b468fdb80, 0x00007f8b468fddb0]
Event: 0.918 Thread 0x0000562f67b80000 nmethod 472 0x00007f8b468fd5d0 code [0x00007f8b468fd740, 0x00007f8b468fd970]
Event: 0.919 Thread 0x0000562f67b79000  473       3       java.util.AbstractSet::<init> (5 bytes)
Event: 0.919 Thread 0x0000562f67b7e000 nmethod 471 0x00007f8b46904710 code [0x00007f8b469048a0, 0x00007f8b46904dc0]
Event: 0.919 Thread 0x0000562f67b7e000  474       3       java.util.HashMap::containsKey (18 bytes)
Event: 0.919 Thread 0x0000562f67b79000 nmethod 473 0x00007f8b468fd150 code [0x00007f8b468fd2c0, 0x00007f8b468fd4d8]
Event: 0.919 Thread 0x0000562f67b7e000 nmethod 474 0x00007f8b46904f90 code [0x00007f8b46905120, 0x00007f8b46905520]
Event: 0.919 Thread 0x0000562f67b7e000  476       1       java.util.Collections$1::hasNext (5 bytes)
Event: 0.919 Thread 0x0000562f67b79000  475       3       java.util.HashSet::iterator (13 bytes)
Event: 0.919 Thread 0x0000562f67b7e000 nmethod 476 0x00007f8b46905650 code [0x00007f8b469057a0, 0x00007f8b469058b8]
Event: 0.919 Thread 0x0000562f67b7e000  478       3       java.util.HashMap$HashIterator::<init> (79 bytes)
Event: 0.919 Thread 0x0000562f67b7b800  477       3       java.util.HashSet::contains (9 bytes)
Event: 0.919 Thread 0x0000562f67b79000 nmethod 475 0x00007f8b46905910 code [0x00007f8b46905aa0, 0x00007f8b46905d80]
Event: 0.919 Thread 0x0000562f67b79000  479       3       java.util.HashMap::keySet (25 bytes)
Event: 0.919 Thread 0x0000562f67b80000  480       3       java.util.HashMap$KeySet::iterator (12 bytes)
Event: 0.919 Thread 0x0000562f67b7e000 nmethod 478 0x00007f8b46905e90 code [0x00007f8b46906020, 0x00007f8b469063d8]
Event: 0.919 Thread 0x0000562f67b79000 nmethod 479 0x00007f8b46906550 code [0x00007f8b469066e0, 0x00007f8b46906a78]
Event: 0.919 Thread 0x0000562f67b7b800 nmethod 477 0x00007f8b46906c10 code [0x00007f8b46906da0, 0x00007f8b469072a0]
Event: 0.919 Thread 0x0000562f67b7b800  481       3       java.util.HashMap$KeyIterator::<init> (11 bytes)
Event: 0.919 Thread 0x0000562f67b7e000  482       3       java.util.Collections$UnmodifiableCollection::<init> (22 bytes)
Event: 0.919 Thread 0x0000562f67b80000 nmethod 480 0x00007f8b46907450 code [0x00007f8b469075c0, 0x00007f8b46907850]
Event: 0.919 Thread 0x0000562f67b80000  483       3       java.util.Collections::unmodifiableSet (9 bytes)
Event: 0.919 Thread 0x0000562f67b79000  484       3       java.util.Collections$UnmodifiableSet::<init> (6 bytes)
Event: 0.919 Thread 0x0000562f67b7b800 nmethod 481 0x00007f8b46907950 code [0x00007f8b46907ac0, 0x00007f8b46907c70]
Event: 0.919 Thread 0x0000562f67b7b800  485       3       java.util.Collections$UnmodifiableCollection::iterator (9 bytes)
Event: 0.920 Thread 0x0000562f67b7e000 nmethod 482 0x00007f8b46907d10 code [0x00007f8b46907ea0, 0x00007f8b46908170]
Event: 0.920 Thread 0x0000562f67b7e000  490       3       org.apache.xmlbeans.impl.schema.SchemaTypeImpl::computeAllContainedElements (137 bytes)
Event: 0.920 Thread 0x0000562f67b7b800 nmethod 485 0x00007f8b46908290 code [0x00007f8b46908420, 0x00007f8b469087b0]
Event: 0.920 Thread 0x0000562f67b80000 nmethod 483 0x00007f8b46908910 code [0x00007f8b46908aa0, 0x00007f8b46908e70]
Event: 0.920 Thread 0x0000562f67b79000 nmethod 484 0x00007f8b46909050 code [0x00007f8b469091e0, 0x00007f8b46909510]
Event: 0.920 Thread 0x0000562f67b79000  488       3       java.util.Collections$EmptySet::iterator (4 bytes)
Event: 0.920 Thread 0x0000562f67b80000  486       3       java.util.Collections$UnmodifiableCollection$1::<init> (26 bytes)
Event: 0.920 Thread 0x0000562f67b7b800  489       3       java.util.Collections::emptyIterator (4 bytes)
Event: 0.920 Thread 0x0000562f67b7b800 nmethod 489 0x00007f8b46909690 code [0x00007f8b46909800, 0x00007f8b46909958]
Event: 0.920 Thread 0x0000562f67b79000 nmethod 488 0x00007f8b469099d0 code [0x00007f8b46909b40, 0x00007f8b46909cf8]
Event: 0.920 Thread 0x0000562f67b7b800  487       3       org.apache.xmlbeans.impl.schema.SchemaParticleImpl::getParticleChild (7 bytes)
Event: 0.920 Thread 0x0000562f67b80000 nmethod 486 0x00007f8b46909d90 code [0x00007f8b46909f00, 0x00007f8b4690a1d0]
Event: 0.920 Thread 0x0000562f67b80000  491       3       java.util.Collections$UnmodifiableCollection::contains (11 bytes)
Event: 0.920 Thread 0x0000562f67b7b800 nmethod 487 0x00007f8b4690a2d0 code [0x00007f8b4690a440, 0x00007f8b4690a5d8]
Event: 0.920 Thread 0x0000562f67b80000 nmethod 491 0x00007f8b4690a6d0 code [0x00007f8b4690a840, 0x00007f8b4690aa70]
Event: 0.920 Thread 0x0000562f67b80000  492       3       java.util.HashSet::isEmpty (8 bytes)
Event: 0.920 Thread 0x0000562f67b7b800  493       3       java.util.HashMap::isEmpty (13 bytes)
Event: 0.920 Thread 0x0000562f67b79000  494       3       javax.xml.namespace.QName::equals (59 bytes)
Event: 0.920 Thread 0x0000562f67b80000 nmethod 492 0x00007f8b4690ab50 code [0x00007f8b4690acc0, 0x00007f8b4690af78]
Event: 0.920 Thread 0x0000562f67b7b800 nmethod 493 0x00007f8b4690b050 code [0x00007f8b4690b1c0, 0x00007f8b4690b378]
Event: 0.920 Thread 0x0000562f67b7e000 nmethod 490 0x00007f8b4690b410 code [0x00007f8b4690b640, 0x00007f8b4690c2e0]
Event: 0.920 Thread 0x0000562f67b80000  495       3       java.util.AbstractCollection::addAll (42 bytes)
Event: 0.920 Thread 0x0000562f67b5f000  496       4       java.util.HashMap$HashIterator::hasNext (13 bytes)
Event: 0.920 Thread 0x0000562f67b79000 nmethod 494 0x00007f8b4690c810 code [0x00007f8b4690c9c0, 0x00007f8b4690d020]
Event: 0.920 Thread 0x0000562f67b79000  497       3       org.apache.xmlbeans.QNameSet::includedURIs (14 bytes)
Event: 0.920 Thread 0x0000562f67b80000 nmethod 495 0x00007f8b4690d190 code [0x00007f8b4690d340, 0x00007f8b4690d8c0]
Event: 0.920 Thread 0x0000562f67b80000  498       3       org.apache.xmlbeans.QNameSet::includedQNamesInExcludedURIs (22 bytes)
Event: 0.921 Thread 0x0000562f67b7e000  499       3       org.apache.xmlbeans.QNameSet::excludedQNamesInIncludedURIs (22 bytes)
Event: 0.921 Thread 0x0000562f67b79000 nmethod 497 0x00007f8b4690da90 code [0x00007f8b4690dc00, 0x00007f8b4690ddb8]
Event: 0.921 Thread 0x0000562f67b5f000 nmethod 496 0x00007f8b46910ad0 code [0x00007f8b46910c20, 0x00007f8b46910c98]
Event: 0.921 Thread 0x0000562f67b80000 nmethod 498 0x00007f8b46910210 code [0x00007f8b469103c0, 0x00007f8b46910870]
Event: 0.921 Thread 0x0000562f67b7e000 nmethod 499 0x00007f8b4690f950 code [0x00007f8b4690fb00, 0x00007f8b4690ffb0]
Event: 0.922 Thread 0x0000562f67b7b800  500       3       org.apache.xmlbeans.impl.schema.SchemaTypeSystemImpl$XsbReader::readTypeRef (8 bytes)
Event: 0.922 Thread 0x0000562f67b7b800 nmethod 500 0x00007f8b4690f490 code [0x00007f8b4690f600, 0x00007f8b4690f890]
Event: 0.925 Thread 0x0000562f67b72800  501   !   4       sun.misc.URLClassPath$JarLoader::getResource (85 bytes)
Event: 0.927 Thread 0x0000562f67b79000  503       3       java.util.ArrayDeque::add (7 bytes)
Event: 0.927 Thread 0x0000562f67b80000  504       3       java.util.ArrayDeque::addLast (53 bytes)
Event: 0.927 Thread 0x0000562f67b79000 nmethod 503 0x00007f8b4690ed10 code [0x00007f8b4690ee80, 0x00007f8b4690f030]
Event: 0.928 Thread 0x0000562f67b80000 nmethod 504 0x00007f8b4690e5d0 code [0x00007f8b4690e760, 0x00007f8b4690eb80]
Event: 0.930 Thread 0x0000562f67b7e000  505  s    3       java.util.jar.JarFile::getInputStream (89 bytes)
Event: 0.930 Thread 0x0000562f67b7e000 nmethod 505 0x00007f8b46910d10 code [0x00007f8b46910f20, 0x00007f8b46911ac0]
Event: 0.930 Thread 0x0000562f67b77000  506       4       java.util.HashMap$HashIterator::nextNode (100 bytes)
Event: 0.930 Thread 0x0000562f67b7b800  508       3       org.apache.xmlbeans.impl.schema.SchemaParticleImpl::mutate (16 bytes)
Event: 0.930 Thread 0x0000562f67b79000  509       3       java.util.HashMap::<init> (11 bytes)
Event: 0.930 Thread 0x0000562f67b80000  507       3       org.apache.xmlbeans.QNameSet::minSetCopy (53 bytes)
Event: 0.931 Thread 0x0000562f67b7b800 nmethod 508 0x00007f8b4690e110 code [0x00007f8b4690e280, 0x00007f8b4690e4f0]
Event: 0.931 Thread 0x0000562f67b79000 nmethod 509 0x00007f8b46911dd0 code [0x00007f8b46911f40, 0x00007f8b46912158]
Event: 0.931 Thread 0x0000562f67b79000  510       3       java.util.HashSet::size (8 bytes)
Event: 0.931 Thread 0x0000562f67b79000 nmethod 510 0x00007f8b46912250 code [0x00007f8b469123c0, 0x00007f8b469125b8]
Event: 0.931 Thread 0x0000562f67b7b800  511       3       org.apache.xmlbeans.impl.schema.SchemaTypeSystemImpl$XsbReader::atLeast (54 bytes)
Event: 0.931 Thread 0x0000562f67b7e000  512   !   3       org.apache.xmlbeans.impl.schema.SchemaTypeSystemImpl$XsbReader::readInt (34 bytes)
Event: 0.931 Thread 0x0000562f67b79000  513       3       java.io.DataInputStream::readInt (72 bytes)
Event: 0.931 Thread 0x0000562f67b80000 nmethod 507 0x00007f8b46912650 code [0x00007f8b46912840, 0x00007f8b46913070]
Event: 0.931 Thread 0x0000562f67b7b800 nmethod 511 0x00007f8b46913350 code [0x00007f8b469134c0, 0x00007f8b469137d8]
Event: 0.931 Thread 0x0000562f67b80000  514       1       org.apache.xmlbeans.impl.schema.SchemaPropertyImpl::isAttribute (5 bytes)
Event: 0.931 Thread 0x0000562f67b79000 nmethod 513 0x00007f8b46913850 code [0x00007f8b46913a20, 0x00007f8b46913fd0]
Event: 0.931 Thread 0x0000562f67b80000 nmethod 514 0x00007f8b4690de50 code [0x00007f8b4690dfa0, 0x00007f8b4690e0b8]
Event: 0.931 Thread 0x0000562f67b7e000 nmethod 512 0x00007f8b46914210 code [0x00007f8b469143a0, 0x00007f8b469147b0]
Event: 0.931 Thread 0x0000562f67b7e000  515       3       org.apache.xmlbeans.impl.schema.SchemaTypeSystemImpl$XsbReader::readBigInteger (54 bytes)
Event: 0.931 Thread 0x0000562f67b7b800  516   !   3       org.apache.xmlbeans.impl.schema.SchemaTypeSystemImpl$XsbReader::readByteArray (48 bytes)
Event: 0.931 Thread 0x0000562f67b79000  517       3       java.io.DataInputStream::readShort (40 bytes)
Event: 0.931 Thread 0x0000562f67b80000  518       3       java.io.DataInputStream::readFully (9 bytes)
Event: 0.931 Thread 0x0000562f67b80000 nmethod 518 0x00007f8b46914990 code [0x00007f8b46914b00, 0x00007f8b46914d30]
Event: 0.931 Thread 0x0000562f67b80000  519       3       org.apache.xmlbeans.QNameSet::excludedURIs (17 bytes)
Event: 0.931 Thread 0x0000562f67b7e000 nmethod 515 0x00007f8b46914e10 code [0x00007f8b46914fc0, 0x00007f8b469153c0]
Event: 0.931 Thread 0x0000562f67b79000 nmethod 517 0x00007f8b46915510 code [0x00007f8b469156a0, 0x00007f8b46915ab0]
Event: 0.932 Thread 0x0000562f67b7b800 nmethod 516 0x00007f8b46915c50 code [0x00007f8b46915e00, 0x00007f8b46916440]
Event: 0.932 Thread 0x0000562f67b80000 nmethod 519 0x00007f8b46916710 code [0x00007f8b469168c0, 0x00007f8b46916d70]
Event: 0.933 Thread 0x0000562f67b77000 nmethod 506 0x00007f8b46919e10 code [0x00007f8b46919f60, 0x00007f8b4691a1b8]
Event: 0.935 Thread 0x0000562f67b7e000  520       3       java.lang.ClassLoader::preDefineClass (109 bytes)
Event: 0.935 Thread 0x0000562f67b79000  521   !   3       java.lang.ClassLoader::checkCerts (195 bytes)
Event: 0.935 Thread 0x0000562f67b7b800  522       3       java.lang.ClassLoader::defineClassSourceLocation (28 bytes)
Event: 0.935 Thread 0x0000562f67b80000  524       3       java.lang.ClassLoader::addClass (9 bytes)
Event: 0.935 Thread 0x0000562f67b80000 nmethod 524 0x00007f8b46919550 code [0x00007f8b469196c0, 0x00007f8b469198f0]
Event: 0.935 Thread 0x0000562f67b80000  525       3       java.lang.ClassLoader::postDefineClass (26 bytes)
Event: 0.935 Thread 0x0000562f67b7b800 nmethod 522 0x00007f8b46918b90 code [0x00007f8b46918d20, 0x00007f8b46919370]
Event: 0.935 Thread 0x0000562f67b80000 nmethod 525 0x00007f8b46918310 code [0x00007f8b469184a0, 0x00007f8b46918a00]
Event: 0.936 Thread 0x0000562f67b7e000 nmethod 520 0x00007f8b4691a2d0 code [0x00007f8b4691a5a0, 0x00007f8b4691bb10]
Event: 0.936 Thread 0x0000562f67b79000 nmethod 521 0x00007f8b4691c410 code [0x00007f8b4691c6e0, 0x00007f8b4691dd80]
Event: 0.936 Thread 0x0000562f67b79000  526   !   3       java.net.URLClassLoader::definePackageInternal (81 bytes)
Event: 0.937 Thread 0x0000562f67b79000 nmethod 526 0x00007f8b46916fd0 code [0x00007f8b46917200, 0x00007f8b46917da0]
Event: 0.937 Thread 0x0000562f67b79000  527       3       java.util.HashSet::<init> (16 bytes)
Event: 0.937 Thread 0x0000562f67b79000 nmethod 527 0x00007f8b4691e750 code [0x00007f8b4691e8e0, 0x00007f8b4691ecf8]
Event: 0.937 Thread 0x0000562f67b7b800  528       3       java.lang.ClassLoader::defineClass (43 bytes)
Event: 0.938 Thread 0x0000562f67b7b800 nmethod 528 0x00007f8b4691eed0 code [0x00007f8b4691f0c0, 0x00007f8b4691fc90]
Event: 0.938 Thread 0x0000562f67b80000  529       3       sun.misc.URLClassPath$JarLoader$2::getCodeSourceURL (8 bytes)
Event: 0.938 Thread 0x0000562f67b7e000  530       3       sun.misc.URLClassPath$JarLoader$2::getManifest (26 bytes)
Event: 0.938 Thread 0x0000562f67b79000  531       3       java.util.jar.JavaUtilJarAccessImpl::ensureInitialization (5 bytes)
Event: 0.938 Thread 0x0000562f67b7b800  532  s!   3       java.util.jar.JarFile::ensureInitialization (41 bytes)
Event: 0.938 Thread 0x0000562f67b80000 nmethod 529 0x00007f8b46920190 code [0x00007f8b46920300, 0x00007f8b46920478]
Event: 0.938 Thread 0x0000562f67b80000  533       3       sun.misc.URLClassPath$JarLoader$2::getInputStream (15 bytes)
Event: 0.939 Thread 0x0000562f67b79000 nmethod 531 0x00007f8b46920510 code [0x00007f8b46920680, 0x00007f8b46920890]
Event: 0.939 Thread 0x0000562f67b79000  534       3       sun.misc.URLClassPath$JarLoader$2::getBytes (48 bytes)
Event: 0.939 Thread 0x0000562f67b80000 nmethod 533 0x00007f8b46920950 code [0x00007f8b46920ac0, 0x00007f8b46920d10]
Event: 0.939 Thread 0x0000562f67b80000  535       3       sun.misc.URLClassPath$JarLoader$2::getContentLength (9 bytes)
Event: 0.939 Thread 0x0000562f67b7e000 nmethod 530 0x00007f8b46920e10 code [0x00007f8b46920fc0, 0x00007f8b46921510]
Event: 0.939 Thread 0x0000562f67b7b800 nmethod 532 0x00007f8b46921750 code [0x00007f8b469218e0, 0x00007f8b46921d90]
Event: 0.939 Thread 0x0000562f67b80000 nmethod 535 0x00007f8b46921f10 code [0x00007f8b46922080, 0x00007f8b469222d8]
Event: 0.939 Thread 0x0000562f67b7e000  536       3       java.util.zip.CRC32::<init> (5 bytes)
Event: 0.939 Thread 0x0000562f67b80000  537       3       java.util.zip.CRC32::update (16 bytes)
Event: 0.939 Thread 0x0000562f67b7b800  538       3       java.util.zip.CRC32::getValue (10 bytes)
Event: 0.939 Thread 0x0000562f67b7e000 nmethod 536 0x00007f8b46922390 code [0x00007f8b46922500, 0x00007f8b469226b8]
Event: 0.939 Thread 0x0000562f67b7b800 nmethod 538 0x00007f8b46922750 code [0x00007f8b469228c0, 0x00007f8b46922a38]
Event: 0.939 Thread 0x0000562f67b7b800  540       3       sun.misc.URLClassPath$JarLoader$2::getCodeSigners (8 bytes)
Event: 0.939 Thread 0x0000562f67b7e000  539       3       java.util.zip.ZipEntry::getCrc (5 bytes)
Event: 0.939 Thread 0x0000562f67b80000 nmethod 537 0x00007f8b46922ad0 code [0x00007f8b46922c40, 0x00007f8b46922dd8]
Event: 0.939 Thread 0x0000562f67b80000  541   !   3       java.util.jar.JarFile$JarFileEntry::getCodeSigners (78 bytes)
Event: 0.939 Thread 0x0000562f67b79000 nmethod 534 0x00007f8b46922e90 code [0x00007f8b46923060, 0x00007f8b46923640]
Event: 0.939 Thread 0x0000562f67b7b800 nmethod 540 0x00007f8b469238d0 code [0x00007f8b46923a40, 0x00007f8b46923c70]
Event: 0.939 Thread 0x0000562f67b7e000 nmethod 539 0x00007f8b46923d10 code [0x00007f8b46923e80, 0x00007f8b46923fd8]
Event: 0.939 Thread 0x0000562f67b7b800  542       3       java.util.jar.JarFile::access$200 (5 bytes)
Event: 0.939 Thread 0x0000562f67b7b800 nmethod 542 0x00007f8b46924050 code [0x00007f8b469241c0, 0x00007f8b46924330]
Event: 0.939 Thread 0x0000562f67b80000 nmethod 541 0x00007f8b469243d0 code [0x00007f8b469245a0, 0x00007f8b46924c80]
Event: 0.941 Thread 0x0000562f67b77000  548       4       java.util.regex.Pattern$BitClass::isSatisfiedBy (22 bytes)
Event: 0.941 Thread 0x0000562f67b68000  549       4       java.util.regex.Pattern$7::isSatisfiedBy (28 bytes)
Event: 0.941 Thread 0x0000562f67b7e000  543       3       java.util.regex.Pattern$6::isSatisfiedBy (28 bytes)
Event: 0.941 Thread 0x0000562f67b79000  544       3       java.util.regex.Pattern$1::isSatisfiedBy (13 bytes)
Event: 0.941 Thread 0x0000562f67b7b800  545       3       java.util.regex.Pattern::access$200 (7 bytes)
Event: 0.941 Thread 0x0000562f67b80000  546       3       java.util.regex.Pattern::inRange (16 bytes)
Event: 0.941 Thread 0x0000562f67b7e000 nmethod 543 0x00007f8b46925150 code [0x00007f8b469252e0, 0x00007f8b46925680]
Event: 0.941 Thread 0x0000562f67b80000 nmethod 546 0x00007f8b46925790 code [0x00007f8b46925900, 0x00007f8b46925ad8]
Event: 0.941 Thread 0x0000562f67b7b800 nmethod 545 0x00007f8b46925b50 code [0x00007f8b46925cc0, 0x00007f8b46925ef8]
Event: 0.941 Thread 0x0000562f67b79000 nmethod 544 0x00007f8b46925f90 code [0x00007f8b46926100, 0x00007f8b469263b8]
Event: 0.941 Thread 0x0000562f67b7b800  547       3       java.util.regex.Pattern$CharProperty$1::isSatisfiedBy (17 bytes)
Event: 0.941 Thread 0x0000562f67b79000  550       3       java.util.regex.Pattern$Node::<init> (12 bytes)
Event: 0.942 Thread 0x0000562f67b77000 nmethod 548 0x00007f8b46929150 code [0x00007f8b469292a0, 0x00007f8b46929378]
Event: 0.942 Thread 0x0000562f67b79000 nmethod 550 0x00007f8b46928d50 code [0x00007f8b46928ec0, 0x00007f8b469290b8]
Event: 0.942 Thread 0x0000562f67b7b800 nmethod 547 0x00007f8b46928890 code [0x00007f8b46928a00, 0x00007f8b46928c90]
Event: 0.943 Thread 0x0000562f67b80000  551       3       sun.misc.URLClassPath$JarLoader::findResource (18 bytes)
Event: 0.943 Thread 0x0000562f67b7e000  552       1       java.nio.Buffer::position (5 bytes)
Event: 0.943 Thread 0x0000562f67b68000 nmethod 549 0x00007f8b46926a10 code [0x00007f8b46926bc0, 0x00007f8b46926f68]
Event: 0.943 Thread 0x0000562f67b7e000 nmethod 552 0x00007f8b46926750 code [0x00007f8b469268a0, 0x00007f8b469269b8]
Event: 0.943 Thread 0x0000562f67b80000 nmethod 551 0x00007f8b46928350 code [0x00007f8b469284e0, 0x00007f8b469287a0]
Event: 0.944 Thread 0x0000562f67b79000  555       1       java.lang.System::getSecurityManager (4 bytes)
Event: 0.944 Thread 0x0000562f67b7b800  554       3       org.apache.xmlbeans.QNameSetBuilder::removeAllMatchingFirstOnly (62 bytes)
Event: 0.944 Thread 0x0000562f67b79000 nmethod 555 0x00007f8b46926490 code [0x00007f8b469265e0, 0x00007f8b469266f8]
Event: 0.944 Thread 0x0000562f67b79000  553       3       org.apache.xmlbeans.QNameSetBuilder::addAllImpl (470 bytes)
Event: 0.944 Thread 0x0000562f67b7b800 nmethod 554 0x00007f8b46927590 code [0x00007f8b46927780, 0x00007f8b46928040]
Event: 0.945 Thread 0x0000562f67b79000 nmethod 553 0x00007f8b4692af10 code [0x00007f8b4692b360, 0x00007f8b4692db00]
Event: 0.945 Thread 0x0000562f67b79000  556       3       java.util.regex.Pattern$Slice::match (79 bytes)
Event: 0.945 Thread 0x0000562f67b79000 nmethod 556 0x00007f8b4692a6d0 code [0x00007f8b4692a880, 0x00007f8b4692ad40]
Event: 0.947 Thread 0x0000562f67b7e000  557       1       java.math.BigInteger::signum (5 bytes)
Event: 0.947 Thread 0x0000562f67b7e000 nmethod 557 0x00007f8b4692a410 code [0x00007f8b4692a560, 0x00007f8b4692a678]
Event: 0.948 Thread 0x0000562f67b80000  558       1       org.apache.xmlbeans.impl.schema.SchemaParticleImpl::getParticleType (5 bytes)
Event: 0.948 Thread 0x0000562f67b80000 nmethod 558 0x00007f8b4692a150 code [0x00007f8b4692a2a0, 0x00007f8b4692a3b8]
Event: 0.950 Thread 0x0000562f67b63800  559       4       java.lang.CharacterDataLatin1::toLowerCase (39 bytes)
Event: 0.950 Thread 0x0000562f67b63800 nmethod 559 0x00007f8b46929e50 code [0x00007f8b46929fa0, 0x00007f8b4692a098]
Event: 0.951 Thread 0x0000562f67b74800  560       4       org.apache.xmlbeans.impl.schema.SchemaTypeSystemImpl$XsbReader::readHandle (585 bytes)
Event: 0.951 Thread 0x0000562f67b7b800  564       3       org.apache.xmlbeans.QNameSetBuilder::addAll (67 bytes)
Event: 0.951 Thread 0x0000562f67b79000  563       3       java.util.LinkedHashMap$LinkedHashIterator::hasNext (13 bytes)
Event: 0.951 Thread 0x0000562f67b80000  562       3       java.lang.Float::isNaN (12 bytes)
Event: 0.951 Thread 0x0000562f67b7e000  561       1       org.apache.xmlbeans.impl.schema.SchemaPropertyImpl::getName (5 bytes)
Event: 0.951 Thread 0x0000562f67b79000 nmethod 563 0x00007f8b46929a90 code [0x00007f8b46929c00, 0x00007f8b46929db8]
Event: 0.951 Thread 0x0000562f67b80000 nmethod 562 0x00007f8b469296d0 code [0x00007f8b46929840, 0x00007f8b469299f8]
Event: 0.951 Thread 0x0000562f67b7e000 nmethod 561 0x00007f8b46931550 code [0x00007f8b469316a0, 0x00007f8b469317b8]
Event: 0.951 Thread 0x0000562f67b7b800 nmethod 564 0x00007f8b46930890 code [0x00007f8b46930aa0, 0x00007f8b46931320]
Event: 0.956 Thread 0x0000562f67b63800  565       4       java.util.HashMap::getNode (148 bytes)
Event: 0.956 Thread 0x0000562f67b79000  567       3       java.util.HashMap::removeNode (291 bytes)
Event: 0.956 Thread 0x0000562f67b80000  566       3       java.util.HashMap$HashIterator::remove (77 bytes)
Event: 0.956 Thread 0x0000562f67b7e000  568       3       java.util.HashMap::afterNodeRemoval (1 bytes)
Event: 0.957 Thread 0x0000562f67b7b800  569       3       java.util.HashMap::tableSizeFor (59 bytes)
Event: 0.957 Thread 0x0000562f67b7e000 nmethod 568 0x00007f8b4692f050 code [0x00007f8b4692f1c0, 0x00007f8b4692f318]
Event: 0.957 Thread 0x0000562f67b72800 nmethod 501 0x00007f8b46934dd0 code [0x00007f8b469351a0, 0x00007f8b46937000]
Event: 0.957 Thread 0x0000562f67b7e000  570       3       java.util.HashMap::<init> (98 bytes)
Event: 0.957 Thread 0x0000562f67b7b800 nmethod 569 0x00007f8b4692ec10 code [0x00007f8b4692ed80, 0x00007f8b4692efb8]
Event: 0.957 Thread 0x0000562f67b80000 nmethod 566 0x00007f8b4692fe50 code [0x00007f8b46930020, 0x00007f8b46930600]
Event: 0.957 Thread 0x0000562f67b79000 nmethod 567 0x00007f8b469332d0 code [0x00007f8b46933520, 0x00007f8b46934780]
Event: 0.957 Thread 0x0000562f67b7e000 nmethod 570 0x00007f8b46939490 code [0x00007f8b46939720, 0x00007f8b4693a910]
Event: 0.958 Thread 0x0000562f67b63800 nmethod 565 0x00007f8b4692f7d0 code [0x00007f8b4692f940, 0x00007f8b4692fc18]
Event: 0.959 Thread 0x0000562f67b7b800  571       3       java.io.File::<init> (47 bytes)
Event: 0.960 Thread 0x0000562f67b7b800 nmethod 571 0x00007f8b4693bf10 code [0x00007f8b4693c0e0, 0x00007f8b4693c7d0]
Event: 0.960 Thread 0x0000562f67b80000  572       3       java.util.jar.Manifest::getTrustedAttributes (57 bytes)
Event: 0.961 Thread 0x0000562f67b80000 nmethod 572 0x00007f8b46931f90 code [0x00007f8b469321c0, 0x00007f8b46932da0]
Event: 0.963 Thread 0x0000562f67b79000  573       3       org.apache.xmlbeans.QNameSet::contains (55 bytes)
Event: 0.963 Thread 0x0000562f67b7e000  574       3       org.apache.xmlbeans.QNameSet::nsFromName (16 bytes)
Event: 0.963 Thread 0x0000562f67b7e000 nmethod 574 0x00007f8b4692f390 code [0x00007f8b4692f500, 0x00007f8b4692f6d8]
Event: 0.963 Thread 0x0000562f67b79000 nmethod 573 0x00007f8b4693b610 code [0x00007f8b4693b7c0, 0x00007f8b4693bd30]
Event: 0.965 Thread 0x0000562f67b74800 nmethod 560 0x00007f8b4693e4d0 code [0x00007f8b4693e900, 0x00007f8b4693f978]
Event: 0.965 Thread 0x0000562f67b7b800  575       3       org.apache.xmlbeans.impl.schema.SchemaTypeImpl::assertUnresolved (23 bytes)
Event: 0.965 Thread 0x0000562f67b7b800 nmethod 575 0x00007f8b4693b110 code [0x00007f8b4693b280, 0x00007f8b4693b530]
Event: 0.967 Thread 0x0000562f67b80000  576       3       org.apache.xmlbeans.impl.schema.SchemaTypeSystemImpl$XsbReader::readXmlValueObject (350 bytes)
Event: 0.969 Thread 0x0000562f67b80000 nmethod 576 0x00007f8b46940f90 code [0x00007f8b469414e0, 0x00007f8b46944670]
Event: 0.970 Thread 0x0000562f67b7e000  577       3       org.apache.xmlbeans.impl.schema.BuiltinSchemaTypeSystem::resolveHandle (14 bytes)
Event: 0.970 Thread 0x0000562f67b79000  578       3       org.apache.xmlbeans.impl.store.Xobj::kind (8 bytes)
Event: 0.970 Thread 0x0000562f67b79000 nmethod 578 0x00007f8b46931c50 code [0x00007f8b46931dc0, 0x00007f8b46931f18]
Event: 0.970 Thread 0x0000562f67b7e000 nmethod 577 0x00007f8b4693df50 code [0x00007f8b4693e0c0, 0x00007f8b4693e3f0]
Event: 0.971 Thread 0x0000562f67b63800  579 %     4       java.io.DataInputStream::readUTF @ 92 (501 bytes)
Event: 0.972 Thread 0x0000562f67b74800  580       4       javax.xml.namespace.QName::hashCode (16 bytes)
Event: 0.973 Thread 0x0000562f67b7e000  583       3       java.util.zip.InflaterInputStream::<init> (79 bytes)
Event: 0.973 Thread 0x0000562f67b7b800  581       3       org.apache.xmlbeans.impl.store.Cur::moveTo (274 bytes)
Event: 0.973 Thread 0x0000562f67b80000  582       3       org.apache.xmlbeans.impl.store.Cur::moveToNoCheck (68 bytes)
Event: 0.973 Thread 0x0000562f67b7b800 nmethod 581 0x00007f8b4693da90 code [0x00007f8b4693dc00, 0x00007f8b4693de90]
Event: 0.974 Thread 0x0000562f67b7e000 nmethod 583 0x00007f8b4693cf10 code [0x00007f8b4693d0c0, 0x00007f8b4693d7c0]
Event: 0.974 Thread 0x0000562f67b80000 nmethod 582 0x00007f8b46946650 code [0x00007f8b469467e0, 0x00007f8b46946be0]
Event: 0.975 Thread 0x0000562f67b79000  584       3       java.util.Collections$SingletonSet::contains (9 bytes)
Event: 0.975 Thread 0x0000562f67b7b800  585       3       java.util.Collections::eq (22 bytes)
Event: 0.975 Thread 0x0000562f67b79000 nmethod 584 0x00007f8b46946d10 code [0x00007f8b46946ea0, 0x00007f8b469471f0]
Event: 0.975 Thread 0x0000562f67b7e000  586       3       java.util.Collections$SingletonSet::iterator (8 bytes)
Event: 0.975 Thread 0x0000562f67b79000  587       3       java.util.Collections::singletonIterator (9 bytes)
Event: 0.975 Thread 0x0000562f67b80000  588       3       java.util.Collections$1::<init> (15 bytes)
Event: 0.975 Thread 0x0000562f67b7b800 nmethod 585 0x00007f8b4694a250 code [0x00007f8b4694a3c0, 0x00007f8b4694a670]
Event: 0.975 Thread 0x0000562f67b74800 nmethod 580 0x00007f8b4694a750 code [0x00007f8b4694a8a0, 0x00007f8b4694abb8]
Event: 0.975 Thread 0x0000562f67b79000 nmethod 587 0x00007f8b46949d50 code [0x00007f8b46949ec0, 0x00007f8b4694a138]
Event: 0.975 Thread 0x0000562f67b7b800  589       3       java.util.Collections$1::next (25 bytes)
Event: 0.975 Thread 0x0000562f67b7e000 nmethod 586 0x00007f8b46949790 code [0x00007f8b46949900, 0x00007f8b46949bf8]
Event: 0.975 Thread 0x0000562f67b80000 nmethod 588 0x00007f8b4693cb10 code [0x00007f8b4693cc80, 0x00007f8b4693ce58]
Event: 0.975 Thread 0x0000562f67b7b800 nmethod 589 0x00007f8b46949310 code [0x00007f8b46949480, 0x00007f8b469496b0]
Event: 0.979 Thread 0x0000562f67b63800 nmethod 579% 0x00007f8b4694cb50 code [0x00007f8b4694cce0, 0x00007f8b4694d3d8]
Event: 0.980 Thread 0x0000562f67b79000  590       1       java.net.URLConnection::getUseCaches (5 bytes)
Event: 0.980 Thread 0x0000562f67b79000 nmethod 590 0x00007f8b46931990 code [0x00007f8b46931ae0, 0x00007f8b46931bf8]
Event: 0.982 Thread 0x0000562f67b7e000  591       3       org.apache.xmlbeans.impl.store.Xobj::isAttr (14 bytes)
Event: 0.982 Thread 0x0000562f67b7e000 nmethod 591 0x00007f8b4694c690 code [0x00007f8b4694c800, 0x00007f8b4694ca98]

GC Heap History (0 events):
No events

Deoptimization events (6 events):
Event: 0.791 Thread 0x0000562f63d96800 Uncommon trap: reason=unstable_if action=reinterpret pc=0x00007f8b468121b0 method=java.lang.String.indexOf([CII[CIII)I @ 123
Event: 0.847 Thread 0x0000562f63d96800 Uncommon trap: reason=unstable_if action=reinterpret pc=0x00007f8b468b2318 method=java.lang.String.indexOf([CII[CIII)I @ 3
Event: 0.873 Thread 0x0000562f63d96800 Uncommon trap: reason=unstable_if action=reinterpret pc=0x00007f8b468bdab0 method=java.util.HashMap.getNode(ILjava/lang/Object;)Ljava/util/HashMap$Node; @ 116
Event: 0.881 Thread 0x0000562f63d96800 Uncommon trap: reason=unstable_if action=reinterpret pc=0x00007f8b468ca16c method=java.util.HashMap.getNode(ILjava/lang/Object;)Ljava/util/HashMap$Node; @ 116
Event: 0.884 Thread 0x0000562f63d96800 Uncommon trap: reason=unstable_if action=reinterpret pc=0x00007f8b468c71b4 method=java.io.DataInputStream.readUTF(Ljava/io/DataInput;)Ljava/lang/String; @ 31
Event: 0.885 Thread 0x0000562f63d96800 Uncommon trap: reason=unstable_if action=reinterpret pc=0x00007f8b468e6008 method=org.apache.xmlbeans.impl.schema.SchemaTypeSystemImpl$StringPool.stringForCode(I)Ljava/lang/String; @ 1

Classes redefined (0 events):
No events

Internal exceptions (16 events):
Event: 0.032 Thread 0x0000562f63d96800 Exception <a 'java/lang/NoSuchMethodError': Method sun.misc.Unsafe.defineClass(Ljava/lang/String;[BII)Ljava/lang/Class; name or signature does not match> (0x0000000715587cc0) thrown at [/builddir/build/BUILD/java-1.8.0-openjdk-1.8.0.322.b06-1.el7_9.x86_64
Event: 0.032 Thread 0x0000562f63d96800 Exception <a 'java/lang/NoSuchMethodError': Method sun.misc.Unsafe.prefetchRead(Ljava/lang/Object;J)V name or signature does not match> (0x0000000715587fa8) thrown at [/builddir/build/BUILD/java-1.8.0-openjdk-1.8.0.322.b06-1.el7_9.x86_64/openjdk/hotspot/s
Event: 0.793 Thread 0x0000562f63d96800 Exception <a 'java/security/PrivilegedActionException'> (0x0000000715cca9e0) thrown at [/builddir/build/BUILD/java-1.8.0-openjdk-1.8.0.322.b06-1.el7_9.x86_64/openjdk/hotspot/src/share/vm/prims/jvm.cpp, line 1531]
Event: 0.793 Thread 0x0000562f63d96800 Exception <a 'java/security/PrivilegedActionException'> (0x0000000715ccabf0) thrown at [/builddir/build/BUILD/java-1.8.0-openjdk-1.8.0.322.b06-1.el7_9.x86_64/openjdk/hotspot/src/share/vm/prims/jvm.cpp, line 1531]
Event: 0.793 Thread 0x0000562f63d96800 Exception <a 'java/security/PrivilegedActionException'> (0x0000000715ccdf80) thrown at [/builddir/build/BUILD/java-1.8.0-openjdk-1.8.0.322.b06-1.el7_9.x86_64/openjdk/hotspot/src/share/vm/prims/jvm.cpp, line 1531]
Event: 0.793 Thread 0x0000562f63d96800 Exception <a 'java/security/PrivilegedActionException'> (0x0000000715cce190) thrown at [/builddir/build/BUILD/java-1.8.0-openjdk-1.8.0.322.b06-1.el7_9.x86_64/openjdk/hotspot/src/share/vm/prims/jvm.cpp, line 1531]
Event: 0.833 Thread 0x0000562f63d96800 Exception <a 'java/security/PrivilegedActionException'> (0x0000000715f18198) thrown at [/builddir/build/BUILD/java-1.8.0-openjdk-1.8.0.322.b06-1.el7_9.x86_64/openjdk/hotspot/src/share/vm/prims/jvm.cpp, line 1531]
Event: 0.833 Thread 0x0000562f63d96800 Exception <a 'java/security/PrivilegedActionException'> (0x0000000715f18590) thrown at [/builddir/build/BUILD/java-1.8.0-openjdk-1.8.0.322.b06-1.el7_9.x86_64/openjdk/hotspot/src/share/vm/prims/jvm.cpp, line 1531]
Event: 0.835 Thread 0x0000562f63d96800 Exception <a 'java/security/PrivilegedActionException'> (0x0000000715f2e7f0) thrown at [/builddir/build/BUILD/java-1.8.0-openjdk-1.8.0.322.b06-1.el7_9.x86_64/openjdk/hotspot/src/share/vm/prims/jvm.cpp, line 1531]
Event: 0.835 Thread 0x0000562f63d96800 Exception <a 'java/security/PrivilegedActionException'> (0x0000000715f2ebe8) thrown at [/builddir/build/BUILD/java-1.8.0-openjdk-1.8.0.322.b06-1.el7_9.x86_64/openjdk/hotspot/src/share/vm/prims/jvm.cpp, line 1531]
Event: 0.835 Thread 0x0000562f63d96800 Exception <a 'java/security/PrivilegedActionException'> (0x0000000715f36e08) thrown at [/builddir/build/BUILD/java-1.8.0-openjdk-1.8.0.322.b06-1.el7_9.x86_64/openjdk/hotspot/src/share/vm/prims/jvm.cpp, line 1531]
Event: 0.835 Thread 0x0000562f63d96800 Exception <a 'java/security/PrivilegedActionException'> (0x0000000715f37200) thrown at [/builddir/build/BUILD/java-1.8.0-openjdk-1.8.0.322.b06-1.el7_9.x86_64/openjdk/hotspot/src/share/vm/prims/jvm.cpp, line 1531]
Event: 0.836 Thread 0x0000562f63d96800 Exception <a 'java/security/PrivilegedActionException'> (0x0000000715f3e0e8) thrown at [/builddir/build/BUILD/java-1.8.0-openjdk-1.8.0.322.b06-1.el7_9.x86_64/openjdk/hotspot/src/share/vm/prims/jvm.cpp, line 1531]
Event: 0.836 Thread 0x0000562f63d96800 Exception <a 'java/security/PrivilegedActionException'> (0x0000000715f3e4e0) thrown at [/builddir/build/BUILD/java-1.8.0-openjdk-1.8.0.322.b06-1.el7_9.x86_64/openjdk/hotspot/src/share/vm/prims/jvm.cpp, line 1531]
Event: 0.836 Thread 0x0000562f63d96800 Exception <a 'java/security/PrivilegedActionException'> (0x0000000715f469e0) thrown at [/builddir/build/BUILD/java-1.8.0-openjdk-1.8.0.322.b06-1.el7_9.x86_64/openjdk/hotspot/src/share/vm/prims/jvm.cpp, line 1531]
Event: 0.836 Thread 0x0000562f63d96800 Exception <a 'java/security/PrivilegedActionException'> (0x0000000715f46dd8) thrown at [/builddir/build/BUILD/java-1.8.0-openjdk-1.8.0.322.b06-1.el7_9.x86_64/openjdk/hotspot/src/share/vm/prims/jvm.cpp, line 1531]

Events (250 events):
Event: 0.903 loading class org/apache/xmlbeans/impl/store/Xobj$DocumentXobj
Event: 0.903 loading class org/apache/xmlbeans/impl/store/Xobj$DocumentXobj done
Event: 0.904 loading class org/apache/xmlbeans/impl/store/Xobj$SoapPartDocXobj
Event: 0.904 loading class org/apache/xmlbeans/impl/store/Xobj$SoapPartDocXobj done
Event: 0.904 loading class org/apache/xmlbeans/impl/store/Xobj$ProcInstXobj
Event: 0.904 loading class org/apache/xmlbeans/impl/store/Xobj$ProcInstXobj done
Event: 0.904 loading class org/w3c/dom/ProcessingInstruction
Event: 0.904 loading class org/w3c/dom/ProcessingInstruction done
Event: 0.905 loading class org/apache/xmlbeans/impl/store/Xobj$AttrXobj
Event: 0.905 loading class org/apache/xmlbeans/impl/store/Xobj$AttrXobj done
Event: 0.905 loading class org/w3c/dom/Attr
Event: 0.905 loading class org/w3c/dom/Attr done
Event: 0.905 loading class org/apache/xmlbeans/impl/store/Xobj$CommentXobj
Event: 0.905 loading class org/apache/xmlbeans/impl/store/Xobj$CommentXobj done
Event: 0.906 loading class org/w3c/dom/Comment
Event: 0.906 loading class org/w3c/dom/Comment done
Event: 0.909 loading class org/openxmlformats/schemas/spreadsheetml/x2006/main/impl/CTWorkbookImpl
Event: 0.909 loading class org/openxmlformats/schemas/spreadsheetml/x2006/main/impl/CTWorkbookImpl done
Event: 0.909 loading class org/apache/xmlbeans/impl/values/XmlComplexContentImpl
Event: 0.909 loading class org/apache/xmlbeans/impl/values/XmlComplexContentImpl done
Event: 0.912 loading class org/w3c/dom/NamedNodeMap
Event: 0.912 loading class org/w3c/dom/NamedNodeMap done
Event: 0.914 loading class org/openxmlformats/schemas/spreadsheetml/x2006/main/impl/CTWorkbookPrImpl
Event: 0.914 loading class org/openxmlformats/schemas/spreadsheetml/x2006/main/impl/CTWorkbookPrImpl done
Event: 0.914 loading class org/openxmlformats/schemas/spreadsheetml/x2006/main/CTWorkbookPr
Event: 0.914 loading class org/openxmlformats/schemas/spreadsheetml/x2006/main/CTWorkbookPr done
Event: 0.915 loading class org/apache/xmlbeans/StringEnumAbstractBase
Event: 0.915 loading class org/apache/xmlbeans/StringEnumAbstractBase done
Event: 0.915 loading class org/openxmlformats/schemas/spreadsheetml/x2006/main/STUpdateLinks$Enum
Event: 0.915 loading class org/openxmlformats/schemas/spreadsheetml/x2006/main/STUpdateLinks$Enum done
Event: 0.916 loading class org/openxmlformats/schemas/spreadsheetml/x2006/main/STObjects$Enum
Event: 0.916 loading class org/openxmlformats/schemas/spreadsheetml/x2006/main/STObjects$Enum done
Event: 0.917 loading class org/apache/xmlbeans/impl/values/XmlBooleanImpl
Event: 0.917 loading class org/apache/xmlbeans/impl/values/XmlBooleanImpl done
Event: 0.917 loading class org/apache/xmlbeans/XmlBoolean
Event: 0.917 loading class org/apache/xmlbeans/XmlBoolean done
Event: 0.917 loading class org/apache/xmlbeans/impl/values/JavaBooleanHolder
Event: 0.917 loading class org/apache/xmlbeans/impl/values/JavaBooleanHolder done
Event: 0.917 loading class java/util/Collections$1
Event: 0.917 loading class java/util/Collections$1 done
Event: 0.921 loading class org/openxmlformats/schemas/spreadsheetml/x2006/main/impl/CTBookViewsImpl
Event: 0.921 loading class org/openxmlformats/schemas/spreadsheetml/x2006/main/impl/CTBookViewsImpl done
Event: 0.921 loading class org/openxmlformats/schemas/spreadsheetml/x2006/main/CTBookViews
Event: 0.921 loading class org/openxmlformats/schemas/spreadsheetml/x2006/main/CTBookViews done
Event: 0.922 loading class org/openxmlformats/schemas/spreadsheetml/x2006/main/impl/CTBookViewImpl
Event: 0.922 loading class org/openxmlformats/schemas/spreadsheetml/x2006/main/impl/CTBookViewImpl done
Event: 0.923 loading class org/openxmlformats/schemas/spreadsheetml/x2006/main/CTBookView
Event: 0.923 loading class org/openxmlformats/schemas/spreadsheetml/x2006/main/CTBookView done
Event: 0.924 loading class org/openxmlformats/schemas/spreadsheetml/x2006/main/STVisibility$Enum
Event: 0.924 loading class org/openxmlformats/schemas/spreadsheetml/x2006/main/STVisibility$Enum done
Event: 0.924 loading class org/apache/xmlbeans/impl/values/XmlUnsignedIntImpl
Event: 0.924 loading class org/apache/xmlbeans/impl/values/XmlUnsignedIntImpl done
Event: 0.925 loading class org/apache/xmlbeans/XmlUnsignedInt
Event: 0.925 loading class org/apache/xmlbeans/XmlUnsignedInt done
Event: 0.925 loading class org/apache/xmlbeans/XmlUnsignedLong
Event: 0.925 loading class org/apache/xmlbeans/XmlUnsignedLong done
Event: 0.925 loading class org/apache/xmlbeans/XmlNonNegativeInteger
Event: 0.925 loading class org/apache/xmlbeans/XmlNonNegativeInteger done
Event: 0.925 loading class org/apache/xmlbeans/impl/values/JavaLongHolderEx
Event: 0.925 loading class org/apache/xmlbeans/impl/values/JavaLongHolderEx done
Event: 0.925 loading class org/apache/xmlbeans/impl/values/JavaLongHolder
Event: 0.925 loading class org/apache/xmlbeans/impl/values/JavaLongHolder done
Event: 0.926 loading class org/openxmlformats/schemas/spreadsheetml/x2006/main/impl/CTSheetsImpl
Event: 0.926 loading class org/openxmlformats/schemas/spreadsheetml/x2006/main/impl/CTSheetsImpl done
Event: 0.927 loading class org/openxmlformats/schemas/spreadsheetml/x2006/main/CTSheets
Event: 0.927 loading class org/openxmlformats/schemas/spreadsheetml/x2006/main/CTSheets done
Event: 0.927 loading class org/apache/poi/POIXMLProperties
Event: 0.927 loading class org/apache/poi/POIXMLProperties done
Event: 0.928 loading class org/openxmlformats/schemas/officeDocument/x2006/extendedProperties/PropertiesDocument$Factory
Event: 0.928 loading class org/openxmlformats/schemas/officeDocument/x2006/extendedProperties/PropertiesDocument$Factory done
Event: 0.928 loading class org/openxmlformats/schemas/officeDocument/x2006/extendedProperties/PropertiesDocument
Event: 0.928 loading class org/openxmlformats/schemas/officeDocument/x2006/extendedProperties/PropertiesDocument done
Event: 0.929 loading class org/openxmlformats/schemas/officeDocument/x2006/extendedProperties/impl/PropertiesDocumentImpl
Event: 0.929 loading class org/openxmlformats/schemas/officeDocument/x2006/extendedProperties/impl/PropertiesDocumentImpl done
Event: 0.931 loading class org/openxmlformats/schemas/officeDocument/x2006/extendedProperties/impl/CTPropertiesImpl
Event: 0.931 loading class org/openxmlformats/schemas/officeDocument/x2006/extendedProperties/impl/CTPropertiesImpl done
Event: 0.932 loading class org/openxmlformats/schemas/officeDocument/x2006/extendedProperties/CTProperties
Event: 0.932 loading class org/openxmlformats/schemas/officeDocument/x2006/extendedProperties/CTProperties done
Event: 0.934 loading class org/openxmlformats/schemas/officeDocument/x2006/customProperties/PropertiesDocument$Factory
Event: 0.934 loading class org/openxmlformats/schemas/officeDocument/x2006/customProperties/PropertiesDocument$Factory done
Event: 0.935 loading class org/openxmlformats/schemas/officeDocument/x2006/customProperties/PropertiesDocument
Event: 0.935 loading class org/openxmlformats/schemas/officeDocument/x2006/customProperties/PropertiesDocument done
Event: 0.936 loading class org/openxmlformats/schemas/officeDocument/x2006/customProperties/impl/PropertiesDocumentImpl
Event: 0.936 loading class org/openxmlformats/schemas/officeDocument/x2006/customProperties/impl/PropertiesDocumentImpl done
Event: 0.936 loading class org/openxmlformats/schemas/officeDocument/x2006/customProperties/impl/CTPropertiesImpl
Event: 0.936 loading class org/openxmlformats/schemas/officeDocument/x2006/customProperties/impl/CTPropertiesImpl done
Event: 0.937 loading class org/openxmlformats/schemas/officeDocument/x2006/customProperties/CTProperties
Event: 0.937 loading class org/openxmlformats/schemas/officeDocument/x2006/customProperties/CTProperties done
Event: 0.937 loading class org/apache/poi/POIXMLProperties$CoreProperties
Event: 0.937 loading class org/apache/poi/POIXMLProperties$CoreProperties done
Event: 0.938 loading class org/apache/poi/POIXMLProperties$ExtendedProperties
Event: 0.938 loading class org/apache/poi/POIXMLProperties$ExtendedProperties done
Event: 0.938 loading class org/apache/poi/POIXMLProperties$CustomProperties
Event: 0.938 loading class org/apache/poi/POIXMLProperties$CustomProperties done
Event: 0.939 loading class org/apache/xmlbeans/impl/store/CharUtil
Event: 0.939 loading class org/apache/xmlbeans/impl/store/CharUtil done
Event: 0.940 loading class org/apache/xmlbeans/impl/store/CharUtil$1
Event: 0.940 loading class org/apache/xmlbeans/impl/store/CharUtil$1 done
Event: 0.940 loading class org/apache/xmlbeans/impl/store/CharUtil$CharIterator
Event: 0.940 loading class org/apache/xmlbeans/impl/store/CharUtil$CharIterator done
Event: 0.941 loading class java/util/Collections$SingletonMap
Event: 0.942 loading class java/util/Collections$SingletonMap done
Event: 0.942 loading class org/openxmlformats/schemas/spreadsheetml/x2006/main/SstDocument$Factory
Event: 0.942 loading class org/openxmlformats/schemas/spreadsheetml/x2006/main/SstDocument$Factory done
Event: 0.942 loading class org/openxmlformats/schemas/spreadsheetml/x2006/main/SstDocument
Event: 0.942 loading class org/openxmlformats/schemas/spreadsheetml/x2006/main/SstDocument done
Event: 0.943 loading class org/openxmlformats/schemas/spreadsheetml/x2006/main/impl/SstDocumentImpl
Event: 0.943 loading class org/openxmlformats/schemas/spreadsheetml/x2006/main/impl/SstDocumentImpl done
Event: 0.944 loading class org/openxmlformats/schemas/spreadsheetml/x2006/main/impl/CTSstImpl
Event: 0.944 loading class org/openxmlformats/schemas/spreadsheetml/x2006/main/impl/CTSstImpl done
Event: 0.944 loading class org/openxmlformats/schemas/spreadsheetml/x2006/main/CTSst
Event: 0.944 loading class org/openxmlformats/schemas/spreadsheetml/x2006/main/CTSst done
Event: 0.946 loading class org/openxmlformats/schemas/spreadsheetml/x2006/main/StyleSheetDocument$Factory
Event: 0.946 loading class org/openxmlformats/schemas/spreadsheetml/x2006/main/StyleSheetDocument$Factory done
Event: 0.946 loading class org/openxmlformats/schemas/spreadsheetml/x2006/main/StyleSheetDocument
Event: 0.946 loading class org/openxmlformats/schemas/spreadsheetml/x2006/main/StyleSheetDocument done
Event: 0.946 loading class org/openxmlformats/schemas/spreadsheetml/x2006/main/impl/StyleSheetDocumentImpl
Event: 0.946 loading class org/openxmlformats/schemas/spreadsheetml/x2006/main/impl/StyleSheetDocumentImpl done
Event: 0.948 loading class org/openxmlformats/schemas/spreadsheetml/x2006/main/impl/CTStylesheetImpl
Event: 0.948 loading class org/openxmlformats/schemas/spreadsheetml/x2006/main/impl/CTStylesheetImpl done
Event: 0.948 loading class org/openxmlformats/schemas/spreadsheetml/x2006/main/CTStylesheet
Event: 0.948 loading class org/openxmlformats/schemas/spreadsheetml/x2006/main/CTStylesheet done
Event: 0.949 loading class org/openxmlformats/schemas/spreadsheetml/x2006/main/CTFont$Factory
Event: 0.949 loading class org/openxmlformats/schemas/spreadsheetml/x2006/main/CTFont$Factory done
Event: 0.949 loading class org/openxmlformats/schemas/spreadsheetml/x2006/main/CTFont
Event: 0.949 loading class org/openxmlformats/schemas/spreadsheetml/x2006/main/CTFont done
Event: 0.951 loading class org/openxmlformats/schemas/spreadsheetml/x2006/main/impl/CTFontImpl
Event: 0.951 loading class org/openxmlformats/schemas/spreadsheetml/x2006/main/impl/CTFontImpl done
Event: 0.953 loading class org/apache/poi/xssf/usermodel/XSSFFont
Event: 0.953 loading class org/apache/poi/xssf/usermodel/XSSFFont done
Event: 0.954 loading class org/apache/poi/ss/usermodel/IndexedColors
Event: 0.954 loading class org/apache/poi/ss/usermodel/IndexedColors done
Event: 0.955 loading class org/openxmlformats/schemas/spreadsheetml/x2006/main/impl/CTFontSizeImpl
Event: 0.955 loading class org/openxmlformats/schemas/spreadsheetml/x2006/main/impl/CTFontSizeImpl done
Event: 0.955 loading class org/openxmlformats/schemas/spreadsheetml/x2006/main/CTFontSize
Event: 0.955 loading class org/openxmlformats/schemas/spreadsheetml/x2006/main/CTFontSize done
Event: 0.955 loading class org/apache/xmlbeans/impl/values/XmlDoubleImpl
Event: 0.955 loading class org/apache/xmlbeans/impl/values/XmlDoubleImpl done
Event: 0.955 loading class org/apache/xmlbeans/XmlDouble
Event: 0.955 loading class org/apache/xmlbeans/XmlDouble done
Event: 0.956 loading class org/apache/xmlbeans/impl/values/JavaDoubleHolder
Event: 0.956 loading class org/apache/xmlbeans/impl/values/JavaDoubleHolder done
Event: 0.957 loading class org/openxmlformats/schemas/spreadsheetml/x2006/main/impl/CTColorImpl
Event: 0.957 loading class org/openxmlformats/schemas/spreadsheetml/x2006/main/impl/CTColorImpl done
Event: 0.957 loading class org/openxmlformats/schemas/spreadsheetml/x2006/main/CTColor
Event: 0.957 loading class org/openxmlformats/schemas/spreadsheetml/x2006/main/CTColor done
Event: 0.959 loading class org/openxmlformats/schemas/spreadsheetml/x2006/main/impl/CTFontNameImpl
Event: 0.959 loading class org/openxmlformats/schemas/spreadsheetml/x2006/main/impl/CTFontNameImpl done
Event: 0.959 loading class org/openxmlformats/schemas/spreadsheetml/x2006/main/CTFontName
Event: 0.959 loading class org/openxmlformats/schemas/spreadsheetml/x2006/main/CTFontName done
Event: 0.959 loading class org/openxmlformats/schemas/spreadsheetml/x2006/main/impl/STXstringImpl
Event: 0.959 loading class org/openxmlformats/schemas/spreadsheetml/x2006/main/impl/STXstringImpl done
Event: 0.960 loading class org/openxmlformats/schemas/spreadsheetml/x2006/main/STXstring
Event: 0.960 loading class org/openxmlformats/schemas/spreadsheetml/x2006/main/STXstring done
Event: 0.960 loading class org/apache/xmlbeans/impl/values/JavaStringHolderEx
Event: 0.960 loading class org/apache/xmlbeans/impl/values/JavaStringHolderEx done
Event: 0.960 loading class org/apache/poi/ss/usermodel/FontFamily
Event: 0.960 loading class org/apache/poi/ss/usermodel/FontFamily done
Event: 0.961 loading class org/openxmlformats/schemas/spreadsheetml/x2006/main/impl/CTIntPropertyImpl
Event: 0.961 loading class org/openxmlformats/schemas/spreadsheetml/x2006/main/impl/CTIntPropertyImpl done
Event: 0.961 loading class org/openxmlformats/schemas/spreadsheetml/x2006/main/CTIntProperty
Event: 0.961 loading class org/openxmlformats/schemas/spreadsheetml/x2006/main/CTIntProperty done
Event: 0.962 loading class org/apache/xmlbeans/impl/values/XmlIntImpl
Event: 0.962 loading class org/apache/xmlbeans/impl/values/XmlIntImpl done
Event: 0.962 loading class org/apache/xmlbeans/XmlInt
Event: 0.962 loading class org/apache/xmlbeans/XmlInt done
Event: 0.962 loading class org/apache/xmlbeans/XmlLong
Event: 0.962 loading class org/apache/xmlbeans/XmlLong done
Event: 0.962 loading class org/apache/xmlbeans/impl/values/JavaIntHolder
Event: 0.962 loading class org/apache/xmlbeans/impl/values/JavaIntHolder done
Event: 0.963 loading class org/apache/poi/ss/usermodel/FontScheme
Event: 0.963 loading class org/apache/poi/ss/usermodel/FontScheme done
Event: 0.963 loading class org/openxmlformats/schemas/spreadsheetml/x2006/main/impl/CTFontSchemeImpl
Event: 0.963 loading class org/openxmlformats/schemas/spreadsheetml/x2006/main/impl/CTFontSchemeImpl done
Event: 0.963 loading class org/openxmlformats/schemas/spreadsheetml/x2006/main/CTFontScheme
Event: 0.963 loading class org/openxmlformats/schemas/spreadsheetml/x2006/main/CTFontScheme done
Event: 0.964 loading class org/openxmlformats/schemas/spreadsheetml/x2006/main/STFontScheme$Enum
Event: 0.964 loading class org/openxmlformats/schemas/spreadsheetml/x2006/main/STFontScheme$Enum done
Event: 0.964 loading class org/apache/xmlbeans/StringEnumAbstractBase$Table
Event: 0.964 loading class org/apache/xmlbeans/StringEnumAbstractBase$Table done
Event: 0.965 loading class org/apache/xmlbeans/SchemaStringEnumEntry
Event: 0.965 loading class org/apache/xmlbeans/SchemaStringEnumEntry done
Event: 0.965 loading class org/apache/xmlbeans/impl/schema/SchemaStringEnumEntryImpl
Event: 0.965 loading class org/apache/xmlbeans/impl/schema/SchemaStringEnumEntryImpl done
Event: 0.965 loading class org/openxmlformats/schemas/spreadsheetml/x2006/main/impl/STFontSchemeImpl
Event: 0.965 loading class org/openxmlformats/schemas/spreadsheetml/x2006/main/impl/STFontSchemeImpl done
Event: 0.965 loading class org/openxmlformats/schemas/spreadsheetml/x2006/main/STFontScheme
Event: 0.965 loading class org/openxmlformats/schemas/spreadsheetml/x2006/main/STFontScheme done
Event: 0.965 loading class org/apache/xmlbeans/impl/values/JavaStringEnumerationHolderEx
Event: 0.965 loading class org/apache/xmlbeans/impl/values/JavaStringEnumerationHolderEx done
Event: 0.966 loading class org/openxmlformats/schemas/spreadsheetml/x2006/main/CTFill
Event: 0.966 loading class org/openxmlformats/schemas/spreadsheetml/x2006/main/CTFill done
Event: 0.966 loading class org/openxmlformats/schemas/spreadsheetml/x2006/main/CTFill$Factory
Event: 0.966 loading class org/openxmlformats/schemas/spreadsheetml/x2006/main/CTFill$Factory done
Event: 0.967 loading class org/openxmlformats/schemas/spreadsheetml/x2006/main/impl/CTFillImpl
Event: 0.967 loading class org/openxmlformats/schemas/spreadsheetml/x2006/main/impl/CTFillImpl done
Event: 0.968 loading class org/openxmlformats/schemas/spreadsheetml/x2006/main/impl/CTPatternFillImpl
Event: 0.968 loading class org/openxmlformats/schemas/spreadsheetml/x2006/main/impl/CTPatternFillImpl done
Event: 0.968 loading class org/openxmlformats/schemas/spreadsheetml/x2006/main/CTPatternFill
Event: 0.968 loading class org/openxmlformats/schemas/spreadsheetml/x2006/main/CTPatternFill done
Event: 0.969 loading class org/openxmlformats/schemas/spreadsheetml/x2006/main/STPatternType$Enum
Event: 0.969 loading class org/openxmlformats/schemas/spreadsheetml/x2006/main/STPatternType$Enum done
Event: 0.969 loading class org/openxmlformats/schemas/spreadsheetml/x2006/main/STPatternType
Event: 0.969 loading class org/openxmlformats/schemas/spreadsheetml/x2006/main/STPatternType done
Event: 0.970 loading class org/openxmlformats/schemas/spreadsheetml/x2006/main/impl/STPatternTypeImpl
Event: 0.970 loading class org/openxmlformats/schemas/spreadsheetml/x2006/main/impl/STPatternTypeImpl done
Event: 0.970 loading class org/apache/poi/xssf/usermodel/extensions/XSSFCellFill
Event: 0.970 loading class org/apache/poi/xssf/usermodel/extensions/XSSFCellFill done
Event: 0.971 loading class org/openxmlformats/schemas/spreadsheetml/x2006/main/CTBorder$Factory
Event: 0.971 loading class org/openxmlformats/schemas/spreadsheetml/x2006/main/CTBorder$Factory done
Event: 0.971 loading class org/openxmlformats/schemas/spreadsheetml/x2006/main/CTBorder
Event: 0.971 loading class org/openxmlformats/schemas/spreadsheetml/x2006/main/CTBorder done
Event: 0.972 loading class org/openxmlformats/schemas/spreadsheetml/x2006/main/impl/CTBorderImpl
Event: 0.972 loading class org/openxmlformats/schemas/spreadsheetml/x2006/main/impl/CTBorderImpl done
Event: 0.973 loading class org/openxmlformats/schemas/spreadsheetml/x2006/main/impl/CTBorderPrImpl
Event: 0.973 loading class org/openxmlformats/schemas/spreadsheetml/x2006/main/impl/CTBorderPrImpl done
Event: 0.974 loading class org/openxmlformats/schemas/spreadsheetml/x2006/main/CTBorderPr
Event: 0.974 loading class org/openxmlformats/schemas/spreadsheetml/x2006/main/CTBorderPr done
Event: 0.974 loading class org/openxmlformats/schemas/spreadsheetml/x2006/main/STBorderStyle$Enum
Event: 0.974 loading class org/openxmlformats/schemas/spreadsheetml/x2006/main/STBorderStyle$Enum done
Event: 0.975 loading class org/apache/poi/xssf/usermodel/extensions/XSSFCellBorder
Event: 0.975 loading class org/apache/poi/xssf/usermodel/extensions/XSSFCellBorder done
Event: 0.975 loading class org/openxmlformats/schemas/spreadsheetml/x2006/main/CTXf$Factory
Event: 0.975 loading class org/openxmlformats/schemas/spreadsheetml/x2006/main/CTXf$Factory done
Event: 0.976 loading class org/openxmlformats/schemas/spreadsheetml/x2006/main/CTXf
Event: 0.976 loading class org/openxmlformats/schemas/spreadsheetml/x2006/main/CTXf done
Event: 0.977 loading class org/openxmlformats/schemas/spreadsheetml/x2006/main/impl/CTXfImpl
Event: 0.977 loading class org/openxmlformats/schemas/spreadsheetml/x2006/main/impl/CTXfImpl done
Event: 0.978 loading class org/openxmlformats/schemas/spreadsheetml/x2006/main/impl/STNumFmtIdImpl
Event: 0.978 loading class org/openxmlformats/schemas/spreadsheetml/x2006/main/impl/STNumFmtIdImpl done
Event: 0.979 loading class org/openxmlformats/schemas/spreadsheetml/x2006/main/STNumFmtId
Event: 0.979 loading class org/openxmlformats/schemas/spreadsheetml/x2006/main/STNumFmtId done
Event: 0.979 loading class org/openxmlformats/schemas/spreadsheetml/x2006/main/impl/STFontIdImpl
Event: 0.979 loading class org/openxmlformats/schemas/spreadsheetml/x2006/main/impl/STFontIdImpl done
Event: 0.979 loading class org/openxmlformats/schemas/spreadsheetml/x2006/main/STFontId
Event: 0.979 loading class org/openxmlformats/schemas/spreadsheetml/x2006/main/STFontId done
Event: 0.980 loading class org/openxmlformats/schemas/spreadsheetml/x2006/main/impl/STFillIdImpl
Event: 0.980 loading class org/openxmlformats/schemas/spreadsheetml/x2006/main/impl/STFillIdImpl done
Event: 0.980 loading class org/openxmlformats/schemas/spreadsheetml/x2006/main/STFillId
Event: 0.980 loading class org/openxmlformats/schemas/spreadsheetml/x2006/main/STFillId done
Event: 0.981 loading class org/openxmlformats/schemas/spreadsheetml/x2006/main/impl/STBorderIdImpl
Event: 0.981 loading class org/openxmlformats/schemas/spreadsheetml/x2006/main/impl/STBorderIdImpl done
Event: 0.981 loading class org/openxmlformats/schemas/spreadsheetml/x2006/main/STBorderId
Event: 0.981 loading class org/openxmlformats/schemas/spreadsheetml/x2006/main/STBorderId done
Event: 0.982 loading class org/openxmlformats/schemas/spreadsheetml/x2006/main/impl/STCellStyleXfIdImpl
Event: 0.982 loading class org/openxmlformats/schemas/spreadsheetml/x2006/main/impl/STCellStyleXfIdImpl done
Event: 0.982 loading class org/openxmlformats/schemas/spreadsheetml/x2006/main/STCellStyleXfId
Event: 0.982 loading class org/openxmlformats/schemas/spreadsheetml/x2006/main/STCellStyleXfId done
Event: 4.067 Executing VM operation: EnableBiasedLocking
Event: 4.067 Executing VM operation: EnableBiasedLocking done


Dynamic libraries:
5c0000000-615580000 rw-p 00000000 00:00 0 
615580000-715580000 ---p 00000000 00:00 0 
715580000-740000000 rw-p 00000000 00:00 0 
740000000-7c0000000 ---p 00000000 00:00 0 
7c0000000-7c0100000 rw-p 00000000 00:00 0 
7c0100000-800000000 ---p 00000000 00:00 0 
562eaa002000-562eab3c2000 r-xp 00000000 fd:00 2898952                    /usr/lib/rstudio-server/bin/rsession
562eab5c2000-562eab5ef000 r--p 013c0000 fd:00 2898952                    /usr/lib/rstudio-server/bin/rsession
562eab5ef000-562eab5f4000 rw-p 013ed000 fd:00 2898952                    /usr/lib/rstudio-server/bin/rsession
562eab5f4000-562eab605000 rw-p 00000000 00:00 0 
562eabe59000-562fa2548000 rw-p 00000000 00:00 0                          [heap]
7f8a6bf44000-7f8a6ff45000 rw-p 00000000 00:00 0 
7f8a78000000-7f8a78021000 rw-p 00000000 00:00 0 
7f8a78021000-7f8a7c000000 ---p 00000000 00:00 0 
7f8a80000000-7f8a80021000 rw-p 00000000 00:00 0 
7f8a80021000-7f8a84000000 ---p 00000000 00:00 0 
7f8a8730d000-7f8a8732b000 r-xp 00000000 fd:00 8542421                    /usr/lib64/libgssrpc.so.4.2
7f8a8732b000-7f8a8752b000 ---p 0001e000 fd:00 8542421                    /usr/lib64/libgssrpc.so.4.2
7f8a8752b000-7f8a8752c000 r--p 0001e000 fd:00 8542421                    /usr/lib64/libgssrpc.so.4.2
7f8a8752c000-7f8a8752d000 rw-p 0001f000 fd:00 8542421                    /usr/lib64/libgssrpc.so.4.2
7f8a8752d000-7f8a87548000 r-xp 00000000 fd:00 14709285                   /usr/lib64/gssproxy/proxymech.so
7f8a87548000-7f8a87748000 ---p 0001b000 fd:00 14709285                   /usr/lib64/gssproxy/proxymech.so
7f8a87748000-7f8a87749000 r--p 0001b000 fd:00 14709285                   /usr/lib64/gssproxy/proxymech.so
7f8a87749000-7f8a8774a000 rw-p 0001c000 fd:00 14709285                   /usr/lib64/gssproxy/proxymech.so
7f8a8774a000-7f8a8774b000 ---p 00000000 00:00 0 
7f8a8774b000-7f8a9bf50000 rw-p 00000000 00:00 0 
7f8a9bf50000-7f8a9bf5d000 r-xp 00000000 00:38 113254242                  /home/c242664/R/x86_64-pc-linux-gnu-library/4.0/RPostgreSQL/libs/RPostgreSQL.so
7f8a9bf5d000-7f8a9c15d000 ---p 0000d000 00:38 113254242                  /home/c242664/R/x86_64-pc-linux-gnu-library/4.0/RPostgreSQL/libs/RPostgreSQL.so
7f8a9c15d000-7f8a9c15e000 r--p 0000d000 00:38 113254242                  /home/c242664/R/x86_64-pc-linux-gnu-library/4.0/RPostgreSQL/libs/RPostgreSQL.so
7f8a9c15e000-7f8a9c15f000 rw-p 0000e000 00:38 113254242                  /home/c242664/R/x86_64-pc-linux-gnu-library/4.0/RPostgreSQL/libs/RPostgreSQL.so
7f8a9c15f000-7f8a9c162000 r-xp 00000000 fd:06 236259842                  /opt/R/R-4.0.3/lib64/R/library/zoo/libs/zoo.so
7f8a9c162000-7f8a9c362000 ---p 00003000 fd:06 236259842                  /opt/R/R-4.0.3/lib64/R/library/zoo/libs/zoo.so
7f8a9c362000-7f8a9c363000 r--p 00003000 fd:06 236259842                  /opt/R/R-4.0.3/lib64/R/library/zoo/libs/zoo.so
7f8a9c363000-7f8a9c364000 rw-p 00004000 fd:06 236259842                  /opt/R/R-4.0.3/lib64/R/library/zoo/libs/zoo.so
7f8a9c364000-7f8a9c3cb000 r-xp 00000000 00:38 123016702                  /home/c242664/R/x86_64-pc-linux-gnu-library/4.0/reticulate/libs/reticulate.so
7f8a9c3cb000-7f8a9c5cb000 ---p 00067000 00:38 123016702                  /home/c242664/R/x86_64-pc-linux-gnu-library/4.0/reticulate/libs/reticulate.so
7f8a9c5cb000-7f8a9c5cd000 r--p 00067000 00:38 123016702                  /home/c242664/R/x86_64-pc-linux-gnu-library/4.0/reticulate/libs/reticulate.so
7f8a9c5cd000-7f8a9c5ce000 rw-p 00069000 00:38 123016702                  /home/c242664/R/x86_64-pc-linux-gnu-library/4.0/reticulate/libs/reticulate.so
7f8a9c5ce000-7f8a9c5d0000 rw-p 00000000 00:00 0 
7f8a9c5d0000-7f8a9c5f9000 r-xp 00000000 fd:00 8800390                    /usr/lib64/libpng15.so.15.13.0
7f8a9c5f9000-7f8a9c7f9000 ---p 00029000 fd:00 8800390                    /usr/lib64/libpng15.so.15.13.0
7f8a9c7f9000-7f8a9c7fa000 r--p 00029000 fd:00 8800390                    /usr/lib64/libpng15.so.15.13.0
7f8a9c7fa000-7f8a9c7fb000 rw-p 0002a000 fd:00 8800390                    /usr/lib64/libpng15.so.15.13.0
7f8a9c7fb000-7f8a9c800000 r-xp 00000000 fd:06 311105557                  /opt/R/R-4.0.3/lib64/R/library/png/libs/png.so
7f8a9c800000-7f8a9c9ff000 ---p 00005000 fd:06 311105557                  /opt/R/R-4.0.3/lib64/R/library/png/libs/png.so
7f8a9c9ff000-7f8a9ca00000 r--p 00004000 fd:06 311105557                  /opt/R/R-4.0.3/lib64/R/library/png/libs/png.so
7f8a9ca00000-7f8a9ca01000 rw-p 00005000 fd:06 311105557                  /opt/R/R-4.0.3/lib64/R/library/png/libs/png.so
7f8a9ca01000-7f8a9ca03000 r-xp 00000000 fd:00 17470509                   /usr/lib64/gconv/ISO8859-1.so
7f8a9ca03000-7f8a9cc02000 ---p 00002000 fd:00 17470509                   /usr/lib64/gconv/ISO8859-1.so
7f8a9cc02000-7f8a9cc03000 r--p 00001000 fd:00 17470509                   /usr/lib64/gconv/ISO8859-1.so
7f8a9cc03000-7f8a9cc04000 rw-p 00002000 fd:00 17470509                   /usr/lib64/gconv/ISO8859-1.so
7f8a9cc04000-7f8a9e5a9000 r--s 00000000 fd:06 2020310                    /opt/R/R-4.0.3/lib64/R/library/stringi/libs/icudt61l.dat
7f8a9e5a9000-7f8a9ea9a000 r-xp 00000000 fd:06 2020311                    /opt/R/R-4.0.3/lib64/R/library/stringi/libs/stringi.so
7f8a9ea9a000-7f8a9ec99000 ---p 004f1000 fd:06 2020311                    /opt/R/R-4.0.3/lib64/R/library/stringi/libs/stringi.so
7f8a9ec99000-7f8a9ecbb000 r--p 004f0000 fd:06 2020311                    /opt/R/R-4.0.3/lib64/R/library/stringi/libs/stringi.so
7f8a9ecbb000-7f8a9ecc6000 rw-p 00512000 fd:06 2020311                    /opt/R/R-4.0.3/lib64/R/library/stringi/libs/stringi.so
7f8a9ecc6000-7f8a9ecc8000 rw-p 00000000 00:00 0 
7f8a9ecc8000-7f8a9ee26000 r-xp 00000000 fd:00 8838703                    /usr/lib64/libxml2.so.2.9.1
7f8a9ee26000-7f8a9f026000 ---p 0015e000 fd:00 8838703                    /usr/lib64/libxml2.so.2.9.1
7f8a9f026000-7f8a9f02e000 r--p 0015e000 fd:00 8838703                    /usr/lib64/libxml2.so.2.9.1
7f8a9f02e000-7f8a9f030000 rw-p 00166000 fd:00 8838703                    /usr/lib64/libxml2.so.2.9.1
7f8a9f030000-7f8a9f032000 rw-p 00000000 00:00 0 
7f8a9f032000-7f8a9f056000 r-xp 00000000 fd:06 130156041                  /opt/R/R-4.0.3/lib64/R/library/xml2/libs/xml2.so
7f8a9f056000-7f8a9f256000 ---p 00024000 fd:06 130156041                  /opt/R/R-4.0.3/lib64/R/library/xml2/libs/xml2.so
7f8a9f256000-7f8a9f257000 r--p 00024000 fd:06 130156041                  /opt/R/R-4.0.3/lib64/R/library/xml2/libs/xml2.so
7f8a9f257000-7f8a9f258000 rw-p 00025000 fd:06 130156041                  /opt/R/R-4.0.3/lib64/R/library/xml2/libs/xml2.so
7f8a9f258000-7f8a9f30f000 r-xp 00000000 fd:06 149383215                  /opt/R/R-4.0.3/lib64/R/library/readr/libs/readr.so
7f8a9f30f000-7f8a9f50e000 ---p 000b7000 fd:06 149383215                  /opt/R/R-4.0.3/lib64/R/library/readr/libs/readr.so
7f8a9f50e000-7f8a9f511000 r--p 000b6000 fd:06 149383215                  /opt/R/R-4.0.3/lib64/R/library/readr/libs/readr.so
7f8a9f511000-7f8a9f512000 rw-p 000b9000 fd:06 149383215                  /opt/R/R-4.0.3/lib64/R/library/readr/libs/readr.so
7f8a9f512000-7f8a9f517000 rw-p 00000000 00:00 0 
7f8a9f517000-7f8a9f55f000 r-xp 00000000 00:38 51683623                   /home/c242664/R/x86_64-pc-linux-gnu-library/4.0/lubridate/libs/lubridate.so
7f8a9f55f000-7f8a9f75e000 ---p 00048000 00:38 51683623                   /home/c242664/R/x86_64-pc-linux-gnu-library/4.0/lubridate/libs/lubridate.so
7f8a9f75e000-7f8a9f75f000 r--p 00047000 00:38 51683623                   /home/c242664/R/x86_64-pc-linux-gnu-library/4.0/lubridate/libs/lubridate.so
7f8a9f75f000-7f8a9f760000 rw-p 00048000 00:38 51683623                   /home/c242664/R/x86_64-pc-linux-gnu-library/4.0/lubridate/libs/lubridate.so
7f8a9f760000-7f8a9f76e000 r-xp 00000000 00:38 122835462                  /home/c242664/R/x86_64-pc-linux-gnu-library/4.0/jsonlite/libs/jsonlite.so
7f8a9f76e000-7f8a9f96e000 ---p 0000e000 00:38 122835462                  /home/c242664/R/x86_64-pc-linux-gnu-library/4.0/jsonlite/libs/jsonlite.so
7f8a9f96e000-7f8a9f96f000 r--p 0000e000 00:38 122835462                  /home/c242664/R/x86_64-pc-linux-gnu-library/4.0/jsonlite/libs/jsonlite.so
7f8a9f96f000-7f8a9f970000 rw-p 0000f000 00:38 122835462                  /home/c242664/R/x86_64-pc-linux-gnu-library/4.0/jsonlite/libs/jsonlite.so
7f8a9f970000-7f8a9f9ed000 r-xp 00000000 00:38 29491021                   /home/c242664/R/x86_64-pc-linux-gnu-library/4.0/haven/libs/haven.so
7f8a9f9ed000-7f8a9fbed000 ---p 0007d000 00:38 29491021                   /home/c242664/R/x86_64-pc-linux-gnu-library/4.0/haven/libs/haven.so
7f8a9fbed000-7f8a9fbee000 r--p 0007d000 00:38 29491021                   /home/c242664/R/x86_64-pc-linux-gnu-library/4.0/haven/libs/haven.so
7f8a9fbee000-7f8a9fbf1000 rw-p 0007e000 00:38 29491021                   /home/c242664/R/x86_64-pc-linux-gnu-library/4.0/haven/libs/haven.so
7f8a9fbf1000-7f8a9fbf2000 rw-p 00000000 00:00 0 
7f8a9fbf2000-7f8a9fbfd000 r-xp 00000000 fd:06 265313706                  /opt/R/R-4.0.3/lib64/R/library/colorspace/libs/colorspace.so
7f8a9fbfd000-7f8a9fdfc000 ---p 0000b000 fd:06 265313706                  /opt/R/R-4.0.3/lib64/R/library/colorspace/libs/colorspace.so
7f8a9fdfc000-7f8a9fdfd000 r--p 0000a000 fd:06 265313706                  /opt/R/R-4.0.3/lib64/R/library/colorspace/libs/colorspace.so
7f8a9fdfd000-7f8a9fdfe000 rw-p 0000b000 fd:06 265313706                  /opt/R/R-4.0.3/lib64/R/library/colorspace/libs/colorspace.so
7f8a9fdfe000-7f8a9fdff000 r-xp 00000000 fd:06 138064915                  /opt/R/R-4.0.3/lib64/R/library/backports/libs/backports.so
7f8a9fdff000-7f8a9fffe000 ---p 00001000 fd:06 138064915                  /opt/R/R-4.0.3/lib64/R/library/backports/libs/backports.so
7f8a9fffe000-7f8a9ffff000 r--p 00000000 fd:06 138064915                  /opt/R/R-4.0.3/lib64/R/library/backports/libs/backports.so
7f8a9ffff000-7f8aa0000000 rw-p 00001000 fd:06 138064915                  /opt/R/R-4.0.3/lib64/R/library/backports/libs/backports.so
7f8aa0000000-7f8aa0021000 rw-p 00000000 00:00 0 
7f8aa0021000-7f8aa4000000 ---p 00000000 00:00 0 
7f8aa4000000-7f8aa4021000 rw-p 00000000 00:00 0 
7f8aa4021000-7f8aa8000000 ---p 00000000 00:00 0 
7f8aa8000000-7f8aa814c000 rw-p 00000000 00:00 0 
7f8aa814c000-7f8aac000000 ---p 00000000 00:00 0 
7f8aac000000-7f8aac06e000 rw-p 00000000 00:00 0 
7f8aac06e000-7f8ab0000000 ---p 00000000 00:00 0 
7f8ab0000000-7f8ab0070000 rw-p 00000000 00:00 0 
7f8ab0070000-7f8ab4000000 ---p 00000000 00:00 0 
7f8ab4000000-7f8ab4125000 rw-p 00000000 00:00 0 
7f8ab4125000-7f8ab8000000 ---p 00000000 00:00 0 
7f8ab8000000-7f8ab80de000 rw-p 00000000 00:00 0 
7f8ab80de000-7f8abc000000 ---p 00000000 00:00 0 
7f8abc000000-7f8abc078000 rw-p 00000000 00:00 0 
7f8abc078000-7f8ac0000000 ---p 00000000 00:00 0 
7f8ac0000000-7f8ac0070000 rw-p 00000000 00:00 0 
7f8ac0070000-7f8ac4000000 ---p 00000000 00:00 0 
7f8ac4000000-7f8ac41fe000 rw-p 00000000 00:00 0 
7f8ac41fe000-7f8ac8000000 ---p 00000000 00:00 0 
7f8ac8000000-7f8ac80a1000 rw-p 00000000 00:00 0 
7f8ac80a1000-7f8acc000000 ---p 00000000 00:00 0 
7f8acc000000-7f8acc0bf000 rw-p 00000000 00:00 0 
7f8acc0bf000-7f8ad0000000 ---p 00000000 00:00 0 
7f8ad0000000-7f8ad00bf000 rw-p 00000000 00:00 0 
7f8ad00bf000-7f8ad4000000 ---p 00000000 00:00 0 
7f8ad4000000-7f8ad4078000 rw-p 00000000 00:00 0 
7f8ad4078000-7f8ad8000000 ---p 00000000 00:00 0 
7f8ad8000000-7f8ad8021000 rw-p 00000000 00:00 0 
7f8ad8021000-7f8adc000000 ---p 00000000 00:00 0 
7f8adc000000-7f8adc021000 rw-p 00000000 00:00 0 
7f8adc021000-7f8ae0000000 ---p 00000000 00:00 0 
7f8ae0000000-7f8ae0021000 rw-p 00000000 00:00 0 
7f8ae0021000-7f8ae4000000 ---p 00000000 00:00 0 
7f8ae4000000-7f8ae4021000 rw-p 00000000 00:00 0 
7f8ae4021000-7f8ae8000000 ---p 00000000 00:00 0 
7f8ae8000000-7f8af8000000 rw-p 00000000 00:00 0 
7f8af8000000-7f8af8021000 rw-p 00000000 00:00 0 
7f8af8021000-7f8afc000000 ---p 00000000 00:00 0 
7f8afc000000-7f8afc021000 rw-p 00000000 00:00 0 
7f8afc021000-7f8b00000000 ---p 00000000 00:00 0 
7f8b00000000-7f8b00021000 rw-p 00000000 00:00 0 
7f8b00021000-7f8b04000000 ---p 00000000 00:00 0 
7f8b04000000-7f8b04021000 rw-p 00000000 00:00 0 
7f8b04021000-7f8b08000000 ---p 00000000 00:00 0 
7f8b08000000-7f8b08021000 rw-p 00000000 00:00 0 
7f8b08021000-7f8b0c000000 ---p 00000000 00:00 0 
7f8b0c000000-7f8b0c021000 rw-p 00000000 00:00 0 
7f8b0c021000-7f8b10000000 ---p 00000000 00:00 0 
7f8b10000000-7f8b10021000 rw-p 00000000 00:00 0 
7f8b10021000-7f8b14000000 ---p 00000000 00:00 0 
7f8b14000000-7f8b14021000 rw-p 00000000 00:00 0 
7f8b14021000-7f8b18000000 ---p 00000000 00:00 0 
7f8b18000000-7f8b18021000 rw-p 00000000 00:00 0 
7f8b18021000-7f8b1c000000 ---p 00000000 00:00 0 
7f8b1c000000-7f8b1c021000 rw-p 00000000 00:00 0 
7f8b1c021000-7f8b20000000 ---p 00000000 00:00 0 
7f8b20000000-7f8b20021000 rw-p 00000000 00:00 0 
7f8b20021000-7f8b24000000 ---p 00000000 00:00 0 
7f8b24000000-7f8b24021000 rw-p 00000000 00:00 0 
7f8b24021000-7f8b28000000 ---p 00000000 00:00 0 
7f8b28000000-7f8b28021000 rw-p 00000000 00:00 0 
7f8b28021000-7f8b2c000000 ---p 00000000 00:00 0 
7f8b2c000000-7f8b2c021000 rw-p 00000000 00:00 0 
7f8b2c021000-7f8b30000000 ---p 00000000 00:00 0 
7f8b30000000-7f8b30021000 rw-p 00000000 00:00 0 
7f8b30021000-7f8b34000000 ---p 00000000 00:00 0 
7f8b34000000-7f8b34021000 rw-p 00000000 00:00 0 
7f8b34021000-7f8b38000000 ---p 00000000 00:00 0 
7f8b38000000-7f8b38021000 rw-p 00000000 00:00 0 
7f8b38021000-7f8b3c000000 ---p 00000000 00:00 0 
7f8b3c000000-7f8b3c021000 rw-p 00000000 00:00 0 
7f8b3c021000-7f8b40000000 ---p 00000000 00:00 0 
7f8b4015e000-7f8b4018d000 r-xp 00000000 00:38 122363532                  /home/c242664/R/x86_64-pc-linux-gnu-library/4.0/tidyr/libs/tidyr.so
7f8b4018d000-7f8b4038d000 ---p 0002f000 00:38 122363532                  /home/c242664/R/x86_64-pc-linux-gnu-library/4.0/tidyr/libs/tidyr.so
7f8b4038d000-7f8b4038e000 r--p 0002f000 00:38 122363532                  /home/c242664/R/x86_64-pc-linux-gnu-library/4.0/tidyr/libs/tidyr.so
7f8b4038e000-7f8b4038f000 rw-p 00030000 00:38 122363532                  /home/c242664/R/x86_64-pc-linux-gnu-library/4.0/tidyr/libs/tidyr.so
7f8b4038f000-7f8b403cf000 r-xp 00000000 fd:06 167950895                  /opt/R/R-4.0.3/lib64/R/library/fs/libs/fs.so
7f8b403cf000-7f8b405cf000 ---p 00040000 fd:06 167950895                  /opt/R/R-4.0.3/lib64/R/library/fs/libs/fs.so
7f8b405cf000-7f8b405d0000 r--p 00040000 fd:06 167950895                  /opt/R/R-4.0.3/lib64/R/library/fs/libs/fs.so
7f8b405d0000-7f8b405d1000 rw-p 00041000 fd:06 167950895                  /opt/R/R-4.0.3/lib64/R/library/fs/libs/fs.so
7f8b405d1000-7f8b405d2000 rw-p 00000000 00:00 0 
7f8b405d2000-7f8b40631000 r-xp 00000000 fd:06 183756850                  /opt/R/R-4.0.3/lib64/R/library/readxl/libs/readxl.so
7f8b40631000-7f8b40830000 ---p 0005f000 fd:06 183756850                  /opt/R/R-4.0.3/lib64/R/library/readxl/libs/readxl.so
7f8b40830000-7f8b40831000 r--p 0005e000 fd:06 183756850                  /opt/R/R-4.0.3/lib64/R/library/readxl/libs/readxl.so
7f8b40831000-7f8b40833000 rw-p 0005f000 fd:06 183756850                  /opt/R/R-4.0.3/lib64/R/library/readxl/libs/readxl.so
7f8b40833000-7f8b40834000 rw-p 00000000 00:00 0 
7f8b40834000-7f8b4084c000 r-xp 00000000 fd:00 4434959                    /usr/lib/jvm/java-1.8.0-openjdk-1.8.0.322.b06-1.el7_9.x86_64/jre/lib/amd64/libnet.so
7f8b4084c000-7f8b40a4b000 ---p 00018000 fd:00 4434959                    /usr/lib/jvm/java-1.8.0-openjdk-1.8.0.322.b06-1.el7_9.x86_64/jre/lib/amd64/libnet.so
7f8b40a4b000-7f8b40a4c000 r--p 00017000 fd:00 4434959                    /usr/lib/jvm/java-1.8.0-openjdk-1.8.0.322.b06-1.el7_9.x86_64/jre/lib/amd64/libnet.so
7f8b40a4c000-7f8b40a4d000 rw-p 00018000 fd:00 4434959                    /usr/lib/jvm/java-1.8.0-openjdk-1.8.0.322.b06-1.el7_9.x86_64/jre/lib/amd64/libnet.so
7f8b40a4d000-7f8b40a5f000 r-xp 00000000 fd:00 4434960                    /usr/lib/jvm/java-1.8.0-openjdk-1.8.0.322.b06-1.el7_9.x86_64/jre/lib/amd64/libnio.so
7f8b40a5f000-7f8b40c5e000 ---p 00012000 fd:00 4434960                    /usr/lib/jvm/java-1.8.0-openjdk-1.8.0.322.b06-1.el7_9.x86_64/jre/lib/amd64/libnio.so
7f8b40c5e000-7f8b40c5f000 r--p 00011000 fd:00 4434960                    /usr/lib/jvm/java-1.8.0-openjdk-1.8.0.322.b06-1.el7_9.x86_64/jre/lib/amd64/libnio.so
7f8b40c5f000-7f8b40c60000 rw-p 00012000 fd:00 4434960                    /usr/lib/jvm/java-1.8.0-openjdk-1.8.0.322.b06-1.el7_9.x86_64/jre/lib/amd64/libnio.so
7f8b40c60000-7f8b40c61000 ---p 00000000 00:00 0 
7f8b40c61000-7f8b40d61000 rw-p 00000000 00:00 0 
7f8b40d61000-7f8b40d64000 ---p 00000000 00:00 0 
7f8b40d64000-7f8b40f62000 rw-p 00000000 00:00 0 
7f8b40f62000-7f8b40f66000 ---p 00000000 00:00 0 
7f8b40f66000-7f8b41063000 rw-p 00000000 00:00 0 
7f8b41063000-7f8b41067000 ---p 00000000 00:00 0 
7f8b41067000-7f8b41164000 rw-p 00000000 00:00 0 
7f8b41164000-7f8b41168000 ---p 00000000 00:00 0 
7f8b41168000-7f8b41265000 rw-p 00000000 00:00 0 
7f8b41265000-7f8b41269000 ---p 00000000 00:00 0 
7f8b41269000-7f8b41366000 rw-p 00000000 00:00 0 
7f8b41366000-7f8b4136a000 ---p 00000000 00:00 0 
7f8b4136a000-7f8b41467000 rw-p 00000000 00:00 0 
7f8b41467000-7f8b4146b000 ---p 00000000 00:00 0 
7f8b4146b000-7f8b41568000 rw-p 00000000 00:00 0 
7f8b41568000-7f8b4156c000 ---p 00000000 00:00 0 
7f8b4156c000-7f8b41669000 rw-p 00000000 00:00 0 
7f8b41669000-7f8b4166d000 ---p 00000000 00:00 0 
7f8b4166d000-7f8b4176a000 rw-p 00000000 00:00 0 
7f8b4176a000-7f8b4176e000 ---p 00000000 00:00 0 
7f8b4176e000-7f8b4186b000 rw-p 00000000 00:00 0 
7f8b4186b000-7f8b4186f000 ---p 00000000 00:00 0 
7f8b4186f000-7f8b4196c000 rw-p 00000000 00:00 0 
7f8b4196c000-7f8b41970000 ---p 00000000 00:00 0 
7f8b41970000-7f8b41a6d000 rw-p 00000000 00:00 0 
7f8b41a6d000-7f8b41a71000 ---p 00000000 00:00 0 
7f8b41a71000-7f8b41b6e000 rw-p 00000000 00:00 0 
7f8b41b6e000-7f8b41b71000 ---p 00000000 00:00 0 
7f8b41b71000-7f8b41d6f000 rw-p 00000000 00:00 0 
7f8b41d6f000-7f8b41d72000 ---p 00000000 00:00 0 
7f8b41d72000-7f8b41f70000 rw-p 00000000 00:00 0 
7f8b41f70000-7f8b41f73000 ---p 00000000 00:00 0 
7f8b41f73000-7f8b42171000 rw-p 00000000 00:00 0 
7f8b42171000-7f8b42172000 ---p 00000000 00:00 0 
7f8b42172000-7f8b42272000 rw-p 00000000 00:00 0 
7f8b42272000-7f8b42444000 r--s 044a8000 fd:00 3146857                    /usr/lib/jvm/java-1.8.0-openjdk-1.8.0.322.b06-1.el7_9.x86_64/jre/lib/rt.jar
7f8b42444000-7f8b42b44000 rw-p 00000000 00:00 0 
7f8b42b44000-7f8b42c44000 ---p 00000000 00:00 0 
7f8b42c44000-7f8b43c44000 rw-p 00000000 00:00 0 
7f8b43c44000-7f8b43c45000 ---p 00000000 00:00 0 
7f8b43c45000-7f8b43d45000 rw-p 00000000 00:00 0 
7f8b43d45000-7f8b43d46000 ---p 00000000 00:00 0 
7f8b43d46000-7f8b43e46000 rw-p 00000000 00:00 0 
7f8b43e46000-7f8b43e47000 ---p 00000000 00:00 0 
7f8b43e47000-7f8b43f47000 rw-p 00000000 00:00 0 
7f8b43f47000-7f8b43f48000 ---p 00000000 00:00 0 
7f8b43f48000-7f8b44048000 rw-p 00000000 00:00 0 
7f8b44048000-7f8b44049000 ---p 00000000 00:00 0 
7f8b44049000-7f8b44149000 rw-p 00000000 00:00 0 
7f8b44149000-7f8b4414a000 ---p 00000000 00:00 0 
7f8b4414a000-7f8b4424a000 rw-p 00000000 00:00 0 
7f8b4424a000-7f8b4424b000 ---p 00000000 00:00 0 
7f8b4424b000-7f8b4434b000 rw-p 00000000 00:00 0 
7f8b4434b000-7f8b4434c000 ---p 00000000 00:00 0 
7f8b4434c000-7f8b4444c000 rw-p 00000000 00:00 0 
7f8b4444c000-7f8b4444d000 ---p 00000000 00:00 0 
7f8b4444d000-7f8b4454d000 rw-p 00000000 00:00 0 
7f8b4454d000-7f8b4454e000 ---p 00000000 00:00 0 
7f8b4454e000-7f8b4464e000 rw-p 00000000 00:00 0 
7f8b4464e000-7f8b4464f000 ---p 00000000 00:00 0 
7f8b4464f000-7f8b4474f000 rw-p 00000000 00:00 0 
7f8b4474f000-7f8b44750000 ---p 00000000 00:00 0 
7f8b44750000-7f8b44850000 rw-p 00000000 00:00 0 
7f8b44850000-7f8b44851000 ---p 00000000 00:00 0 
7f8b44851000-7f8b44951000 rw-p 00000000 00:00 0 
7f8b44951000-7f8b44952000 ---p 00000000 00:00 0 
7f8b44952000-7f8b44cfd000 rw-p 00000000 00:00 0 
7f8b44cfd000-7f8b454fd000 ---p 00000000 00:00 0 
7f8b454fd000-7f8b457a8000 rw-p 00000000 00:00 0 
7f8b457a8000-7f8b45fa7000 ---p 00000000 00:00 0 
7f8b45fa7000-7f8b460fd000 rw-p 00000000 00:00 0 
7f8b460fd000-7f8b464fd000 ---p 00000000 00:00 0 
7f8b464fd000-7f8b464fe000 rw-p 00000000 00:00 0 
7f8b464fe000-7f8b4694e000 rwxp 00000000 00:00 0 
7f8b4694e000-7f8b554fe000 ---p 00000000 00:00 0 
7f8b554fe000-7f8c0c000000 rw-p 00000000 00:00 0 
7f8c0c000000-7f8c0c7d6000 rw-p 00000000 00:00 0 
7f8c0c7d6000-7f8c10000000 ---p 00000000 00:00 0 
7f8c100cb000-7f8c100cc000 ---p 00000000 00:00 0 
7f8c100cc000-7f8c101cc000 rw-p 00000000 00:00 0 
7f8c101cc000-7f8c101cd000 ---p 00000000 00:00 0 
7f8c101cd000-7f8c102cd000 rw-p 00000000 00:00 0 
7f8c102cd000-7f8c102ce000 ---p 00000000 00:00 0 
7f8c102ce000-7f8c103e0000 rw-p 00000000 00:00 0 
7f8c103e0000-7f8c1078e000 ---p 00000000 00:00 0 
7f8c1078e000-7f8c6c55f000 rw-p 00000000 00:00 0 
7f8c6c65a000-7f8c75d8c000 rw-p 00000000 00:00 0 
7f8c75deb000-7f8c75e83000 r--s 00420000 fd:06 122282555                  /opt/R/R-4.0.3/lib64/R/library/xlsxjars/java/poi-ooxml-schemas-3.10.1-20140818.jar
7f8c75e83000-7f8c75e8b000 r-xp 00000000 fd:00 4434967                    /usr/lib/jvm/java-1.8.0-openjdk-1.8.0.322.b06-1.el7_9.x86_64/jre/lib/amd64/libzip.so
7f8c75e8b000-7f8c7608a000 ---p 00008000 fd:00 4434967                    /usr/lib/jvm/java-1.8.0-openjdk-1.8.0.322.b06-1.el7_9.x86_64/jre/lib/amd64/libzip.so
7f8c7608a000-7f8c7608b000 r--p 00007000 fd:00 4434967                    /usr/lib/jvm/java-1.8.0-openjdk-1.8.0.322.b06-1.el7_9.x86_64/jre/lib/amd64/libzip.so
7f8c7608b000-7f8c7608c000 rw-p 00008000 fd:00 4434967                    /usr/lib/jvm/java-1.8.0-openjdk-1.8.0.322.b06-1.el7_9.x86_64/jre/lib/amd64/libzip.so
7f8c7608c000-7f8c760b6000 r-xp 00000000 fd:00 4434949                    /usr/lib/jvm/java-1.8.0-openjdk-1.8.0.322.b06-1.el7_9.x86_64/jre/lib/amd64/libjava.so
7f8c760b6000-7f8c762b5000 ---p 0002a000 fd:00 4434949                    /usr/lib/jvm/java-1.8.0-openjdk-1.8.0.322.b06-1.el7_9.x86_64/jre/lib/amd64/libjava.so
7f8c762b5000-7f8c762b6000 r--p 00029000 fd:00 4434949                    /usr/lib/jvm/java-1.8.0-openjdk-1.8.0.322.b06-1.el7_9.x86_64/jre/lib/amd64/libjava.so
7f8c762b6000-7f8c762b8000 rw-p 0002a000 fd:00 4434949                    /usr/lib/jvm/java-1.8.0-openjdk-1.8.0.322.b06-1.el7_9.x86_64/jre/lib/amd64/libjava.so
7f8c762b8000-7f8c77055000 r-xp 00000000 fd:00 10542641                   /usr/lib/jvm/java-1.8.0-openjdk-1.8.0.322.b06-1.el7_9.x86_64/jre/lib/amd64/server/libjvm.so
7f8c77055000-7f8c77254000 ---p 00d9d000 fd:00 10542641                   /usr/lib/jvm/java-1.8.0-openjdk-1.8.0.322.b06-1.el7_9.x86_64/jre/lib/amd64/server/libjvm.so
7f8c77254000-7f8c77302000 r--p 00d9c000 fd:00 10542641                   /usr/lib/jvm/java-1.8.0-openjdk-1.8.0.322.b06-1.el7_9.x86_64/jre/lib/amd64/server/libjvm.so
7f8c77302000-7f8c7732d000 rw-p 00e4a000 fd:00 10542641                   /usr/lib/jvm/java-1.8.0-openjdk-1.8.0.322.b06-1.el7_9.x86_64/jre/lib/amd64/server/libjvm.so
7f8c7732d000-7f8d324f4000 rw-p 00000000 00:00 0 
7f8d3253a000-7f8d3253b000 ---p 00000000 00:00 0 
7f8d3253b000-7f8d3263b000 rw-p 00000000 00:00 0 
7f8d3263b000-7f8d32648000 r-xp 00000000 fd:00 4434966                    /usr/lib/jvm/java-1.8.0-openjdk-1.8.0.322.b06-1.el7_9.x86_64/jre/lib/amd64/libverify.so
7f8d32648000-7f8d32847000 ---p 0000d000 fd:00 4434966                    /usr/lib/jvm/java-1.8.0-openjdk-1.8.0.322.b06-1.el7_9.x86_64/jre/lib/amd64/libverify.so
7f8d32847000-7f8d32849000 r--p 0000c000 fd:00 4434966                    /usr/lib/jvm/java-1.8.0-openjdk-1.8.0.322.b06-1.el7_9.x86_64/jre/lib/amd64/libverify.so
7f8d32849000-7f8d3284a000 rw-p 0000e000 fd:00 4434966                    /usr/lib/jvm/java-1.8.0-openjdk-1.8.0.322.b06-1.el7_9.x86_64/jre/lib/amd64/libverify.so
7f8d3284a000-7f8d3285a000 r-xp 00000000 fd:06 51725842                   /opt/R/R-4.0.3/lib64/R/library/rJava/libs/rJava.so
7f8d3285a000-7f8d32a59000 ---p 00010000 fd:06 51725842                   /opt/R/R-4.0.3/lib64/R/library/rJava/libs/rJava.so
7f8d32a59000-7f8d32a5a000 r--p 0000f000 fd:06 51725842                   /opt/R/R-4.0.3/lib64/R/library/rJava/libs/rJava.so
7f8d32a5a000-7f8d32a5b000 rw-p 00010000 fd:06 51725842                   /opt/R/R-4.0.3/lib64/R/library/rJava/libs/rJava.so
7f8d32a5b000-7f8d32a5c000 r-xp 00000000 fd:06 124833190                  /opt/R/R-4.0.3/lib64/R/library/gtools/libs/gtools.so
7f8d32a5c000-7f8d32c5c000 ---p 00001000 fd:06 124833190                  /opt/R/R-4.0.3/lib64/R/library/gtools/libs/gtools.so
7f8d32c5c000-7f8d32c5d000 r--p 00001000 fd:06 124833190                  /opt/R/R-4.0.3/lib64/R/library/gtools/libs/gtools.so
7f8d32c5d000-7f8d32c5e000 rw-p 00002000 fd:06 124833190                  /opt/R/R-4.0.3/lib64/R/library/gtools/libs/gtools.so
7f8d32c5e000-7f8d32c7c000 r-xp 00000000 fd:06 297541135                  /opt/R/R-4.0.3/lib64/R/library/plyr/libs/plyr.so
7f8d32c7c000-7f8d32e7c000 ---p 0001e000 fd:06 297541135                  /opt/R/R-4.0.3/lib64/R/library/plyr/libs/plyr.so
7f8d32e7c000-7f8d32e7d000 r--p 0001e000 fd:06 297541135                  /opt/R/R-4.0.3/lib64/R/library/plyr/libs/plyr.so
7f8d32e7d000-7f8d32e7e000 rw-p 0001f000 fd:06 297541135                  /opt/R/R-4.0.3/lib64/R/library/plyr/libs/plyr.so
7f8d32e7e000-7f8d32eec000 r-xp 00000000 fd:06 26067497                   /opt/R/R-4.0.3/lib64/R/library/Rcpp/libs/Rcpp.so
7f8d32eec000-7f8d330eb000 ---p 0006e000 fd:06 26067497                   /opt/R/R-4.0.3/lib64/R/library/Rcpp/libs/Rcpp.so
7f8d330eb000-7f8d330ed000 r--p 0006d000 fd:06 26067497                   /opt/R/R-4.0.3/lib64/R/library/Rcpp/libs/Rcpp.so
7f8d330ed000-7f8d330ef000 rw-p 0006f000 fd:06 26067497                   /opt/R/R-4.0.3/lib64/R/library/Rcpp/libs/Rcpp.so
7f8d330ef000-7f8de05fe000 rw-p 00000000 00:00 0 
7f8de05fe000-7f8de05ff000 ---p 00000000 00:00 0 
7f8de05ff000-7f8de0dff000 rw-p 00000000 00:00 0 
7f8de0dff000-7f8de0e00000 ---p 00000000 00:00 0 
7f8de0e00000-7f8de1600000 rw-p 00000000 00:00 0 
7f8de1600000-7f8de1615000 r-xp 00000000 fd:06 257058842                  /opt/R/R-4.0.3/lib64/R/library/tools/libs/tools.so
7f8de1615000-7f8de1815000 ---p 00015000 fd:06 257058842                  /opt/R/R-4.0.3/lib64/R/library/tools/libs/tools.so
7f8de1815000-7f8de1816000 r--p 00015000 fd:06 257058842                  /opt/R/R-4.0.3/lib64/R/library/tools/libs/tools.so
7f8de1816000-7f8de1817000 rw-p 00016000 fd:06 257058842                  /opt/R/R-4.0.3/lib64/R/library/tools/libs/tools.so
7f8de1817000-7f8de1819000 r-xp 00000000 fd:06 93505054                   /opt/R/R-4.0.3/lib64/R/library/xfun/libs/xfun.so
7f8de1819000-7f8de1a18000 ---p 00002000 fd:06 93505054                   /opt/R/R-4.0.3/lib64/R/library/xfun/libs/xfun.so
7f8de1a18000-7f8de1a19000 r--p 00001000 fd:06 93505054                   /opt/R/R-4.0.3/lib64/R/library/xfun/libs/xfun.so
7f8de1a19000-7f8de1a1a000 rw-p 00002000 fd:06 93505054                   /opt/R/R-4.0.3/lib64/R/library/xfun/libs/xfun.so
7f8de1a1a000-7f8de1a97000 r-xp 00000000 fd:06 264393738                  /opt/R/R-4.0.3/lib64/R/library/data.table/libs/datatable.so
7f8de1a97000-7f8de1c96000 ---p 0007d000 fd:06 264393738                  /opt/R/R-4.0.3/lib64/R/library/data.table/libs/datatable.so
7f8de1c96000-7f8de1c97000 r--p 0007c000 fd:06 264393738                  /opt/R/R-4.0.3/lib64/R/library/data.table/libs/datatable.so
7f8de1c97000-7f8de1c98000 rw-p 0007d000 fd:06 264393738                  /opt/R/R-4.0.3/lib64/R/library/data.table/libs/datatable.so
7f8de1c98000-7f8de1c9a000 rw-p 00000000 00:00 0 
7f8de1c9a000-7f8de1c9c000 r-xp 00000000 fd:06 2072700                    /opt/R/R-4.0.3/lib64/R/library/htmltools/libs/htmltools.so
7f8de1c9c000-7f8de1e9b000 ---p 00002000 fd:06 2072700                    /opt/R/R-4.0.3/lib64/R/library/htmltools/libs/htmltools.so
7f8de1e9b000-7f8de1e9c000 r--p 00001000 fd:06 2072700                    /opt/R/R-4.0.3/lib64/R/library/htmltools/libs/htmltools.so
7f8de1e9c000-7f8de1e9d000 rw-p 00002000 fd:06 2072700                    /opt/R/R-4.0.3/lib64/R/library/htmltools/libs/htmltools.so
7f8de1e9d000-7f8de1ebf000 r-xp 00000000 fd:06 128087554                  /opt/R/R-4.0.3/lib64/R/library/digest/libs/digest.so
7f8de1ebf000-7f8de20be000 ---p 00022000 fd:06 128087554                  /opt/R/R-4.0.3/lib64/R/library/digest/libs/digest.so
7f8de20be000-7f8de20bf000 r--p 00021000 fd:06 128087554                  /opt/R/R-4.0.3/lib64/R/library/digest/libs/digest.so
7f8de20bf000-7f8de20c0000 rw-p 00022000 fd:06 128087554                  /opt/R/R-4.0.3/lib64/R/library/digest/libs/digest.so
7f8de20c0000-7f8de20c2000 rw-p 00000000 00:00 0 
7f8de20c2000-7f8de20ce000 r-xp 00000000 00:38 122357488                  /home/c242664/R/x86_64-pc-linux-gnu-library/4.0/dplyr/libs/dplyr.so
7f8de20ce000-7f8de22cd000 ---p 0000c000 00:38 122357488                  /home/c242664/R/x86_64-pc-linux-gnu-library/4.0/dplyr/libs/dplyr.so
7f8de22cd000-7f8de22ce000 r--p 0000b000 00:38 122357488                  /home/c242664/R/x86_64-pc-linux-gnu-library/4.0/dplyr/libs/dplyr.so
7f8de22ce000-7f8de22cf000 rw-p 0000c000 00:38 122357488                  /home/c242664/R/x86_64-pc-linux-gnu-library/4.0/dplyr/libs/dplyr.so
7f8de22cf000-7f8de22d7000 r-xp 00000000 fd:06 208827411                  /opt/R/R-4.0.3/lib64/R/library/purrr/libs/purrr.so
7f8de22d7000-7f8de24d6000 ---p 00008000 fd:06 208827411                  /opt/R/R-4.0.3/lib64/R/library/purrr/libs/purrr.so
7f8de24d6000-7f8de24d7000 r--p 00007000 fd:06 208827411                  /opt/R/R-4.0.3/lib64/R/library/purrr/libs/purrr.so
7f8de24d7000-7f8de24d8000 rw-p 00008000 fd:06 208827411                  /opt/R/R-4.0.3/lib64/R/library/purrr/libs/purrr.so
7f8de24d8000-7f8de24db000 r-xp 00000000 00:38 122241712                  /home/c242664/R/x86_64-pc-linux-gnu-library/4.0/tibble/libs/tibble.so
7f8de24db000-7f8de26da000 ---p 00003000 00:38 122241712                  /home/c242664/R/x86_64-pc-linux-gnu-library/4.0/tibble/libs/tibble.so
7f8de26da000-7f8de26db000 r--p 00002000 00:38 122241712                  /home/c242664/R/x86_64-pc-linux-gnu-library/4.0/tibble/libs/tibble.so
7f8de26db000-7f8de26dc000 rw-p 00003000 00:38 122241712                  /home/c242664/R/x86_64-pc-linux-gnu-library/4.0/tibble/libs/tibble.so
7f8de26dc000-7f8de2726000 r-xp 00000000 fd:06 77881349                   /opt/R/R-4.0.3/lib64/R/library/utf8/libs/utf8.so
7f8de2726000-7f8de2925000 ---p 0004a000 fd:06 77881349                   /opt/R/R-4.0.3/lib64/R/library/utf8/libs/utf8.so
7f8de2925000-7f8de2926000 r--p 00049000 fd:06 77881349                   /opt/R/R-4.0.3/lib64/R/library/utf8/libs/utf8.so
7f8de2926000-7f8de2927000 rw-p 0004a000 fd:06 77881349                   /opt/R/R-4.0.3/lib64/R/library/utf8/libs/utf8.so
7f8de2927000-7f8de293b000 r-xp 00000000 fd:06 86265911                   /opt/R/R-4.0.3/lib64/R/library/fansi/libs/fansi.so
7f8de293b000-7f8de2b3a000 ---p 00014000 fd:06 86265911                   /opt/R/R-4.0.3/lib64/R/library/fansi/libs/fansi.so
7f8de2b3a000-7f8de2b3b000 r--p 00013000 fd:06 86265911                   /opt/R/R-4.0.3/lib64/R/library/fansi/libs/fansi.so
7f8de2b3b000-7f8de2b3c000 rw-p 00014000 fd:06 86265911                   /opt/R/R-4.0.3/lib64/R/library/fansi/libs/fansi.so
7f8de2b3c000-7f8de2b3e000 r-xp 00000000 00:38 21223999                   /home/c242664/R/x86_64-pc-linux-gnu-library/4.0/ellipsis/libs/ellipsis.so
7f8de2b3e000-7f8de2d3d000 ---p 00002000 00:38 21223999                   /home/c242664/R/x86_64-pc-linux-gnu-library/4.0/ellipsis/libs/ellipsis.so
7f8de2d3d000-7f8de2d3e000 r--p 00001000 00:38 21223999                   /home/c242664/R/x86_64-pc-linux-gnu-library/4.0/ellipsis/libs/ellipsis.so
7f8de2d3e000-7f8de2d3f000 rw-p 00002000 00:38 21223999                   /home/c242664/R/x86_64-pc-linux-gnu-library/4.0/ellipsis/libs/ellipsis.so
7f8de2d3f000-7f8de2d42000 r-xp 00000000 00:38 15907775                   /home/c242664/R/x86_64-pc-linux-gnu-library/4.0/magrittr/libs/magrittr.so
7f8de2d42000-7f8de2f41000 ---p 00003000 00:38 15907775                   /home/c242664/R/x86_64-pc-linux-gnu-library/4.0/magrittr/libs/magrittr.so
7f8de2f41000-7f8de2f42000 r--p 00002000 00:38 15907775                   /home/c242664/R/x86_64-pc-linux-gnu-library/4.0/magrittr/libs/magrittr.so
7f8de2f42000-7f8de2f43000 rw-p 00003000 00:38 15907775                   /home/c242664/R/x86_64-pc-linux-gnu-library/4.0/magrittr/libs/magrittr.so
7f8de2f43000-7f8de2f45000 r-xp 00000000 00:38 122360197                  /home/c242664/R/x86_64-pc-linux-gnu-library/4.0/glue/libs/glue.so
7f8de2f45000-7f8de3145000 ---p 00002000 00:38 122360197                  /home/c242664/R/x86_64-pc-linux-gnu-library/4.0/glue/libs/glue.so
7f8de3145000-7f8de3146000 r--p 00002000 00:38 122360197                  /home/c242664/R/x86_64-pc-linux-gnu-library/4.0/glue/libs/glue.so
7f8de3146000-7f8de3147000 rw-p 00003000 00:38 122360197                  /home/c242664/R/x86_64-pc-linux-gnu-library/4.0/glue/libs/glue.so
7f8de3147000-7f8de31a8000 r-xp 00000000 00:38 122362898                  /home/c242664/R/x86_64-pc-linux-gnu-library/4.0/vctrs/libs/vctrs.so
7f8de31a8000-7f8de33a7000 ---p 00061000 00:38 122362898                  /home/c242664/R/x86_64-pc-linux-gnu-library/4.0/vctrs/libs/vctrs.so
7f8de33a7000-7f8de33a9000 r--p 00060000 00:38 122362898                  /home/c242664/R/x86_64-pc-linux-gnu-library/4.0/vctrs/libs/vctrs.so
7f8de33a9000-7f8de33aa000 rw-p 00062000 00:38 122362898                  /home/c242664/R/x86_64-pc-linux-gnu-library/4.0/vctrs/libs/vctrs.so
7f8de33aa000-7f8de346f000 rw-p 00000000 00:00 0 
7f8de346f000-7f8de34a3000 r-xp 00000000 00:38 122362663                  /home/c242664/R/x86_64-pc-linux-gnu-library/4.0/rlang/libs/rlang.so
7f8de34a3000-7f8de36a3000 ---p 00034000 00:38 122362663                  /home/c242664/R/x86_64-pc-linux-gnu-library/4.0/rlang/libs/rlang.so
7f8de36a3000-7f8de36a5000 r--p 00034000 00:38 122362663                  /home/c242664/R/x86_64-pc-linux-gnu-library/4.0/rlang/libs/rlang.so
7f8de36a5000-7f8de36a6000 rw-p 00036000 00:38 122362663                  /home/c242664/R/x86_64-pc-linux-gnu-library/4.0/rlang/libs/rlang.so
7f8de36a6000-7f8de3979000 rw-p 00000000 00:00 0 
7f8de3979000-7f8de397a000 ---p 00000000 00:00 0 
7f8de397a000-7f8de417a000 rw-p 00000000 00:00 0 
7f8de417a000-7f8de419b000 r-xp 00000000 00:38 122362272                  /home/c242664/R/x86_64-pc-linux-gnu-library/4.0/cli/libs/cli.so
7f8de419b000-7f8de439a000 ---p 00021000 00:38 122362272                  /home/c242664/R/x86_64-pc-linux-gnu-library/4.0/cli/libs/cli.so
7f8de439a000-7f8de439b000 r--p 00020000 00:38 122362272                  /home/c242664/R/x86_64-pc-linux-gnu-library/4.0/cli/libs/cli.so
7f8de439b000-7f8de439c000 rw-p 00021000 00:38 122362272                  /home/c242664/R/x86_64-pc-linux-gnu-library/4.0/cli/libs/cli.so
7f8de439c000-7f8de439e000 rw-p 00000000 00:00 0 
7f8de439e000-7f8de445f000 r-xp 00000000 fd:06 224572433                  /opt/R/R-4.0.3/lib64/R/library/Matrix/libs/Matrix.so
7f8de445f000-7f8de465f000 ---p 000c1000 fd:06 224572433                  /opt/R/R-4.0.3/lib64/R/library/Matrix/libs/Matrix.so
7f8de465f000-7f8de4660000 r--p 000c1000 fd:06 224572433                  /opt/R/R-4.0.3/lib64/R/library/Matrix/libs/Matrix.so
7f8de4660000-7f8de4663000 rw-p 000c2000 fd:06 224572433                  /opt/R/R-4.0.3/lib64/R/library/Matrix/libs/Matrix.so
7f8de4663000-7f8de4913000 rw-p 00000000 00:00 0 
7f8de4913000-7f8de4916000 r-xp 00000000 fd:06 60598900                   /opt/R/R-4.0.3/lib64/R/library/lattice/libs/lattice.so
7f8de4916000-7f8de4b15000 ---p 00003000 fd:06 60598900                   /opt/R/R-4.0.3/lib64/R/library/lattice/libs/lattice.so
7f8de4b15000-7f8de4b16000 r--p 00002000 fd:06 60598900                   /opt/R/R-4.0.3/lib64/R/library/lattice/libs/lattice.so
7f8de4b16000-7f8de4b17000 rw-p 00003000 fd:06 60598900                   /opt/R/R-4.0.3/lib64/R/library/lattice/libs/lattice.so
7f8de4b17000-7f8de4b36000 r-xp 00000000 fd:06 4039180                    /opt/R/R-4.0.3/lib64/R/library/grid/libs/grid.so
7f8de4b36000-7f8de4d36000 ---p 0001f000 fd:06 4039180                    /opt/R/R-4.0.3/lib64/R/library/grid/libs/grid.so
7f8de4d36000-7f8de4d37000 r--p 0001f000 fd:06 4039180                    /opt/R/R-4.0.3/lib64/R/library/grid/libs/grid.so
7f8de4d37000-7f8de4d38000 rw-p 00020000 fd:06 4039180                    /opt/R/R-4.0.3/lib64/R/library/grid/libs/grid.so
7f8de4d38000-7f8de8d38000 rw-p 00000000 00:00 0 
7f8de8d38000-7f8de8ddc000 r-xp 00000000 fd:06 299811379                  /opt/R/R-4.0.3/lib64/R/library/stats/libs/stats.so
7f8de8ddc000-7f8de8fdb000 ---p 000a4000 fd:06 299811379                  /opt/R/R-4.0.3/lib64/R/library/stats/libs/stats.so
7f8de8fdb000-7f8de8fdd000 r--p 000a3000 fd:06 299811379                  /opt/R/R-4.0.3/lib64/R/library/stats/libs/stats.so
7f8de8fdd000-7f8de8fdf000 rw-p 000a5000 fd:06 299811379                  /opt/R/R-4.0.3/lib64/R/library/stats/libs/stats.so
7f8de8fdf000-7f8de9027000 r-xp 00000000 fd:06 293006378                  /opt/R/R-4.0.3/lib64/R/library/graphics/libs/graphics.so
7f8de9027000-7f8de9227000 ---p 00048000 fd:06 293006378                  /opt/R/R-4.0.3/lib64/R/library/graphics/libs/graphics.so
7f8de9227000-7f8de9228000 r--p 00048000 fd:06 293006378                  /opt/R/R-4.0.3/lib64/R/library/graphics/libs/graphics.so
7f8de9228000-7f8de9229000 rw-p 00049000 fd:06 293006378                  /opt/R/R-4.0.3/lib64/R/library/graphics/libs/graphics.so
7f8de9229000-7f8de9235000 r-xp 00000000 fd:06 272882695                  /opt/R/R-4.0.3/lib64/R/library/utils/libs/utils.so
7f8de9235000-7f8de9434000 ---p 0000c000 fd:06 272882695                  /opt/R/R-4.0.3/lib64/R/library/utils/libs/utils.so
7f8de9434000-7f8de9435000 r--p 0000b000 fd:06 272882695                  /opt/R/R-4.0.3/lib64/R/library/utils/libs/utils.so
7f8de9435000-7f8de9436000 rw-p 0000c000 fd:06 272882695                  /opt/R/R-4.0.3/lib64/R/library/utils/libs/utils.so
7f8de9436000-7f8de9437000 rw-p 00000000 00:00 0 
7f8de9483000-7f8de9523000 rw-p 00000000 00:00 0 
7f8de9523000-7f8de95cf000 r--s 00000000 fd:05 12584510                   /var/db/nscd/passwd
7f8de95cf000-7f8de9605000 r-xp 00000000 fd:06 283116039                  /opt/R/R-4.0.3/lib64/R/library/grDevices/libs/grDevices.so
7f8de9605000-7f8de9805000 ---p 00036000 fd:06 283116039                  /opt/R/R-4.0.3/lib64/R/library/grDevices/libs/grDevices.so
7f8de9805000-7f8de980a000 r--p 00036000 fd:06 283116039                  /opt/R/R-4.0.3/lib64/R/library/grDevices/libs/grDevices.so
7f8de980a000-7f8de980c000 rw-p 0003b000 fd:06 283116039                  /opt/R/R-4.0.3/lib64/R/library/grDevices/libs/grDevices.so
7f8de980c000-7f8de98f2000 rw-p 00000000 00:00 0 
7f8de997c000-7f8de9abd000 rw-p 00000000 00:00 0 
7f8de9abd000-7f8df0000000 r--p 00000000 fd:00 4499978                    /usr/lib/locale/locale-archive
7f8df0000000-7f8df0021000 rw-p 00000000 00:00 0 
7f8df0021000-7f8df4000000 ---p 00000000 00:00 0 
7f8df4000000-7f8df4025000 rw-p 00000000 00:00 0 
7f8df4025000-7f8df8000000 ---p 00000000 00:00 0 
7f8df8000000-7f8df8021000 rw-p 00000000 00:00 0 
7f8df8021000-7f8dfc000000 ---p 00000000 00:00 0 
7f8dfc066000-7f8dfc06f000 r-xp 00000000 fd:06 311102004                  /opt/R/R-4.0.3/lib64/R/library/methods/libs/methods.so
7f8dfc06f000-7f8dfc26e000 ---p 00009000 fd:06 311102004                  /opt/R/R-4.0.3/lib64/R/library/methods/libs/methods.so
7f8dfc26e000-7f8dfc26f000 r--p 00008000 fd:06 311102004                  /opt/R/R-4.0.3/lib64/R/library/methods/libs/methods.so
7f8dfc26f000-7f8dfc270000 rw-p 00009000 fd:06 311102004                  /opt/R/R-4.0.3/lib64/R/library/methods/libs/methods.so
7f8dfc29f000-7f8dfc6ac000 rw-p 00000000 00:00 0 
7f8dfc6ac000-7f8dfc6ad000 ---p 00000000 00:00 0 
7f8dfc6ad000-7f8dfcead000 rw-p 00000000 00:00 0 
7f8dfcead000-7f8dfceae000 ---p 00000000 00:00 0 
7f8dfceae000-7f8dfd6ae000 rw-p 00000000 00:00 0 
7f8dfd6ae000-7f8dfd6af000 ---p 00000000 00:00 0 
7f8dfd6af000-7f8dfdeaf000 rw-p 00000000 00:00 0 
7f8dfdeaf000-7f8dfdeb0000 ---p 00000000 00:00 0 
7f8dfdeb0000-7f8dfe6b0000 rw-p 00000000 00:00 0 
7f8dfe6b0000-7f8dfe6b2000 r-xp 00000000 fd:00 8389641                    /usr/lib64/libfreebl3.so
7f8dfe6b2000-7f8dfe8b1000 ---p 00002000 fd:00 8389641                    /usr/lib64/libfreebl3.so
7f8dfe8b1000-7f8dfe8b2000 r--p 00001000 fd:00 8389641                    /usr/lib64/libfreebl3.so
7f8dfe8b2000-7f8dfe8b3000 rw-p 00002000 fd:00 8389641                    /usr/lib64/libfreebl3.so
7f8dfe8b3000-7f8dfe8bb000 r-xp 00000000 fd:00 8838673                    /usr/lib64/libcrypt-2.17.so
7f8dfe8bb000-7f8dfeaba000 ---p 00008000 fd:00 8838673                    /usr/lib64/libcrypt-2.17.so
7f8dfeaba000-7f8dfeabb000 r--p 00007000 fd:00 8838673                    /usr/lib64/libcrypt-2.17.so
7f8dfeabb000-7f8dfeabc000 rw-p 00008000 fd:00 8838673                    /usr/lib64/libcrypt-2.17.so
7f8dfeabc000-7f8dfeaea000 rw-p 00000000 00:00 0 
7f8dfeaea000-7f8dfeb0e000 r-xp 00000000 fd:00 8395674                    /usr/lib64/libselinux.so.1
7f8dfeb0e000-7f8dfed0d000 ---p 00024000 fd:00 8395674                    /usr/lib64/libselinux.so.1
7f8dfed0d000-7f8dfed0e000 r--p 00023000 fd:00 8395674                    /usr/lib64/libselinux.so.1
7f8dfed0e000-7f8dfed0f000 rw-p 00024000 fd:00 8395674                    /usr/lib64/libselinux.so.1
7f8dfed0f000-7f8dfed11000 rw-p 00000000 00:00 0 
7f8dfed11000-7f8dfed15000 r-xp 00000000 fd:00 8397324                    /usr/lib64/libcap-ng.so.0.0.0
7f8dfed15000-7f8dfef15000 ---p 00004000 fd:00 8397324                    /usr/lib64/libcap-ng.so.0.0.0
7f8dfef15000-7f8dfef16000 r--p 00004000 fd:00 8397324                    /usr/lib64/libcap-ng.so.0.0.0
7f8dfef16000-7f8dfef17000 rw-p 00005000 fd:00 8397324                    /usr/lib64/libcap-ng.so.0.0.0
7f8dfef17000-7f8dfef51000 r-xp 00000000 fd:00 8838679                    /usr/lib64/libnspr4.so
7f8dfef51000-7f8dff150000 ---p 0003a000 fd:00 8838679                    /usr/lib64/libnspr4.so
7f8dff150000-7f8dff151000 r--p 00039000 fd:00 8838679                    /usr/lib64/libnspr4.so
7f8dff151000-7f8dff153000 rw-p 0003a000 fd:00 8838679                    /usr/lib64/libnspr4.so
7f8dff153000-7f8dff155000 rw-p 00000000 00:00 0 
7f8dff155000-7f8dff159000 r-xp 00000000 fd:00 8838681                    /usr/lib64/libplc4.so
7f8dff159000-7f8dff358000 ---p 00004000 fd:00 8838681                    /usr/lib64/libplc4.so
7f8dff358000-7f8dff359000 r--p 00003000 fd:00 8838681                    /usr/lib64/libplc4.so
7f8dff359000-7f8dff35a000 rw-p 00004000 fd:00 8838681                    /usr/lib64/libplc4.so
7f8dff35a000-7f8dff35d000 r-xp 00000000 fd:00 8838682                    /usr/lib64/libplds4.so
7f8dff35d000-7f8dff55c000 ---p 00003000 fd:00 8838682                    /usr/lib64/libplds4.so
7f8dff55c000-7f8dff55d000 r--p 00002000 fd:00 8838682                    /usr/lib64/libplds4.so
7f8dff55d000-7f8dff55e000 rw-p 00003000 fd:00 8838682                    /usr/lib64/libplds4.so
7f8dff55e000-7f8dff587000 r-xp 00000000 fd:00 8838683                    /usr/lib64/libnssutil3.so
7f8dff587000-7f8dff786000 ---p 00029000 fd:00 8838683                    /usr/lib64/libnssutil3.so
7f8dff786000-7f8dff78d000 r--p 00028000 fd:00 8838683                    /usr/lib64/libnssutil3.so
7f8dff78d000-7f8dff78e000 rw-p 0002f000 fd:00 8838683                    /usr/lib64/libnssutil3.so
7f8dff78e000-7f8dff8be000 r-xp 00000000 fd:00 8610342                    /usr/lib64/libnss3.so
7f8dff8be000-7f8dffabe000 ---p 00130000 fd:00 8610342                    /usr/lib64/libnss3.so
7f8dffabe000-7f8dffac3000 r--p 00130000 fd:00 8610342                    /usr/lib64/libnss3.so
7f8dffac3000-7f8dffac6000 rw-p 00135000 fd:00 8610342                    /usr/lib64/libnss3.so
7f8dffac6000-7f8dffac7000 rw-p 00000000 00:00 0 
7f8dffac7000-7f8dffaec000 r-xp 00000000 fd:00 8610343                    /usr/lib64/libsmime3.so
7f8dffaec000-7f8dffceb000 ---p 00025000 fd:00 8610343                    /usr/lib64/libsmime3.so
7f8dffceb000-7f8dffcee000 r--p 00024000 fd:00 8610343                    /usr/lib64/libsmime3.so
7f8dffcee000-7f8dffcef000 rw-p 00027000 fd:00 8610343                    /usr/lib64/libsmime3.so
7f8dffcef000-7f8dffd4c000 r-xp 00000000 fd:00 8610344                    /usr/lib64/libssl3.so
7f8dffd4c000-7f8dfff4c000 ---p 0005d000 fd:00 8610344                    /usr/lib64/libssl3.so
7f8dfff4c000-7f8dfff50000 r--p 0005d000 fd:00 8610344                    /usr/lib64/libssl3.so
7f8dfff50000-7f8dfff51000 rw-p 00061000 fd:00 8610344                    /usr/lib64/libssl3.so
7f8dfff51000-7f8dfff52000 rw-p 00000000 00:00 0 
7f8dfff52000-7f8dfff6e000 r-xp 00000000 fd:00 8395327                    /usr/lib64/libsasl2.so.3.0.0
7f8dfff6e000-7f8e0016d000 ---p 0001c000 fd:00 8395327                    /usr/lib64/libsasl2.so.3.0.0
7f8e0016d000-7f8e0016e000 r--p 0001b000 fd:00 8395327                    /usr/lib64/libsasl2.so.3.0.0
7f8e0016e000-7f8e0016f000 rw-p 0001c000 fd:00 8395327                    /usr/lib64/libsasl2.so.3.0.0
7f8e0016f000-7f8e0017d000 r-xp 00000000 fd:00 8607748                    /usr/lib64/liblber-2.4.so.2.10.7
7f8e0017d000-7f8e0037c000 ---p 0000e000 fd:00 8607748                    /usr/lib64/liblber-2.4.so.2.10.7
7f8e0037c000-7f8e0037d000 r--p 0000d000 fd:00 8607748                    /usr/lib64/liblber-2.4.so.2.10.7
7f8e0037d000-7f8e0037e000 rw-p 0000e000 fd:00 8607748                    /usr/lib64/liblber-2.4.so.2.10.7
7f8e0037e000-7f8e00394000 r-xp 00000000 fd:00 8799603                    /usr/lib64/libresolv-2.17.so
7f8e00394000-7f8e00594000 ---p 00016000 fd:00 8799603                    /usr/lib64/libresolv-2.17.so
7f8e00594000-7f8e00595000 r--p 00016000 fd:00 8799603                    /usr/lib64/libresolv-2.17.so
7f8e00595000-7f8e00596000 rw-p 00017000 fd:00 8799603                    /usr/lib64/libresolv-2.17.so
7f8e00596000-7f8e00598000 rw-p 00000000 00:00 0 
7f8e00598000-7f8e0059b000 r-xp 00000000 fd:00 8395765                    /usr/lib64/libkeyutils.so.1.5
7f8e0059b000-7f8e0079a000 ---p 00003000 fd:00 8395765                    /usr/lib64/libkeyutils.so.1.5
7f8e0079a000-7f8e0079b000 r--p 00002000 fd:00 8395765                    /usr/lib64/libkeyutils.so.1.5
7f8e0079b000-7f8e0079c000 rw-p 00003000 fd:00 8395765                    /usr/lib64/libkeyutils.so.1.5
7f8e0079c000-7f8e007aa000 r-xp 00000000 fd:00 8542431                    /usr/lib64/libkrb5support.so.0.1
7f8e007aa000-7f8e009aa000 ---p 0000e000 fd:00 8542431                    /usr/lib64/libkrb5support.so.0.1
7f8e009aa000-7f8e009ab000 r--p 0000e000 fd:00 8542431                    /usr/lib64/libkrb5support.so.0.1
7f8e009ab000-7f8e009ac000 rw-p 0000f000 fd:00 8542431                    /usr/lib64/libkrb5support.so.0.1
7f8e009ac000-7f8e01d7e000 r-xp 00000000 fd:00 9002026                    /usr/lib64/libicudata.so.50.2
7f8e01d7e000-7f8e01f7d000 ---p 013d2000 fd:00 9002026                    /usr/lib64/libicudata.so.50.2
7f8e01f7d000-7f8e01f7e000 r--p 013d1000 fd:00 9002026                    /usr/lib64/libicudata.so.50.2
7f8e01f7e000-7f8e01f7f000 rw-p 013d2000 fd:00 9002026                    /usr/lib64/libicudata.so.50.2
7f8e01f7f000-7f8e01fa4000 r-xp 00000000 fd:00 8395651                    /usr/lib64/libtinfo.so.5.9
7f8e01fa4000-7f8e021a4000 ---p 00025000 fd:00 8395651                    /usr/lib64/libtinfo.so.5.9
7f8e021a4000-7f8e021a8000 r--p 00025000 fd:00 8395651                    /usr/lib64/libtinfo.so.5.9
7f8e021a8000-7f8e021a9000 rw-p 00029000 fd:00 8395651                    /usr/lib64/libtinfo.so.5.9
7f8e021a9000-7f8e021b0000 r-xp 00000000 fd:00 8395759                    /usr/lib64/libffi.so.6.0.1
7f8e021b0000-7f8e023af000 ---p 00007000 fd:00 8395759                    /usr/lib64/libffi.so.6.0.1
7f8e023af000-7f8e023b0000 r--p 00006000 fd:00 8395759                    /usr/lib64/libffi.so.6.0.1
7f8e023b0000-7f8e023b1000 rw-p 00007000 fd:00 8395759                    /usr/lib64/libffi.so.6.0.1
7f8e023b1000-7f8e02411000 r-xp 00000000 fd:00 8395665                    /usr/lib64/libpcre.so.1.2.0
7f8e02411000-7f8e02611000 ---p 00060000 fd:00 8395665                    /usr/lib64/libpcre.so.1.2.0
7f8e02611000-7f8e02612000 r--p 00060000 fd:00 8395665                    /usr/lib64/libpcre.so.1.2.0
7f8e02612000-7f8e02613000 rw-p 00061000 fd:00 8395665                    /usr/lib64/libpcre.so.1.2.0
7f8e02613000-7f8e02631000 r-xp 00000000 fd:00 8397326                    /usr/lib64/libaudit.so.1.0.0
7f8e02631000-7f8e02830000 ---p 0001e000 fd:00 8397326                    /usr/lib64/libaudit.so.1.0.0
7f8e02830000-7f8e02831000 r--p 0001d000 fd:00 8397326                    /usr/lib64/libaudit.so.1.0.0
7f8e02831000-7f8e02832000 rw-p 0001e000 fd:00 8397326                    /usr/lib64/libaudit.so.1.0.0
7f8e02832000-7f8e0283c000 rw-p 00000000 00:00 0 
7f8e0283c000-7f8e0286d000 r-xp 00000000 fd:00 8542423                    /usr/lib64/libk5crypto.so.3.1
7f8e0286d000-7f8e02a6c000 ---p 00031000 fd:00 8542423                    /usr/lib64/libk5crypto.so.3.1
7f8e02a6c000-7f8e02a6e000 r--p 00030000 fd:00 8542423                    /usr/lib64/libk5crypto.so.3.1
7f8e02a6e000-7f8e02a6f000 rw-p 00032000 fd:00 8542423                    /usr/lib64/libk5crypto.so.3.1
7f8e02a6f000-7f8e02a72000 r-xp 00000000 fd:00 8800375                    /usr/lib64/libcom_err.so.2.1
7f8e02a72000-7f8e02c71000 ---p 00003000 fd:00 8800375                    /usr/lib64/libcom_err.so.2.1
7f8e02c71000-7f8e02c72000 r--p 00002000 fd:00 8800375                    /usr/lib64/libcom_err.so.2.1
7f8e02c72000-7f8e02c73000 rw-p 00003000 fd:00 8800375                    /usr/lib64/libcom_err.so.2.1
7f8e02c73000-7f8e02d4c000 r-xp 00000000 fd:00 8542429                    /usr/lib64/libkrb5.so.3.3
7f8e02d4c000-7f8e02f4b000 ---p 000d9000 fd:00 8542429                    /usr/lib64/libkrb5.so.3.3
7f8e02f4b000-7f8e02f59000 r--p 000d8000 fd:00 8542429                    /usr/lib64/libkrb5.so.3.3
7f8e02f59000-7f8e02f5c000 rw-p 000e6000 fd:00 8542429                    /usr/lib64/libkrb5.so.3.3
7f8e02f5c000-7f8e02fb5000 r-xp 00000000 fd:00 8643189                    /usr/lib64/libldap_r-2.4.so.2.10.7
7f8e02fb5000-7f8e031b5000 ---p 00059000 fd:00 8643189                    /usr/lib64/libldap_r-2.4.so.2.10.7
7f8e031b5000-7f8e031b7000 r--p 00059000 fd:00 8643189                    /usr/lib64/libldap_r-2.4.so.2.10.7
7f8e031b7000-7f8e031b8000 rw-p 0005b000 fd:00 8643189                    /usr/lib64/libldap_r-2.4.so.2.10.7
7f8e031b8000-7f8e031bb000 rw-p 00000000 00:00 0 
7f8e031bb000-7f8e03205000 r-xp 00000000 fd:00 8395624                    /usr/lib64/libgssapi_krb5.so.2.2
7f8e03205000-7f8e03405000 ---p 0004a000 fd:00 8395624                    /usr/lib64/libgssapi_krb5.so.2.2
7f8e03405000-7f8e03406000 r--p 0004a000 fd:00 8395624                    /usr/lib64/libgssapi_krb5.so.2.2
7f8e03406000-7f8e03408000 rw-p 0004b000 fd:00 8395624                    /usr/lib64/libgssapi_krb5.so.2.2
7f8e03408000-7f8e0342d000 r-xp 00000000 fd:00 8800447                    /usr/lib64/libgomp.so.1.0.0
7f8e0342d000-7f8e0362c000 ---p 00025000 fd:00 8800447                    /usr/lib64/libgomp.so.1.0.0
7f8e0362c000-7f8e0362d000 r--p 00024000 fd:00 8800447                    /usr/lib64/libgomp.so.1.0.0
7f8e0362d000-7f8e0362e000 rw-p 00025000 fd:00 8800447                    /usr/lib64/libgomp.so.1.0.0
7f8e0362e000-7f8e0381e000 r-xp 00000000 fd:00 9002028                    /usr/lib64/libicui18n.so.50.2
7f8e0381e000-7f8e03a1e000 ---p 001f0000 fd:00 9002028                    /usr/lib64/libicui18n.so.50.2
7f8e03a1e000-7f8e03a2a000 r--p 001f0000 fd:00 9002028                    /usr/lib64/libicui18n.so.50.2
7f8e03a2a000-7f8e03a2c000 rw-p 001fc000 fd:00 9002028                    /usr/lib64/libicui18n.so.50.2
7f8e03a2c000-7f8e03a2d000 rw-p 00000000 00:00 0 
7f8e03a2d000-7f8e03b91000 r-xp 00000000 fd:00 9002040                    /usr/lib64/libicuuc.so.50.2
7f8e03b91000-7f8e03d91000 ---p 00164000 fd:00 9002040                    /usr/lib64/libicuuc.so.50.2
7f8e03d91000-7f8e03da1000 r--p 00164000 fd:00 9002040                    /usr/lib64/libicuuc.so.50.2
7f8e03da1000-7f8e03da2000 rw-p 00174000 fd:00 9002040                    /usr/lib64/libicuuc.so.50.2
7f8e03da2000-7f8e03da6000 rw-p 00000000 00:00 0 
7f8e03da6000-7f8e03db5000 r-xp 00000000 fd:00 8395695                    /usr/lib64/libbz2.so.1.0.6
7f8e03db5000-7f8e03fb4000 ---p 0000f000 fd:00 8395695                    /usr/lib64/libbz2.so.1.0.6
7f8e03fb4000-7f8e03fb5000 r--p 0000e000 fd:00 8395695                    /usr/lib64/libbz2.so.1.0.6
7f8e03fb5000-7f8e03fb6000 rw-p 0000f000 fd:00 8395695                    /usr/lib64/libbz2.so.1.0.6
7f8e03fb6000-7f8e03fdb000 r-xp 00000000 fd:00 8395686                    /usr/lib64/liblzma.so.5.2.2
7f8e03fdb000-7f8e041da000 ---p 00025000 fd:00 8395686                    /usr/lib64/liblzma.so.5.2.2
7f8e041da000-7f8e041db000 r--p 00024000 fd:00 8395686                    /usr/lib64/liblzma.so.5.2.2
7f8e041db000-7f8e041dc000 rw-p 00025000 fd:00 8395686                    /usr/lib64/liblzma.so.5.2.2
7f8e041dc000-7f8e04252000 r-xp 00000000 fd:00 9007298                    /usr/lib64/libpcre2-8.so.0.5.0
7f8e04252000-7f8e04451000 ---p 00076000 fd:00 9007298                    /usr/lib64/libpcre2-8.so.0.5.0
7f8e04451000-7f8e04452000 r--p 00075000 fd:00 9007298                    /usr/lib64/libpcre2-8.so.0.5.0
7f8e04452000-7f8e04453000 rw-p 00076000 fd:00 9007298                    /usr/lib64/libpcre2-8.so.0.5.0
7f8e04453000-7f8e0448f000 r-xp 00000000 fd:00 8395755                    /usr/lib64/libreadline.so.6.2
7f8e0448f000-7f8e0468f000 ---p 0003c000 fd:00 8395755                    /usr/lib64/libreadline.so.6.2
7f8e0468f000-7f8e04691000 r--p 0003c000 fd:00 8395755                    /usr/lib64/libreadline.so.6.2
7f8e04691000-7f8e04697000 rw-p 0003e000 fd:00 8395755                    /usr/lib64/libreadline.so.6.2
7f8e04697000-7f8e04699000 rw-p 00000000 00:00 0 
7f8e04699000-7f8e046d4000 r-xp 00000000 fd:00 8800435                    /usr/lib64/libquadmath.so.0.0.0
7f8e046d4000-7f8e048d3000 ---p 0003b000 fd:00 8800435                    /usr/lib64/libquadmath.so.0.0.0
7f8e048d3000-7f8e048d4000 r--p 0003a000 fd:00 8800435                    /usr/lib64/libquadmath.so.0.0.0
7f8e048d4000-7f8e048d5000 rw-p 0003b000 fd:00 8800435                    /usr/lib64/libquadmath.so.0.0.0
7f8e048d5000-7f8e04b4b000 r-xp 00000000 fd:00 8977940                    /usr/lib64/libgfortran.so.5.0.0
7f8e04b4b000-7f8e04d4a000 ---p 00276000 fd:00 8977940                    /usr/lib64/libgfortran.so.5.0.0
7f8e04d4a000-7f8e04d4b000 r--p 00275000 fd:00 8977940                    /usr/lib64/libgfortran.so.5.0.0
7f8e04d4b000-7f8e04d4d000 rw-p 00276000 fd:00 8977940                    /usr/lib64/libgfortran.so.5.0.0
7f8e04d4d000-7f8e08e11000 r-xp 00000000 00:28 2061735074                 /lrlhps/apps/intel/intel-2020/compilers_and_libraries_2020.0.166/linux/mkl/lib/intel64_lin/libmkl_core.so
7f8e08e11000-7f8e09010000 ---p 040c4000 00:28 2061735074                 /lrlhps/apps/intel/intel-2020/compilers_and_libraries_2020.0.166/linux/mkl/lib/intel64_lin/libmkl_core.so
7f8e09010000-7f8e09017000 r--p 040c3000 00:28 2061735074                 /lrlhps/apps/intel/intel-2020/compilers_and_libraries_2020.0.166/linux/mkl/lib/intel64_lin/libmkl_core.so
7f8e09017000-7f8e09047000 rw-p 040ca000 00:28 2061735074                 /lrlhps/apps/intel/intel-2020/compilers_and_libraries_2020.0.166/linux/mkl/lib/intel64_lin/libmkl_core.so
7f8e09047000-7f8e0906d000 rw-p 00000000 00:00 0 
7f8e0906d000-7f8e0a72b000 r-xp 00000000 00:28 2050774594                 /lrlhps/apps/intel/intel-2020/compilers_and_libraries_2020.0.166/linux/mkl/lib/intel64_lin/libmkl_gnu_thread.so
7f8e0a72b000-7f8e0a92a000 ---p 016be000 00:28 2050774594                 /lrlhps/apps/intel/intel-2020/compilers_and_libraries_2020.0.166/linux/mkl/lib/intel64_lin/libmkl_gnu_thread.so
7f8e0a92a000-7f8e0a92e000 r--p 016bd000 00:28 2050774594                 /lrlhps/apps/intel/intel-2020/compilers_and_libraries_2020.0.166/linux/mkl/lib/intel64_lin/libmkl_gnu_thread.so
7f8e0a92e000-7f8e0a946000 rw-p 016c1000 00:28 2050774594                 /lrlhps/apps/intel/intel-2020/compilers_and_libraries_2020.0.166/linux/mkl/lib/intel64_lin/libmkl_gnu_thread.so
7f8e0a946000-7f8e0b298000 r-xp 00000000 00:28 2062907069                 /lrlhps/apps/intel/intel-2020/compilers_and_libraries_2020.0.166/linux/mkl/lib/intel64_lin/libmkl_gf_lp64.so
7f8e0b298000-7f8e0b497000 ---p 00952000 00:28 2062907069                 /lrlhps/apps/intel/intel-2020/compilers_and_libraries_2020.0.166/linux/mkl/lib/intel64_lin/libmkl_gf_lp64.so
7f8e0b497000-7f8e0b498000 r--p 00951000 00:28 2062907069                 /lrlhps/apps/intel/intel-2020/compilers_and_libraries_2020.0.166/linux/mkl/lib/intel64_lin/libmkl_gf_lp64.so
7f8e0b498000-7f8e0b4aa000 rw-p 00952000 00:28 2062907069                 /lrlhps/apps/intel/intel-2020/compilers_and_libraries_2020.0.166/linux/mkl/lib/intel64_lin/libmkl_gf_lp64.so
7f8e0b4aa000-7f8e0b4b0000 rw-p 00000000 00:00 0 
7f8e0b4b0000-7f8e0b674000 r-xp 00000000 fd:00 8484532                    /usr/lib64/libc-2.17.so
7f8e0b674000-7f8e0b873000 ---p 001c4000 fd:00 8484532                    /usr/lib64/libc-2.17.so
7f8e0b873000-7f8e0b877000 r--p 001c3000 fd:00 8484532                    /usr/lib64/libc-2.17.so
7f8e0b877000-7f8e0b879000 rw-p 001c7000 fd:00 8484532                    /usr/lib64/libc-2.17.so
7f8e0b879000-7f8e0b87e000 rw-p 00000000 00:00 0 
7f8e0b87e000-7f8e0b893000 r-xp 00000000 fd:00 8799579                    /usr/lib64/libgcc_s-4.8.5-20150702.so.1
7f8e0b893000-7f8e0ba92000 ---p 00015000 fd:00 8799579                    /usr/lib64/libgcc_s-4.8.5-20150702.so.1
7f8e0ba92000-7f8e0ba93000 r--p 00014000 fd:00 8799579                    /usr/lib64/libgcc_s-4.8.5-20150702.so.1
7f8e0ba93000-7f8e0ba94000 rw-p 00015000 fd:00 8799579                    /usr/lib64/libgcc_s-4.8.5-20150702.so.1
7f8e0ba94000-7f8e0bb95000 r-xp 00000000 fd:00 8838677                    /usr/lib64/libm-2.17.so
7f8e0bb95000-7f8e0bd94000 ---p 00101000 fd:00 8838677                    /usr/lib64/libm-2.17.so
7f8e0bd94000-7f8e0bd95000 r--p 00100000 fd:00 8838677                    /usr/lib64/libm-2.17.so
7f8e0bd95000-7f8e0bd96000 rw-p 00101000 fd:00 8838677                    /usr/lib64/libm-2.17.so
7f8e0bd96000-7f8e0be7f000 r-xp 00000000 fd:00 8800378                    /usr/lib64/libstdc++.so.6.0.19
7f8e0be7f000-7f8e0c07f000 ---p 000e9000 fd:00 8800378                    /usr/lib64/libstdc++.so.6.0.19
7f8e0c07f000-7f8e0c087000 r--p 000e9000 fd:00 8800378                    /usr/lib64/libstdc++.so.6.0.19
7f8e0c087000-7f8e0c089000 rw-p 000f1000 fd:00 8800378                    /usr/lib64/libstdc++.so.6.0.19
7f8e0c089000-7f8e0c09e000 rw-p 00000000 00:00 0 
7f8e0c09e000-7f8e0c1b2000 r-xp 00000000 fd:00 8395276                    /usr/lib64/libglib-2.0.so.0.5600.1
7f8e0c1b2000-7f8e0c3b1000 ---p 00114000 fd:00 8395276                    /usr/lib64/libglib-2.0.so.0.5600.1
7f8e0c3b1000-7f8e0c3b2000 r--p 00113000 fd:00 8395276                    /usr/lib64/libglib-2.0.so.0.5600.1
7f8e0c3b2000-7f8e0c3b3000 rw-p 00114000 fd:00 8395276                    /usr/lib64/libglib-2.0.so.0.5600.1
7f8e0c3b3000-7f8e0c3b4000 rw-p 00000000 00:00 0 
7f8e0c3b4000-7f8e0c403000 r-xp 00000000 fd:00 8395280                    /usr/lib64/libgobject-2.0.so.0.5600.1
7f8e0c403000-7f8e0c603000 ---p 0004f000 fd:00 8395280                    /usr/lib64/libgobject-2.0.so.0.5600.1
7f8e0c603000-7f8e0c604000 r--p 0004f000 fd:00 8395280                    /usr/lib64/libgobject-2.0.so.0.5600.1
7f8e0c604000-7f8e0c605000 rw-p 00050000 fd:00 8395280                    /usr/lib64/libgobject-2.0.so.0.5600.1
7f8e0c605000-7f8e0c61c000 r-xp 00000000 fd:00 8799601                    /usr/lib64/libpthread-2.17.so
7f8e0c61c000-7f8e0c81b000 ---p 00017000 fd:00 8799601                    /usr/lib64/libpthread-2.17.so
7f8e0c81b000-7f8e0c81c000 r--p 00016000 fd:00 8799601                    /usr/lib64/libpthread-2.17.so
7f8e0c81c000-7f8e0c81d000 rw-p 00017000 fd:00 8799601                    /usr/lib64/libpthread-2.17.so
7f8e0c81d000-7f8e0c821000 rw-p 00000000 00:00 0 
7f8e0c821000-7f8e0c82e000 r-xp 00000000 fd:00 8484920                    /usr/lib64/libpam.so.0.83.1
7f8e0c82e000-7f8e0ca2e000 ---p 0000d000 fd:00 8484920                    /usr/lib64/libpam.so.0.83.1
7f8e0ca2e000-7f8e0ca2f000 r--p 0000d000 fd:00 8484920                    /usr/lib64/libpam.so.0.83.1
7f8e0ca2f000-7f8e0ca30000 rw-p 0000e000 fd:00 8484920                    /usr/lib64/libpam.so.0.83.1
7f8e0ca30000-7f8e0cc67000 r-xp 00000000 fd:00 8395656                    /usr/lib64/libcrypto.so.1.0.2k
7f8e0cc67000-7f8e0ce66000 ---p 00237000 fd:00 8395656                    /usr/lib64/libcrypto.so.1.0.2k
7f8e0ce66000-7f8e0ce82000 r--p 00236000 fd:00 8395656                    /usr/lib64/libcrypto.so.1.0.2k
7f8e0ce82000-7f8e0ce8f000 rw-p 00252000 fd:00 8395656                    /usr/lib64/libcrypto.so.1.0.2k
7f8e0ce8f000-7f8e0ce93000 rw-p 00000000 00:00 0 
7f8e0ce93000-7f8e0cefa000 r-xp 00000000 fd:00 8542417                    /usr/lib64/libssl.so.1.0.2k
7f8e0cefa000-7f8e0d0fa000 ---p 00067000 fd:00 8542417                    /usr/lib64/libssl.so.1.0.2k
7f8e0d0fa000-7f8e0d0fe000 r--p 00067000 fd:00 8542417                    /usr/lib64/libssl.so.1.0.2k
7f8e0d0fe000-7f8e0d105000 rw-p 0006b000 fd:00 8542417                    /usr/lib64/libssl.so.1.0.2k
7f8e0d105000-7f8e0d11a000 r-xp 00000000 fd:00 8800372                    /usr/lib64/libz.so.1.2.7
7f8e0d11a000-7f8e0d319000 ---p 00015000 fd:00 8800372                    /usr/lib64/libz.so.1.2.7
7f8e0d319000-7f8e0d31a000 r--p 00014000 fd:00 8800372                    /usr/lib64/libz.so.1.2.7
7f8e0d31a000-7f8e0d31b000 rw-p 00015000 fd:00 8800372                    /usr/lib64/libz.so.1.2.7
7f8e0d31b000-7f8e0d322000 r-xp 00000000 fd:00 8799607                    /usr/lib64/librt-2.17.so
7f8e0d322000-7f8e0d521000 ---p 00007000 fd:00 8799607                    /usr/lib64/librt-2.17.so
7f8e0d521000-7f8e0d522000 r--p 00006000 fd:00 8799607                    /usr/lib64/librt-2.17.so
7f8e0d522000-7f8e0d523000 rw-p 00007000 fd:00 8799607                    /usr/lib64/librt-2.17.so
7f8e0d523000-7f8e0d527000 r-xp 00000000 fd:00 8395717                    /usr/lib64/libuuid.so.1.3.0
7f8e0d527000-7f8e0d726000 ---p 00004000 fd:00 8395717                    /usr/lib64/libuuid.so.1.3.0
7f8e0d726000-7f8e0d727000 r--p 00003000 fd:00 8395717                    /usr/lib64/libuuid.so.1.3.0
7f8e0d727000-7f8e0d728000 rw-p 00004000 fd:00 8395717                    /usr/lib64/libuuid.so.1.3.0
7f8e0d728000-7f8e0d72a000 r-xp 00000000 fd:00 8799612                    /usr/lib64/libutil-2.17.so
7f8e0d72a000-7f8e0d929000 ---p 00002000 fd:00 8799612                    /usr/lib64/libutil-2.17.so
7f8e0d929000-7f8e0d92a000 r--p 00001000 fd:00 8799612                    /usr/lib64/libutil-2.17.so
7f8e0d92a000-7f8e0d92b000 rw-p 00002000 fd:00 8799612                    /usr/lib64/libutil-2.17.so
7f8e0d92b000-7f8e0d977000 r-xp 00000000 fd:00 29466644                   /usr/pgsql-14/lib/libpq.so.5.14
7f8e0d977000-7f8e0db77000 ---p 0004c000 fd:00 29466644                   /usr/pgsql-14/lib/libpq.so.5.14
7f8e0db77000-7f8e0db7a000 r--p 0004c000 fd:00 29466644                   /usr/pgsql-14/lib/libpq.so.5.14
7f8e0db7a000-7f8e0db7b000 rw-p 0004f000 fd:00 29466644                   /usr/pgsql-14/lib/libpq.so.5.14
7f8e0db7b000-7f8e0dc8d000 r-xp 00000000 00:28 1849527405                 /lrlhps/apps/sqlite/sqlite-3.33.0/lib/libsqlite3.so.0.8.6
7f8e0dc8d000-7f8e0de8d000 ---p 00112000 00:28 1849527405                 /lrlhps/apps/sqlite/sqlite-3.33.0/lib/libsqlite3.so.0.8.6
7f8e0de8d000-7f8e0de90000 r--p 00112000 00:28 1849527405                 /lrlhps/apps/sqlite/sqlite-3.33.0/lib/libsqlite3.so.0.8.6
7f8e0de90000-7f8e0de93000 rw-p 00115000 00:28 1849527405                 /lrlhps/apps/sqlite/sqlite-3.33.0/lib/libsqlite3.so.0.8.6
7f8e0de93000-7f8e0de94000 rw-p 00000000 00:00 0 
7f8e0de94000-7f8e0e1b3000 r-xp 00000000 fd:06 206799379                  /opt/R/R-4.0.3/lib64/R/lib/libR.so
7f8e0e1b3000-7f8e0e3b2000 ---p 0031f000 fd:06 206799379                  /opt/R/R-4.0.3/lib64/R/lib/libR.so
7f8e0e3b2000-7f8e0e3d0000 r--p 0031e000 fd:06 206799379                  /opt/R/R-4.0.3/lib64/R/lib/libR.so
7f8e0e3d0000-7f8e0e3de000 rw-p 0033c000 fd:06 206799379                  /opt/R/R-4.0.3/lib64/R/lib/libR.so
7f8e0e3de000-7f8e0e52e000 rw-p 00000000 00:00 0 
7f8e0e52e000-7f8e0e530000 r-xp 00000000 fd:00 8838675                    /usr/lib64/libdl-2.17.so
7f8e0e530000-7f8e0e730000 ---p 00002000 fd:00 8838675                    /usr/lib64/libdl-2.17.so
7f8e0e730000-7f8e0e731000 r--p 00002000 fd:00 8838675                    /usr/lib64/libdl-2.17.so
7f8e0e731000-7f8e0e732000 rw-p 00003000 fd:00 8838675                    /usr/lib64/libdl-2.17.so
7f8e0e732000-7f8e0e754000 r-xp 00000000 fd:00 8395272                    /usr/lib64/ld-2.17.so
7f8e0e799000-7f8e0e7ce000 r--s 00000000 fd:05 12595747                   /var/db/nscd/hosts
7f8e0e7ce000-7f8e0e82f000 rw-p 00000000 00:00 0 
7f8e0e83c000-7f8e0e83d000 r--p 00000000 fd:00 12584494                   /usr/share/locale/en_US/LC_MESSAGES/mit-krb5.mo
7f8e0e83d000-7f8e0e83e000 r--p 00000000 fd:06 224013355                  /opt/R/R-4.0.3/lib64/R/library/translations/en/LC_MESSAGES/R.mo
7f8e0e83e000-7f8e0e87c000 r--s 0025d000 fd:06 122282556                  /opt/R/R-4.0.3/lib64/R/library/xlsxjars/java/xmlbeans-2.6.0.jar
7f8e0e87c000-7f8e0e88a000 r--s 000ef000 fd:06 122282554                  /opt/R/R-4.0.3/lib64/R/library/xlsxjars/java/poi-ooxml-3.10.1-20140818.jar
7f8e0e88a000-7f8e0e8ab000 r--s 001bb000 fd:06 122282553                  /opt/R/R-4.0.3/lib64/R/library/xlsxjars/java/poi-3.10.1-20140818.jar
7f8e0e8ab000-7f8e0e8b0000 r--s 00048000 fd:06 122282552                  /opt/R/R-4.0.3/lib64/R/library/xlsxjars/java/dom4j-1.6.1.jar
7f8e0e8b0000-7f8e0e932000 rw-p 00000000 00:00 0 
7f8e0e932000-7f8e0e933000 r--s 00003000 fd:06 115737148                  /opt/R/R-4.0.3/lib64/R/library/xlsx/java/rexcel-0.5.1.jar
7f8e0e933000-7f8e0e939000 r--s 00033000 fd:06 122282551                  /opt/R/R-4.0.3/lib64/R/library/xlsxjars/java/commons-codec-1.6.jar
7f8e0e939000-7f8e0e940000 r--s 000f5000 fd:00 3146843                    /usr/lib/jvm/java-1.8.0-openjdk-1.8.0.322.b06-1.el7_9.x86_64/jre/lib/jfr.jar
7f8e0e940000-7f8e0e948000 rw-s 00000000 fd:02 58727424                   /tmp/hsperfdata_c242664/31797
7f8e0e948000-7f8e0e949000 rw-p 00000000 00:00 0 
7f8e0e949000-7f8e0e950000 r--s 00000000 fd:00 16848390                   /usr/lib64/gconv/gconv-modules.cache
7f8e0e950000-7f8e0e951000 r--p 00000000 00:00 0 
7f8e0e951000-7f8e0e953000 rw-p 00000000 00:00 0 
7f8e0e953000-7f8e0e954000 r--p 00021000 fd:00 8395272                    /usr/lib64/ld-2.17.so
7f8e0e954000-7f8e0e955000 rw-p 00022000 fd:00 8395272                    /usr/lib64/ld-2.17.so
7f8e0e955000-7f8e0e956000 rw-p 00000000 00:00 0 
7fff2f8bd000-7fff2f8c0000 ---p 00000000 00:00 0 
7fff2f8c0000-7fff300bd000 rw-p 00000000 00:00 0                          [stack]
7fff30160000-7fff30162000 r-xp 00000000 00:00 0                          [vdso]
ffffffffff600000-ffffffffff601000 r-xp 00000000 00:00 0                  [vsyscall]

VM Arguments:
jvm_args: -Xmx8g -Xrs vfprintf exit -Xss2m 
java_command: <unknown>
java_class_path (initial): /opt/R/R-4.0.3/lib64/R/library/rJava/java/boot
Launcher Type: generic

Environment Variables:
PATH=/lrlhps/apps/python/python-3.6.5/bin:/opt/uge/uge-8.6.6/bin/lx-amd64:/usr/lib64/qt-3.3/bin:/usr/local/bin:/usr/bin:/usr/local/sbin:/usr/sbin:/opt/puppetlabs/bin:/home/c242664/bin:/usr/lib/rstudio-server/bin/postback:/usr/lib/rstudio-server/bin/postback:/usr/lib/rstudio-server/bin/postback:/usr/lib/rstudio-server/bin/postback
LD_LIBRARY_PATH=/opt/uge/uge-8.6.6/lib/lilly:/opt/R/R-4.0.3/lib64/R/lib::/opt/rh/devtoolset-8/root/usr/lib64:/opt/rh/devtoolset-8/root/usr/lib:/opt/rh/devtoolset-8/root/usr/lib64/dyninst:/opt/rh/devtoolset-8/root/usr/lib/dyninst:/lrlhps/apps/libpostal/libpostal-1.1/lib:/lrlhps/apps/zeromq/zeromq-4.3.3/lib:/lrlhps/apps/jags/jags-4.3.0/lib:/lrlhps/apps/gdal/gdal-3.2.0/lib:/lrlhps/apps/proj/proj-7.2.0/lib:/lrlhps/apps/sqlite/sqlite-3.33.0/lib:/lrlhps/apps/gsl/gsl-2.6/lib:/lib:/usr/local/lib64:/lrlhps/apps/intel/intel-2020/compilers_and_libraries/linux/mkl/lib/intel64:/usr/lib/jvm/java/jre/lib/amd64/server:/oracle/product/current/lib:/lrlhps/apps/hdf5/hdf5-1.12.0/lib
DISPLAY=:0

Signal Handlers:
SIGSEGV: [libjvm.so+0xb666a0], sa_mask[0]=11111111011111111101111111111110, sa_flags=SA_RESTART|SA_SIGINFO
SIGBUS: [libjvm.so+0xb666a0], sa_mask[0]=11111111011111111101111111111110, sa_flags=SA_RESTART|SA_SIGINFO
SIGFPE: [libjvm.so+0x93c350], sa_mask[0]=11111111011111111101111111111110, sa_flags=SA_RESTART|SA_SIGINFO
SIGPIPE: [libjvm.so+0x93c350], sa_mask[0]=11111111011111111101111111111110, sa_flags=SA_RESTART|SA_SIGINFO
SIGXFSZ: [libjvm.so+0x93c350], sa_mask[0]=11111111011111111101111111111110, sa_flags=SA_RESTART|SA_SIGINFO
SIGILL: [libjvm.so+0x93c350], sa_mask[0]=11111111011111111101111111111110, sa_flags=SA_RESTART|SA_SIGINFO
SIGUSR1: [rsession+0x298110], sa_mask[0]=00000000010000000000000000000000, sa_flags=SA_RESTART
SIGUSR2: [libjvm.so+0x93c4c0], sa_mask[0]=11000000000000000000000000000000, sa_flags=SA_RESTART|SA_SIGINFO
SIGHUP: SIG_IGN, sa_mask[0]=00000000000000000000000000000000, sa_flags=none
SIGINT: [rsession+0x19dd10], sa_mask[0]=01000000000000000000000000000000, sa_flags=SA_RESTART
SIGTERM: SIG_DFL, sa_mask[0]=00000000000000000000000000000000, sa_flags=none
SIGQUIT: SIG_DFL, sa_mask[0]=00000000000000000000000000000000, sa_flags=none


---------------  S Y S T E M  ---------------

OS:Red Hat Enterprise Linux Server release 7.9 (Maipo)

uname:Linux 3.10.0-1160.62.1.el7.x86_64 #1 SMP Wed Mar 23 09:04:02 UTC 2022 x86_64
libc:glibc 2.17 NPTL 2.17 
rlimit: STACK 8192k, CORE 0k, NPROC 600, NOFILE 4096, AS 100663296k
load average:1.99 1.41 1.15

/proc/meminfo:
MemTotal:       263845408 kB
MemFree:         6597804 kB
MemAvailable:   11060112 kB
Buffers:               0 kB
Cached:          6057864 kB
SwapCached:       237368 kB
Active:         240790808 kB
Inactive:       12597124 kB
Active(anon):   240577176 kB
Inactive(anon):  7683996 kB
Active(file):     213632 kB
Inactive(file):  4913128 kB
Unevictable:          16 kB
Mlocked:              16 kB
SwapTotal:       8388604 kB
SwapFree:              0 kB
Dirty:              1496 kB
Writeback:             0 kB
AnonPages:      247093416 kB
Mapped:           122904 kB
Shmem:            931072 kB
Slab:             398032 kB
SReclaimable:     214140 kB
SUnreclaim:       183892 kB
KernelStack:       27872 kB
PageTables:       582424 kB
NFS_Unstable:          0 kB
Bounce:                0 kB
WritebackTmp:          0 kB
CommitLimit:    140311308 kB
Committed_AS:   288827176 kB
VmallocTotal:   34359738367 kB
VmallocUsed:      716372 kB
VmallocChunk:   34224736252 kB
Percpu:             9216 kB
HardwareCorrupted:     0 kB
AnonHugePages:  60801024 kB
CmaTotal:              0 kB
CmaFree:               0 kB
HugePages_Total:       0
HugePages_Free:        0
HugePages_Rsvd:        0
HugePages_Surp:        0
Hugepagesize:       2048 kB
DirectMap4k:      586304 kB
DirectMap2M:    73734144 kB
DirectMap1G:    196083712 kB

container (cgroup) information:
container_type: cgroupv1
cpu_cpuset_cpus: 0-23
cpu_memory_nodes: 0-1
active_processor_count: 24
cpu_quota: -1
cpu_period: 100000
cpu_shares: -1
memory_limit_in_bytes: -1
memory_and_swap_limit_in_bytes: -1
memory_soft_limit_in_bytes: -1
memory_usage_in_bytes: 259452727296
memory_max_usage_in_bytes: 0


CPU:total 24 (initial active 24) (12 cores per cpu, 2 threads per core) family 6 model 63 stepping 2, cmov, cx8, fxsr, mmx, sse, sse2, sse3, ssse3, sse4.1, sse4.2, popcnt, avx, avx2, aes, clmul, erms, lzcnt, ht, tsc, tscinvbit, bmi1, bmi2

/proc/cpuinfo:
processor	: 0
vendor_id	: GenuineIntel
cpu family	: 6
model		: 63
model name	: Intel(R) Xeon(R) CPU E5-2680 v3 @ 2.50GHz
stepping	: 2
microcode	: 0x49
cpu MHz		: 2500.000
cache size	: 30720 KB
physical id	: 0
siblings	: 12
core id		: 0
cpu cores	: 12
apicid		: 0
initial apicid	: 0
fpu		: yes
fpu_exception	: yes
cpuid level	: 15
wp		: yes
flags		: fpu vme de pse tsc msr pae mce cx8 apic sep mtrr pge mca cmov pat pse36 clflush dts acpi mmx fxsr sse sse2 ss ht tm pbe syscall nx pdpe1gb rdtscp lm constant_tsc arch_perfmon pebs bts rep_good nopl xtopology nonstop_tsc aperfmperf eagerfpu pni pclmulqdq dtes64 monitor ds_cpl vmx smx est tm2 ssse3 sdbg fma cx16 xtpr pdcm pcid dca sse4_1 sse4_2 x2apic movbe popcnt tsc_deadline_timer aes xsave avx f16c rdrand lahf_lm abm epb invpcid_single intel_ppin ssbd ibrs ibpb stibp tpr_shadow vnmi flexpriority ept vpid fsgsbase tsc_adjust bmi1 avx2 smep bmi2 erms invpcid cqm xsaveopt cqm_llc cqm_occup_llc dtherm ida arat pln pts md_clear spec_ctrl intel_stibp flush_l1d
bogomips	: 4993.65
clflush size	: 64
cache_alignment	: 64
address sizes	: 46 bits physical, 48 bits virtual
power management:

processor	: 1
vendor_id	: GenuineIntel
cpu family	: 6
model		: 63
model name	: Intel(R) Xeon(R) CPU E5-2680 v3 @ 2.50GHz
stepping	: 2
microcode	: 0x49
cpu MHz		: 2500.000
cache size	: 30720 KB
physical id	: 0
siblings	: 12
core id		: 2
cpu cores	: 12
apicid		: 4
initial apicid	: 4
fpu		: yes
fpu_exception	: yes
cpuid level	: 15
wp		: yes
flags		: fpu vme de pse tsc msr pae mce cx8 apic sep mtrr pge mca cmov pat pse36 clflush dts acpi mmx fxsr sse sse2 ss ht tm pbe syscall nx pdpe1gb rdtscp lm constant_tsc arch_perfmon pebs bts rep_good nopl xtopology nonstop_tsc aperfmperf eagerfpu pni pclmulqdq dtes64 monitor ds_cpl vmx smx est tm2 ssse3 sdbg fma cx16 xtpr pdcm pcid dca sse4_1 sse4_2 x2apic movbe popcnt tsc_deadline_timer aes xsave avx f16c rdrand lahf_lm abm epb invpcid_single intel_ppin ssbd ibrs ibpb stibp tpr_shadow vnmi flexpriority ept vpid fsgsbase tsc_adjust bmi1 avx2 smep bmi2 erms invpcid cqm xsaveopt cqm_llc cqm_occup_llc dtherm ida arat pln pts md_clear spec_ctrl intel_stibp flush_l1d
bogomips	: 4993.65
clflush size	: 64
cache_alignment	: 64
address sizes	: 46 bits physical, 48 bits virtual
power management:

processor	: 2
vendor_id	: GenuineIntel
cpu family	: 6
model		: 63
model name	: Intel(R) Xeon(R) CPU E5-2680 v3 @ 2.50GHz
stepping	: 2
microcode	: 0x49
cpu MHz		: 2500.000
cache size	: 30720 KB
physical id	: 0
siblings	: 12
core id		: 4
cpu cores	: 12
apicid		: 8
initial apicid	: 8
fpu		: yes
fpu_exception	: yes
cpuid level	: 15
wp		: yes
flags		: fpu vme de pse tsc msr pae mce cx8 apic sep mtrr pge mca cmov pat pse36 clflush dts acpi mmx fxsr sse sse2 ss ht tm pbe syscall nx pdpe1gb rdtscp lm constant_tsc arch_perfmon pebs bts rep_good nopl xtopology nonstop_tsc aperfmperf eagerfpu pni pclmulqdq dtes64 monitor ds_cpl vmx smx est tm2 ssse3 sdbg fma cx16 xtpr pdcm pcid dca sse4_1 sse4_2 x2apic movbe popcnt tsc_deadline_timer aes xsave avx f16c rdrand lahf_lm abm epb invpcid_single intel_ppin ssbd ibrs ibpb stibp tpr_shadow vnmi flexpriority ept vpid fsgsbase tsc_adjust bmi1 avx2 smep bmi2 erms invpcid cqm xsaveopt cqm_llc cqm_occup_llc dtherm ida arat pln pts md_clear spec_ctrl intel_stibp flush_l1d
bogomips	: 4993.65
clflush size	: 64
cache_alignment	: 64
address sizes	: 46 bits physical, 48 bits virtual
power management:

processor	: 3
vendor_id	: GenuineIntel
cpu family	: 6
model		: 63
model name	: Intel(R) Xeon(R) CPU E5-2680 v3 @ 2.50GHz
stepping	: 2
microcode	: 0x49
cpu MHz		: 2500.000
cache size	: 30720 KB
physical id	: 0
siblings	: 12
core id		: 8
cpu cores	: 12
apicid		: 16
initial apicid	: 16
fpu		: yes
fpu_exception	: yes
cpuid level	: 15
wp		: yes
flags		: fpu vme de pse tsc msr pae mce cx8 apic sep mtrr pge mca cmov pat pse36 clflush dts acpi mmx fxsr sse sse2 ss ht tm pbe syscall nx pdpe1gb rdtscp lm constant_tsc arch_perfmon pebs bts rep_good nopl xtopology nonstop_tsc aperfmperf eagerfpu pni pclmulqdq dtes64 monitor ds_cpl vmx smx est tm2 ssse3 sdbg fma cx16 xtpr pdcm pcid dca sse4_1 sse4_2 x2apic movbe popcnt tsc_deadline_timer aes xsave avx f16c rdrand lahf_lm abm epb invpcid_single intel_ppin ssbd ibrs ibpb stibp tpr_shadow vnmi flexpriority ept vpid fsgsbase tsc_adjust bmi1 avx2 smep bmi2 erms invpcid cqm xsaveopt cqm_llc cqm_occup_llc dtherm ida arat pln pts md_clear spec_ctrl intel_stibp flush_l1d
bogomips	: 4993.65
clflush size	: 64
cache_alignment	: 64
address sizes	: 46 bits physical, 48 bits virtual
power management:

processor	: 4
vendor_id	: GenuineIntel
cpu family	: 6
model		: 63
model name	: Intel(R) Xeon(R) CPU E5-2680 v3 @ 2.50GHz
stepping	: 2
microcode	: 0x49
cpu MHz		: 2500.000
cache size	: 30720 KB
physical id	: 0
siblings	: 12
core id		: 10
cpu cores	: 12
apicid		: 20
initial apicid	: 20
fpu		: yes
fpu_exception	: yes
cpuid level	: 15
wp		: yes
flags		: fpu vme de pse tsc msr pae mce cx8 apic sep mtrr pge mca cmov pat pse36 clflush dts acpi mmx fxsr sse sse2 ss ht tm pbe syscall nx pdpe1gb rdtscp lm constant_tsc arch_perfmon pebs bts rep_good nopl xtopology nonstop_tsc aperfmperf eagerfpu pni pclmulqdq dtes64 monitor ds_cpl vmx smx est tm2 ssse3 sdbg fma cx16 xtpr pdcm pcid dca sse4_1 sse4_2 x2apic movbe popcnt tsc_deadline_timer aes xsave avx f16c rdrand lahf_lm abm epb invpcid_single intel_ppin ssbd ibrs ibpb stibp tpr_shadow vnmi flexpriority ept vpid fsgsbase tsc_adjust bmi1 avx2 smep bmi2 erms invpcid cqm xsaveopt cqm_llc cqm_occup_llc dtherm ida arat pln pts md_clear spec_ctrl intel_stibp flush_l1d
bogomips	: 4993.65
clflush size	: 64
cache_alignment	: 64
address sizes	: 46 bits physical, 48 bits virtual
power management:

processor	: 5
vendor_id	: GenuineIntel
cpu family	: 6
model		: 63
model name	: Intel(R) Xeon(R) CPU E5-2680 v3 @ 2.50GHz
stepping	: 2
microcode	: 0x49
cpu MHz		: 2500.000
cache size	: 30720 KB
physical id	: 0
siblings	: 12
core id		: 12
cpu cores	: 12
apicid		: 24
initial apicid	: 24
fpu		: yes
fpu_exception	: yes
cpuid level	: 15
wp		: yes
flags		: fpu vme de pse tsc msr pae mce cx8 apic sep mtrr pge mca cmov pat pse36 clflush dts acpi mmx fxsr sse sse2 ss ht tm pbe syscall nx pdpe1gb rdtscp lm constant_tsc arch_perfmon pebs bts rep_good nopl xtopology nonstop_tsc aperfmperf eagerfpu pni pclmulqdq dtes64 monitor ds_cpl vmx smx est tm2 ssse3 sdbg fma cx16 xtpr pdcm pcid dca sse4_1 sse4_2 x2apic movbe popcnt tsc_deadline_timer aes xsave avx f16c rdrand lahf_lm abm epb invpcid_single intel_ppin ssbd ibrs ibpb stibp tpr_shadow vnmi flexpriority ept vpid fsgsbase tsc_adjust bmi1 avx2 smep bmi2 erms invpcid cqm xsaveopt cqm_llc cqm_occup_llc dtherm ida arat pln pts md_clear spec_ctrl intel_stibp flush_l1d
bogomips	: 4993.65
clflush size	: 64
cache_alignment	: 64
address sizes	: 46 bits physical, 48 bits virtual
power management:

processor	: 6
vendor_id	: GenuineIntel
cpu family	: 6
model		: 63
model name	: Intel(R) Xeon(R) CPU E5-2680 v3 @ 2.50GHz
stepping	: 2
microcode	: 0x49
cpu MHz		: 2500.000
cache size	: 30720 KB
physical id	: 1
siblings	: 12
core id		: 0
cpu cores	: 12
apicid		: 32
initial apicid	: 32
fpu		: yes
fpu_exception	: yes
cpuid level	: 15
wp		: yes
flags		: fpu vme de pse tsc msr pae mce cx8 apic sep mtrr pge mca cmov pat pse36 clflush dts acpi mmx fxsr sse sse2 ss ht tm pbe syscall nx pdpe1gb rdtscp lm constant_tsc arch_perfmon pebs bts rep_good nopl xtopology nonstop_tsc aperfmperf eagerfpu pni pclmulqdq dtes64 monitor ds_cpl vmx smx est tm2 ssse3 sdbg fma cx16 xtpr pdcm pcid dca sse4_1 sse4_2 x2apic movbe popcnt tsc_deadline_timer aes xsave avx f16c rdrand lahf_lm abm epb invpcid_single intel_ppin ssbd ibrs ibpb stibp tpr_shadow vnmi flexpriority ept vpid fsgsbase tsc_adjust bmi1 avx2 smep bmi2 erms invpcid cqm xsaveopt cqm_llc cqm_occup_llc dtherm ida arat pln pts md_clear spec_ctrl intel_stibp flush_l1d
bogomips	: 4998.87
clflush size	: 64
cache_alignment	: 64
address sizes	: 46 bits physical, 48 bits virtual
power management:

processor	: 7
vendor_id	: GenuineIntel
cpu family	: 6
model		: 63
model name	: Intel(R) Xeon(R) CPU E5-2680 v3 @ 2.50GHz
stepping	: 2
microcode	: 0x49
cpu MHz		: 2500.000
cache size	: 30720 KB
physical id	: 1
siblings	: 12
core id		: 2
cpu cores	: 12
apicid		: 36
initial apicid	: 36
fpu		: yes
fpu_exception	: yes
cpuid level	: 15
wp		: yes
flags		: fpu vme de pse tsc msr pae mce cx8 apic sep mtrr pge mca cmov pat pse36 clflush dts acpi mmx fxsr sse sse2 ss ht tm pbe syscall nx pdpe1gb rdtscp lm constant_tsc arch_perfmon pebs bts rep_good nopl xtopology nonstop_tsc aperfmperf eagerfpu pni pclmulqdq dtes64 monitor ds_cpl vmx smx est tm2 ssse3 sdbg fma cx16 xtpr pdcm pcid dca sse4_1 sse4_2 x2apic movbe popcnt tsc_deadline_timer aes xsave avx f16c rdrand lahf_lm abm epb invpcid_single intel_ppin ssbd ibrs ibpb stibp tpr_shadow vnmi flexpriority ept vpid fsgsbase tsc_adjust bmi1 avx2 smep bmi2 erms invpcid cqm xsaveopt cqm_llc cqm_occup_llc dtherm ida arat pln pts md_clear spec_ctrl intel_stibp flush_l1d
bogomips	: 4998.87
clflush size	: 64
cache_alignment	: 64
address sizes	: 46 bits physical, 48 bits virtual
power management:

processor	: 8
vendor_id	: GenuineIntel
cpu family	: 6
model		: 63
model name	: Intel(R) Xeon(R) CPU E5-2680 v3 @ 2.50GHz
stepping	: 2
microcode	: 0x49
cpu MHz		: 2500.000
cache size	: 30720 KB
physical id	: 1
siblings	: 12
core id		: 4
cpu cores	: 12
apicid		: 40
initial apicid	: 40
fpu		: yes
fpu_exception	: yes
cpuid level	: 15
wp		: yes
flags		: fpu vme de pse tsc msr pae mce cx8 apic sep mtrr pge mca cmov pat pse36 clflush dts acpi mmx fxsr sse sse2 ss ht tm pbe syscall nx pdpe1gb rdtscp lm constant_tsc arch_perfmon pebs bts rep_good nopl xtopology nonstop_tsc aperfmperf eagerfpu pni pclmulqdq dtes64 monitor ds_cpl vmx smx est tm2 ssse3 sdbg fma cx16 xtpr pdcm pcid dca sse4_1 sse4_2 x2apic movbe popcnt tsc_deadline_timer aes xsave avx f16c rdrand lahf_lm abm epb invpcid_single intel_ppin ssbd ibrs ibpb stibp tpr_shadow vnmi flexpriority ept vpid fsgsbase tsc_adjust bmi1 avx2 smep bmi2 erms invpcid cqm xsaveopt cqm_llc cqm_occup_llc dtherm ida arat pln pts md_clear spec_ctrl intel_stibp flush_l1d
bogomips	: 4998.87
clflush size	: 64
cache_alignment	: 64
address sizes	: 46 bits physical, 48 bits virtual
power management:

processor	: 9
vendor_id	: GenuineIntel
cpu family	: 6
model		: 63
model name	: Intel(R) Xeon(R) CPU E5-2680 v3 @ 2.50GHz
stepping	: 2
microcode	: 0x49
cpu MHz		: 2500.000
cache size	: 30720 KB
physical id	: 1
siblings	: 12
core id		: 8
cpu cores	: 12
apicid		: 48
initial apicid	: 48
fpu		: yes
fpu_exception	: yes
cpuid level	: 15
wp		: yes
flags		: fpu vme de pse tsc msr pae mce cx8 apic sep mtrr pge mca cmov pat pse36 clflush dts acpi mmx fxsr sse sse2 ss ht tm pbe syscall nx pdpe1gb rdtscp lm constant_tsc arch_perfmon pebs bts rep_good nopl xtopology nonstop_tsc aperfmperf eagerfpu pni pclmulqdq dtes64 monitor ds_cpl vmx smx est tm2 ssse3 sdbg fma cx16 xtpr pdcm pcid dca sse4_1 sse4_2 x2apic movbe popcnt tsc_deadline_timer aes xsave avx f16c rdrand lahf_lm abm epb invpcid_single intel_ppin ssbd ibrs ibpb stibp tpr_shadow vnmi flexpriority ept vpid fsgsbase tsc_adjust bmi1 avx2 smep bmi2 erms invpcid cqm xsaveopt cqm_llc cqm_occup_llc dtherm ida arat pln pts md_clear spec_ctrl intel_stibp flush_l1d
bogomips	: 4998.87
clflush size	: 64
cache_alignment	: 64
address sizes	: 46 bits physical, 48 bits virtual
power management:

processor	: 10
vendor_id	: GenuineIntel
cpu family	: 6
model		: 63
model name	: Intel(R) Xeon(R) CPU E5-2680 v3 @ 2.50GHz
stepping	: 2
microcode	: 0x49
cpu MHz		: 2500.000
cache size	: 30720 KB
physical id	: 1
siblings	: 12
core id		: 10
cpu cores	: 12
apicid		: 52
initial apicid	: 52
fpu		: yes
fpu_exception	: yes
cpuid level	: 15
wp		: yes
flags		: fpu vme de pse tsc msr pae mce cx8 apic sep mtrr pge mca cmov pat pse36 clflush dts acpi mmx fxsr sse sse2 ss ht tm pbe syscall nx pdpe1gb rdtscp lm constant_tsc arch_perfmon pebs bts rep_good nopl xtopology nonstop_tsc aperfmperf eagerfpu pni pclmulqdq dtes64 monitor ds_cpl vmx smx est tm2 ssse3 sdbg fma cx16 xtpr pdcm pcid dca sse4_1 sse4_2 x2apic movbe popcnt tsc_deadline_timer aes xsave avx f16c rdrand lahf_lm abm epb invpcid_single intel_ppin ssbd ibrs ibpb stibp tpr_shadow vnmi flexpriority ept vpid fsgsbase tsc_adjust bmi1 avx2 smep bmi2 erms invpcid cqm xsaveopt cqm_llc cqm_occup_llc dtherm ida arat pln pts md_clear spec_ctrl intel_stibp flush_l1d
bogomips	: 4998.87
clflush size	: 64
cache_alignment	: 64
address sizes	: 46 bits physical, 48 bits virtual
power management:

processor	: 11
vendor_id	: GenuineIntel
cpu family	: 6
model		: 63
model name	: Intel(R) Xeon(R) CPU E5-2680 v3 @ 2.50GHz
stepping	: 2
microcode	: 0x49
cpu MHz		: 2500.000
cache size	: 30720 KB
physical id	: 1
siblings	: 12
core id		: 12
cpu cores	: 12
apicid		: 56
initial apicid	: 56
fpu		: yes
fpu_exception	: yes
cpuid level	: 15
wp		: yes
flags		: fpu vme de pse tsc msr pae mce cx8 apic sep mtrr pge mca cmov pat pse36 clflush dts acpi mmx fxsr sse sse2 ss ht tm pbe syscall nx pdpe1gb rdtscp lm constant_tsc arch_perfmon pebs bts rep_good nopl xtopology nonstop_tsc aperfmperf eagerfpu pni pclmulqdq dtes64 monitor ds_cpl vmx smx est tm2 ssse3 sdbg fma cx16 xtpr pdcm pcid dca sse4_1 sse4_2 x2apic movbe popcnt tsc_deadline_timer aes xsave avx f16c rdrand lahf_lm abm epb invpcid_single intel_ppin ssbd ibrs ibpb stibp tpr_shadow vnmi flexpriority ept vpid fsgsbase tsc_adjust bmi1 avx2 smep bmi2 erms invpcid cqm xsaveopt cqm_llc cqm_occup_llc dtherm ida arat pln pts md_clear spec_ctrl intel_stibp flush_l1d
bogomips	: 4998.87
clflush size	: 64
cache_alignment	: 64
address sizes	: 46 bits physical, 48 bits virtual
power management:

processor	: 12
vendor_id	: GenuineIntel
cpu family	: 6
model		: 63
model name	: Intel(R) Xeon(R) CPU E5-2680 v3 @ 2.50GHz
stepping	: 2
microcode	: 0x49
cpu MHz		: 2500.000
cache size	: 30720 KB
physical id	: 0
siblings	: 12
core id		: 1
cpu cores	: 12
apicid		: 2
initial apicid	: 2
fpu		: yes
fpu_exception	: yes
cpuid level	: 15
wp		: yes
flags		: fpu vme de pse tsc msr pae mce cx8 apic sep mtrr pge mca cmov pat pse36 clflush dts acpi mmx fxsr sse sse2 ss ht tm pbe syscall nx pdpe1gb rdtscp lm constant_tsc arch_perfmon pebs bts rep_good nopl xtopology nonstop_tsc aperfmperf eagerfpu pni pclmulqdq dtes64 monitor ds_cpl vmx smx est tm2 ssse3 sdbg fma cx16 xtpr pdcm pcid dca sse4_1 sse4_2 x2apic movbe popcnt tsc_deadline_timer aes xsave avx f16c rdrand lahf_lm abm epb invpcid_single intel_ppin ssbd ibrs ibpb stibp tpr_shadow vnmi flexpriority ept vpid fsgsbase tsc_adjust bmi1 avx2 smep bmi2 erms invpcid cqm xsaveopt cqm_llc cqm_occup_llc dtherm ida arat pln pts md_clear spec_ctrl intel_stibp flush_l1d
bogomips	: 4993.65
clflush size	: 64
cache_alignment	: 64
address sizes	: 46 bits physical, 48 bits virtual
power management:

processor	: 13
vendor_id	: GenuineIntel
cpu family	: 6
model		: 63
model name	: Intel(R) Xeon(R) CPU E5-2680 v3 @ 2.50GHz
stepping	: 2
microcode	: 0x49
cpu MHz		: 2500.000
cache size	: 30720 KB
physical id	: 0
siblings	: 12
core id		: 3
cpu cores	: 12
apicid		: 6
initial apicid	: 6
fpu		: yes
fpu_exception	: yes
cpuid level	: 15
wp		: yes
flags		: fpu vme de pse tsc msr pae mce cx8 apic sep mtrr pge mca cmov pat pse36 clflush dts acpi mmx fxsr sse sse2 ss ht tm pbe syscall nx pdpe1gb rdtscp lm constant_tsc arch_perfmon pebs bts rep_good nopl xtopology nonstop_tsc aperfmperf eagerfpu pni pclmulqdq dtes64 monitor ds_cpl vmx smx est tm2 ssse3 sdbg fma cx16 xtpr pdcm pcid dca sse4_1 sse4_2 x2apic movbe popcnt tsc_deadline_timer aes xsave avx f16c rdrand lahf_lm abm epb invpcid_single intel_ppin ssbd ibrs ibpb stibp tpr_shadow vnmi flexpriority ept vpid fsgsbase tsc_adjust bmi1 avx2 smep bmi2 erms invpcid cqm xsaveopt cqm_llc cqm_occup_llc dtherm ida arat pln pts md_clear spec_ctrl intel_stibp flush_l1d
bogomips	: 4993.65
clflush size	: 64
cache_alignment	: 64
address sizes	: 46 bits physical, 48 bits virtual
power management:

processor	: 14
vendor_id	: GenuineIntel
cpu family	: 6
model		: 63
model name	: Intel(R) Xeon(R) CPU E5-2680 v3 @ 2.50GHz
stepping	: 2
microcode	: 0x49
cpu MHz		: 2500.000
cache size	: 30720 KB
physical id	: 0
siblings	: 12
core id		: 5
cpu cores	: 12
apicid		: 10
initial apicid	: 10
fpu		: yes
fpu_exception	: yes
cpuid level	: 15
wp		: yes
flags		: fpu vme de pse tsc msr pae mce cx8 apic sep mtrr pge mca cmov pat pse36 clflush dts acpi mmx fxsr sse sse2 ss ht tm pbe syscall nx pdpe1gb rdtscp lm constant_tsc arch_perfmon pebs bts rep_good nopl xtopology nonstop_tsc aperfmperf eagerfpu pni pclmulqdq dtes64 monitor ds_cpl vmx smx est tm2 ssse3 sdbg fma cx16 xtpr pdcm pcid dca sse4_1 sse4_2 x2apic movbe popcnt tsc_deadline_timer aes xsave avx f16c rdrand lahf_lm abm epb invpcid_single intel_ppin ssbd ibrs ibpb stibp tpr_shadow vnmi flexpriority ept vpid fsgsbase tsc_adjust bmi1 avx2 smep bmi2 erms invpcid cqm xsaveopt cqm_llc cqm_occup_llc dtherm ida arat pln pts md_clear spec_ctrl intel_stibp flush_l1d
bogomips	: 4993.65
clflush size	: 64
cache_alignment	: 64
address sizes	: 46 bits physical, 48 bits virtual
power management:

processor	: 15
vendor_id	: GenuineIntel
cpu family	: 6
model		: 63
model name	: Intel(R) Xeon(R) CPU E5-2680 v3 @ 2.50GHz
stepping	: 2
microcode	: 0x49
cpu MHz		: 2500.000
cache size	: 30720 KB
physical id	: 0
siblings	: 12
core id		: 9
cpu cores	: 12
apicid		: 18
initial apicid	: 18
fpu		: yes
fpu_exception	: yes
cpuid level	: 15
wp		: yes
flags		: fpu vme de pse tsc msr pae mce cx8 apic sep mtrr pge mca cmov pat pse36 clflush dts acpi mmx fxsr sse sse2 ss ht tm pbe syscall nx pdpe1gb rdtscp lm constant_tsc arch_perfmon pebs bts rep_good nopl xtopology nonstop_tsc aperfmperf eagerfpu pni pclmulqdq dtes64 monitor ds_cpl vmx smx est tm2 ssse3 sdbg fma cx16 xtpr pdcm pcid dca sse4_1 sse4_2 x2apic movbe popcnt tsc_deadline_timer aes xsave avx f16c rdrand lahf_lm abm epb invpcid_single intel_ppin ssbd ibrs ibpb stibp tpr_shadow vnmi flexpriority ept vpid fsgsbase tsc_adjust bmi1 avx2 smep bmi2 erms invpcid cqm xsaveopt cqm_llc cqm_occup_llc dtherm ida arat pln pts md_clear spec_ctrl intel_stibp flush_l1d
bogomips	: 4993.65
clflush size	: 64
cache_alignment	: 64
address sizes	: 46 bits physical, 48 bits virtual
power management:

processor	: 16
vendor_id	: GenuineIntel
cpu family	: 6
model		: 63
model name	: Intel(R) Xeon(R) CPU E5-2680 v3 @ 2.50GHz
stepping	: 2
microcode	: 0x49
cpu MHz		: 2500.000
cache size	: 30720 KB
physical id	: 0
siblings	: 12
core id		: 11
cpu cores	: 12
apicid		: 22
initial apicid	: 22
fpu		: yes
fpu_exception	: yes
cpuid level	: 15
wp		: yes
flags		: fpu vme de pse tsc msr pae mce cx8 apic sep mtrr pge mca cmov pat pse36 clflush dts acpi mmx fxsr sse sse2 ss ht tm pbe syscall nx pdpe1gb rdtscp lm constant_tsc arch_perfmon pebs bts rep_good nopl xtopology nonstop_tsc aperfmperf eagerfpu pni pclmulqdq dtes64 monitor ds_cpl vmx smx est tm2 ssse3 sdbg fma cx16 xtpr pdcm pcid dca sse4_1 sse4_2 x2apic movbe popcnt tsc_deadline_timer aes xsave avx f16c rdrand lahf_lm abm epb invpcid_single intel_ppin ssbd ibrs ibpb stibp tpr_shadow vnmi flexpriority ept vpid fsgsbase tsc_adjust bmi1 avx2 smep bmi2 erms invpcid cqm xsaveopt cqm_llc cqm_occup_llc dtherm ida arat pln pts md_clear spec_ctrl intel_stibp flush_l1d
bogomips	: 4993.65
clflush size	: 64
cache_alignment	: 64
address sizes	: 46 bits physical, 48 bits virtual
power management:

processor	: 17
vendor_id	: GenuineIntel
cpu family	: 6
model		: 63
model name	: Intel(R) Xeon(R) CPU E5-2680 v3 @ 2.50GHz
stepping	: 2
microcode	: 0x49
cpu MHz		: 2500.000
cache size	: 30720 KB
physical id	: 0
siblings	: 12
core id		: 13
cpu cores	: 12
apicid		: 26
initial apicid	: 26
fpu		: yes
fpu_exception	: yes
cpuid level	: 15
wp		: yes
flags		: fpu vme de pse tsc msr pae mce cx8 apic sep mtrr pge mca cmov pat pse36 clflush dts acpi mmx fxsr sse sse2 ss ht tm pbe syscall nx pdpe1gb rdtscp lm constant_tsc arch_perfmon pebs bts rep_good nopl xtopology nonstop_tsc aperfmperf eagerfpu pni pclmulqdq dtes64 monitor ds_cpl vmx smx est tm2 ssse3 sdbg fma cx16 xtpr pdcm pcid dca sse4_1 sse4_2 x2apic movbe popcnt tsc_deadline_timer aes xsave avx f16c rdrand lahf_lm abm epb invpcid_single intel_ppin ssbd ibrs ibpb stibp tpr_shadow vnmi flexpriority ept vpid fsgsbase tsc_adjust bmi1 avx2 smep bmi2 erms invpcid cqm xsaveopt cqm_llc cqm_occup_llc dtherm ida arat pln pts md_clear spec_ctrl intel_stibp flush_l1d
bogomips	: 4993.65
clflush size	: 64
cache_alignment	: 64
address sizes	: 46 bits physical, 48 bits virtual
power management:

processor	: 18
vendor_id	: GenuineIntel
cpu family	: 6
model		: 63
model name	: Intel(R) Xeon(R) CPU E5-2680 v3 @ 2.50GHz
stepping	: 2
microcode	: 0x49
cpu MHz		: 2500.000
cache size	: 30720 KB
physical id	: 1
siblings	: 12
core id		: 1
cpu cores	: 12
apicid		: 34
initial apicid	: 34
fpu		: yes
fpu_exception	: yes
cpuid level	: 15
wp		: yes
flags		: fpu vme de pse tsc msr pae mce cx8 apic sep mtrr pge mca cmov pat pse36 clflush dts acpi mmx fxsr sse sse2 ss ht tm pbe syscall nx pdpe1gb rdtscp lm constant_tsc arch_perfmon pebs bts rep_good nopl xtopology nonstop_tsc aperfmperf eagerfpu pni pclmulqdq dtes64 monitor ds_cpl vmx smx est tm2 ssse3 sdbg fma cx16 xtpr pdcm pcid dca sse4_1 sse4_2 x2apic movbe popcnt tsc_deadline_timer aes xsave avx f16c rdrand lahf_lm abm epb invpcid_single intel_ppin ssbd ibrs ibpb stibp tpr_shadow vnmi flexpriority ept vpid fsgsbase tsc_adjust bmi1 avx2 smep bmi2 erms invpcid cqm xsaveopt cqm_llc cqm_occup_llc dtherm ida arat pln pts md_clear spec_ctrl intel_stibp flush_l1d
bogomips	: 4998.87
clflush size	: 64
cache_alignment	: 64
address sizes	: 46 bits physical, 48 bits virtual
power management:

processor	: 19
vendor_id	: GenuineIntel
cpu family	: 6
model		: 63
model name	: Intel(R) Xeon(R) CPU E5-2680 v3 @ 2.50GHz
stepping	: 2
microcode	: 0x49
cpu MHz		: 2500.000
cache size	: 30720 KB
physical id	: 1
siblings	: 12
core id		: 3
cpu cores	: 12
apicid		: 38
initial apicid	: 38
fpu		: yes
fpu_exception	: yes
cpuid level	: 15
wp		: yes
flags		: fpu vme de pse tsc msr pae mce cx8 apic sep mtrr pge mca cmov pat pse36 clflush dts acpi mmx fxsr sse sse2 ss ht tm pbe syscall nx pdpe1gb rdtscp lm constant_tsc arch_perfmon pebs bts rep_good nopl xtopology nonstop_tsc aperfmperf eagerfpu pni pclmulqdq dtes64 monitor ds_cpl vmx smx est tm2 ssse3 sdbg fma cx16 xtpr pdcm pcid dca sse4_1 sse4_2 x2apic movbe popcnt tsc_deadline_timer aes xsave avx f16c rdrand lahf_lm abm epb invpcid_single intel_ppin ssbd ibrs ibpb stibp tpr_shadow vnmi flexpriority ept vpid fsgsbase tsc_adjust bmi1 avx2 smep bmi2 erms invpcid cqm xsaveopt cqm_llc cqm_occup_llc dtherm ida arat pln pts md_clear spec_ctrl intel_stibp flush_l1d
bogomips	: 4998.87
clflush size	: 64
cache_alignment	: 64
address sizes	: 46 bits physical, 48 bits virtual
power management:

processor	: 20
vendor_id	: GenuineIntel
cpu family	: 6
model		: 63
model name	: Intel(R) Xeon(R) CPU E5-2680 v3 @ 2.50GHz
stepping	: 2
microcode	: 0x49
cpu MHz		: 2500.000
cache size	: 30720 KB
physical id	: 1
siblings	: 12
core id		: 5
cpu cores	: 12
apicid		: 42
initial apicid	: 42
fpu		: yes
fpu_exception	: yes
cpuid level	: 15
wp		: yes
flags		: fpu vme de pse tsc msr pae mce cx8 apic sep mtrr pge mca cmov pat pse36 clflush dts acpi mmx fxsr sse sse2 ss ht tm pbe syscall nx pdpe1gb rdtscp lm constant_tsc arch_perfmon pebs bts rep_good nopl xtopology nonstop_tsc aperfmperf eagerfpu pni pclmulqdq dtes64 monitor ds_cpl vmx smx est tm2 ssse3 sdbg fma cx16 xtpr pdcm pcid dca sse4_1 sse4_2 x2apic movbe popcnt tsc_deadline_timer aes xsave avx f16c rdrand lahf_lm abm epb invpcid_single intel_ppin ssbd ibrs ibpb stibp tpr_shadow vnmi flexpriority ept vpid fsgsbase tsc_adjust bmi1 avx2 smep bmi2 erms invpcid cqm xsaveopt cqm_llc cqm_occup_llc dtherm ida arat pln pts md_clear spec_ctrl intel_stibp flush_l1d
bogomips	: 4998.87
clflush size	: 64
cache_alignment	: 64
address sizes	: 46 bits physical, 48 bits virtual
power management:

processor	: 21
vendor_id	: GenuineIntel
cpu family	: 6
model		: 63
model name	: Intel(R) Xeon(R) CPU E5-2680 v3 @ 2.50GHz
stepping	: 2
microcode	: 0x49
cpu MHz		: 2500.000
cache size	: 30720 KB
physical id	: 1
siblings	: 12
core id		: 9
cpu cores	: 12
apicid		: 50
initial apicid	: 50
fpu		: yes
fpu_exception	: yes
cpuid level	: 15
wp		: yes
flags		: fpu vme de pse tsc msr pae mce cx8 apic sep mtrr pge mca cmov pat pse36 clflush dts acpi mmx fxsr sse sse2 ss ht tm pbe syscall nx pdpe1gb rdtscp lm constant_tsc arch_perfmon pebs bts rep_good nopl xtopology nonstop_tsc aperfmperf eagerfpu pni pclmulqdq dtes64 monitor ds_cpl vmx smx est tm2 ssse3 sdbg fma cx16 xtpr pdcm pcid dca sse4_1 sse4_2 x2apic movbe popcnt tsc_deadline_timer aes xsave avx f16c rdrand lahf_lm abm epb invpcid_single intel_ppin ssbd ibrs ibpb stibp tpr_shadow vnmi flexpriority ept vpid fsgsbase tsc_adjust bmi1 avx2 smep bmi2 erms invpcid cqm xsaveopt cqm_llc cqm_occup_llc dtherm ida arat pln pts md_clear spec_ctrl intel_stibp flush_l1d
bogomips	: 4998.87
clflush size	: 64
cache_alignment	: 64
address sizes	: 46 bits physical, 48 bits virtual
power management:

processor	: 22
vendor_id	: GenuineIntel
cpu family	: 6
model		: 63
model name	: Intel(R) Xeon(R) CPU E5-2680 v3 @ 2.50GHz
stepping	: 2
microcode	: 0x49
cpu MHz		: 2500.000
cache size	: 30720 KB
physical id	: 1
siblings	: 12
core id		: 11
cpu cores	: 12
apicid		: 54
initial apicid	: 54
fpu		: yes
fpu_exception	: yes
cpuid level	: 15
wp		: yes
flags		: fpu vme de pse tsc msr pae mce cx8 apic sep mtrr pge mca cmov pat pse36 clflush dts acpi mmx fxsr sse sse2 ss ht tm pbe syscall nx pdpe1gb rdtscp lm constant_tsc arch_perfmon pebs bts rep_good nopl xtopology nonstop_tsc aperfmperf eagerfpu pni pclmulqdq dtes64 monitor ds_cpl vmx smx est tm2 ssse3 sdbg fma cx16 xtpr pdcm pcid dca sse4_1 sse4_2 x2apic movbe popcnt tsc_deadline_timer aes xsave avx f16c rdrand lahf_lm abm epb invpcid_single intel_ppin ssbd ibrs ibpb stibp tpr_shadow vnmi flexpriority ept vpid fsgsbase tsc_adjust bmi1 avx2 smep bmi2 erms invpcid cqm xsaveopt cqm_llc cqm_occup_llc dtherm ida arat pln pts md_clear spec_ctrl intel_stibp flush_l1d
bogomips	: 4998.87
clflush size	: 64
cache_alignment	: 64
address sizes	: 46 bits physical, 48 bits virtual
power management:

processor	: 23
vendor_id	: GenuineIntel
cpu family	: 6
model		: 63
model name	: Intel(R) Xeon(R) CPU E5-2680 v3 @ 2.50GHz
stepping	: 2
microcode	: 0x49
cpu MHz		: 2500.000
cache size	: 30720 KB
physical id	: 1
siblings	: 12
core id		: 13
cpu cores	: 12
apicid		: 58
initial apicid	: 58
fpu		: yes
fpu_exception	: yes
cpuid level	: 15
wp		: yes
flags		: fpu vme de pse tsc msr pae mce cx8 apic sep mtrr pge mca cmov pat pse36 clflush dts acpi mmx fxsr sse sse2 ss ht tm pbe syscall nx pdpe1gb rdtscp lm constant_tsc arch_perfmon pebs bts rep_good nopl xtopology nonstop_tsc aperfmperf eagerfpu pni pclmulqdq dtes64 monitor ds_cpl vmx smx est tm2 ssse3 sdbg fma cx16 xtpr pdcm pcid dca sse4_1 sse4_2 x2apic movbe popcnt tsc_deadline_timer aes xsave avx f16c rdrand lahf_lm abm epb invpcid_single intel_ppin ssbd ibrs ibpb stibp tpr_shadow vnmi flexpriority ept vpid fsgsbase tsc_adjust bmi1 avx2 smep bmi2 erms invpcid cqm xsaveopt cqm_llc cqm_occup_llc dtherm ida arat pln pts md_clear spec_ctrl intel_stibp flush_l1d
bogomips	: 4998.87
clflush size	: 64
cache_alignment	: 64
address sizes	: 46 bits physical, 48 bits virtual
power management:



Memory: 4k page, physical 263845408k(6597308k free), swap 8388604k(0k free)

vm_info: OpenJDK 64-Bit Server VM (25.322-b06) for linux-amd64 JRE (1.8.0_322-b06), built on Jan 21 2022 06:01:57 by "mockbuild" with gcc 4.8.5 20150623 (Red Hat 4.8.5-44)

time: Thu Jun  9 16:25:21 2022
timezone: EDT
elapsed time: 89.865421 seconds (0d 0h 1m 29s)

