#
# A fatal error has been detected by the Java Runtime Environment:
#
#  SIGSEGV (0xb) at pc=0x00007f70faf3ba00, pid=23856, tid=0x00007f70fe356980
#
# JRE version: OpenJDK Runtime Environment (8.0_322-b06) (build 1.8.0_322-b06)
# Java VM: OpenJDK 64-Bit Server VM (25.322-b06 mixed mode linux-amd64 compressed oops)
# Problematic frame:
# C  [libc.so.6+0x4aa00]  _IO_vfprintf+0x2400
#
# Failed to write core dump. Core dumps have been disabled. To enable core dumping, try "ulimit -c unlimited" before starting Java again
#
# If you would like to submit a bug report, please visit:
#   https://bugzilla.redhat.com/enter_bug.cgi?product=Red%20Hat%20Enterprise%20Linux%207&component=java-1.8.0-openjdk
# The crash happened outside the Java Virtual Machine in native code.
# See problematic frame for where to report the bug.
#

---------------  T H R E A D  ---------------

Current thread (0x000055c065b71000):  JavaThread "main" [_thread_in_native, id=23856, stack(0x00007ffdc310b000,0x00007ffdc3909000)]

siginfo: si_signo: 11 (SIGSEGV), si_code: 1 (SEGV_MAPERR), si_addr: 0x00000000ffffffff

Registers:
RAX=0x0000000000000000, RBX=0x0000000000000000, RCX=0xffffffffffffffff, RDX=0x0000000000000015
RSP=0x00007ffdc38fe380, RBP=0x00007ffdc38ff2c0, RSI=0x00007ffdc38fe408, RDI=0x00000000ffffffff
R8 =0x0000000000000073, R9 =0x00007f70faf3e2cd, R10=0x00007f6ddf98a6af, R11=0x00000000ffffffff
R12=0x00007ffdc38ff288, R13=0x00007ffdc38ff458, R14=0x00007f6ddf98a6a2, R15=0x00007ffdc38ff2d0
RIP=0x00007f70faf3ba00, EFLAGS=0x0000000000010286, CSGSFS=0x0000000000000033, ERR=0x0000000000000004
  TRAPNO=0x000000000000000e

Top of Stack: (sp=0x00007ffdc38fe380)
0x00007ffdc38fe380:   00007f6ddf98a66b 00007f70faf5df2b
0x00007ffdc38fe390:   00000000ffffffff 00007f6ddf98a6b0
0x00007ffdc38fe3a0:   ffffffffffffffff 0000000300000003
0x00007ffdc38fe3b0:   0000000000000002 00007f70faf3ae7a
0x00007ffdc38fe3c0:   00000000ffffffff 0000800000000073
0x00007ffdc38fe3d0:   34aabe2b00000020 00007f6ddf98a6a4
0x00007ffdc38fe3e0:   00007f6ddf98a6ae ffffffffffffffff
0x00007ffdc38fe3f0:   0000000300000000 0000000000000001
0x00007ffdc38fe400:   d807aa98ffffffff 00000000ffffffff
0x00007ffdc38fe410:   0000e00000000073 61de37e700000020
0x00007ffdc38fe420:   00007f6ddf98a6b0 00007f6ddf98a6b1
0x00007ffdc38fe430:   ffffffffffffffff 0000000300000001
0x00007ffdc38fe440:   0000000000000001 80deb1feffffffff
0x00007ffdc38fe450:   742ee8890e712d74 19c4844084df20c5
0x00007ffdc38fe460:   9bdc06a725c71235 c19bf174cf692c14
0x00007ffdc38fe470:   d3ea675170237703 24b535ca8c4cc2fb
0x00007ffdc38fe480:   cf625eace6e9a690 af33f2e1769bee43
0x00007ffdc38fe490:   8ea2294951694025 dda5f206e51b615b
0x00007ffdc38fe4a0:   235646e18e302e1f 44362fb08bd91214
0x00007ffdc38fe4b0:   f210a6bf425570b7 ff98e722c5152800
0x00007ffdc38fe4c0:   306d7268e5b77216 daff467496e718ae
0x00007ffdc38fe4d0:   362658ebd2f11ef3 e86583c3b4204964
0x00007ffdc38fe4e0:   123f82a4af194f9b ab1c5ed5da6d8118
0x00007ffdc38fe4f0:   8cd2996665e0ae28 26f98175a7e742a8
0x00007ffdc38fe500:   000055c104560850 000055c1045608a0
0x00007ffdc38fe510:   000055c104560920 00007ffdc38fea08
0x00007ffdc38fe520:   0000000000000000 00007f70fe35d0c0
0x00007ffdc38fe530:   00007f70fe36f000 00007f70fc8dc202
0x00007ffdc38fe540:   00007f70fc494610 00007f70fc8d7748
0x00007ffdc38fe550:   0000000500000000 0000000100000fef
0x00007ffdc38fe560:   e1ba4687a806618c 00007ffdc38fe6e8
0x00007ffdc38fe570:   00007ffdc38fe6c0 0000000000000001 

Instructions: (pc=0x00007f70faf3ba00)
0x00007f70faf3b9e0:   30 fb ff ff 48 63 85 f8 fa ff ff 48 89 85 68 fa
0x00007f70faf3b9f0:   ff ff e9 c2 e4 ff ff 31 c0 48 83 c9 ff 4c 89 df
0x00007f70faf3ba00:   f2 ae c7 85 70 fa ff ff 00 00 00 00 48 89 ce 48
0x00007f70faf3ba10:   f7 d6 4c 8d 66 ff e9 b7 fd ff ff 48 8d 85 80 fb 

Register to memory mapping:

RAX=0x0000000000000000 is an unknown value
RBX=0x0000000000000000 is an unknown value
RCX=0xffffffffffffffff is an unknown value
RDX=0x0000000000000015 is an unknown value
RSP=0x00007ffdc38fe380 is pointing into the stack for thread: 0x000055c065b71000
RBP=0x00007ffdc38ff2c0 is pointing into the stack for thread: 0x000055c065b71000
RSI=0x00007ffdc38fe408 is pointing into the stack for thread: 0x000055c065b71000
RDI=0x00000000ffffffff is an unknown value
R8 =0x0000000000000073 is an unknown value
R9 =0x00007f70faf3e2cd: _IO_vfprintf+0x4ccd in /lib64/libc.so.6 at 0x00007f70faef1000
R10=0x00007f6ddf98a6af: <offset 0xa6af> in /home/c242664/R/x86_64-pc-linux-gnu-library/4.0/RPostgreSQL/libs/RPostgreSQL.so at 0x00007f6ddf980000
R11=0x00000000ffffffff is an unknown value
R12=0x00007ffdc38ff288 is pointing into the stack for thread: 0x000055c065b71000
R13=0x00007ffdc38ff458 is pointing into the stack for thread: 0x000055c065b71000
R14=0x00007f6ddf98a6a2: <offset 0xa6a2> in /home/c242664/R/x86_64-pc-linux-gnu-library/4.0/RPostgreSQL/libs/RPostgreSQL.so at 0x00007f6ddf980000
R15=0x00007ffdc38ff2d0 is pointing into the stack for thread: 0x000055c065b71000


Stack: [0x00007ffdc310b000,0x00007ffdc3909000],  sp=0x00007ffdc38fe380,  free space=8140k
Native frames: (J=compiled Java code, j=interpreted, Vv=VM code, C=native code)
C  [libc.so.6+0x4aa00]  _IO_vfprintf+0x2400
C  [libc.so.6+0x78179]  vsnprintf+0x79
C  0x28203a7265766972


---------------  P R O C E S S  ---------------

Java Threads: ( => current thread )
  0x000055c069965800 JavaThread "Service Thread" daemon [_thread_blocked, id=26682, stack(0x00007f6e30927000,0x00007f6e30b28000)]
  0x000055c06995a800 JavaThread "C1 CompilerThread11" daemon [_thread_blocked, id=26681, stack(0x00007f6e30b29000,0x00007f6e30c29000)]
  0x000055c069958800 JavaThread "C1 CompilerThread10" daemon [_thread_blocked, id=26680, stack(0x00007f6e30c2a000,0x00007f6e30d2a000)]
  0x000055c069956000 JavaThread "C1 CompilerThread9" daemon [_thread_blocked, id=26679, stack(0x00007f6e30d2b000,0x00007f6e30e2b000)]
  0x000055c069954000 JavaThread "C1 CompilerThread8" daemon [_thread_blocked, id=26678, stack(0x00007f6e30e2c000,0x00007f6e30f2c000)]
  0x000055c069951800 JavaThread "C2 CompilerThread7" daemon [_thread_blocked, id=26677, stack(0x00007f6e30f2d000,0x00007f6e3102d000)]
  0x000055c06994f800 JavaThread "C2 CompilerThread6" daemon [_thread_blocked, id=26676, stack(0x00007f6e3102e000,0x00007f6e3112e000)]
  0x000055c06994d000 JavaThread "C2 CompilerThread5" daemon [_thread_blocked, id=26675, stack(0x00007f6e3112f000,0x00007f6e3122f000)]
  0x000055c069943000 JavaThread "C2 CompilerThread4" daemon [_thread_blocked, id=26674, stack(0x00007f6e31230000,0x00007f6e31330000)]
  0x000055c069940800 JavaThread "C2 CompilerThread3" daemon [_thread_blocked, id=26673, stack(0x00007f6e31331000,0x00007f6e31431000)]
  0x000055c06993e000 JavaThread "C2 CompilerThread2" daemon [_thread_blocked, id=26672, stack(0x00007f6e31432000,0x00007f6e31532000)]
  0x000055c06993c000 JavaThread "C2 CompilerThread1" daemon [_thread_blocked, id=26671, stack(0x00007f6e31533000,0x00007f6e31633000)]
  0x000055c069939800 JavaThread "C2 CompilerThread0" daemon [_thread_blocked, id=26670, stack(0x00007f6e31634000,0x00007f6e31734000)]
  0x000055c06992b000 JavaThread "Attach Listener" daemon [_thread_blocked, id=26669, stack(0x00007f6e31734000,0x00007f6e31935000)]
  0x000055c069900800 JavaThread "Finalizer" daemon [_thread_blocked, id=26668, stack(0x00007f6e31935000,0x00007f6e31b36000)]
  0x000055c0698fc000 JavaThread "Reference Handler" daemon [_thread_blocked, id=26667, stack(0x00007f6e31b36000,0x00007f6e31d37000)]
=>0x000055c065b71000 JavaThread "main" [_thread_in_native, id=23856, stack(0x00007ffdc310b000,0x00007ffdc3909000)]

Other Threads:
  0x000055c0698f2000 VMThread [stack: 0x00007f6e31d38000,0x00007f6e31e38000] [id=26666]
  0x000055c06996a800 WatcherThread [stack: 0x00007f6e30827000,0x00007f6e30927000] [id=26683]

VM state:not at safepoint (normal execution)

VM Mutex/Monitor currently owned by a thread: None

heap address: 0x00000005c0000000, size: 8192 MB, Compressed Oops mode: Zero based, Oop shift amount: 3
Narrow klass base: 0x0000000000000000, Narrow klass shift: 3
Compressed class space size: 1073741824 Address: 0x00000007c0000000

Heap:
 PSYoungGen      total 611840K, used 62978K [0x0000000715580000, 0x0000000740000000, 0x00000007c0000000)
  eden space 524800K, 12% used [0x0000000715580000,0x00000007193008e0,0x0000000735600000)
  from space 87040K, 0% used [0x000000073ab00000,0x000000073ab00000,0x0000000740000000)
  to   space 87040K, 0% used [0x0000000735600000,0x0000000735600000,0x000000073ab00000)
 ParOldGen       total 1398272K, used 0K [0x00000005c0000000, 0x0000000615580000, 0x0000000715580000)
  object space 1398272K, 0% used [0x00000005c0000000,0x00000005c0000000,0x0000000615580000)
 Metaspace       used 7643K, capacity 7944K, committed 8192K, reserved 1056768K
  class space    used 918K, capacity 948K, committed 1024K, reserved 1048576K

Card table byte_map: [0x00007f6e351c4000,0x00007f6e361c5000] byte_map_base: 0x00007f6e323c4000

Marking Bits: (ParMarkBitMap*) 0x00007f6f6287e680
 Begin Bits: [0x00007f6e04000000, 0x00007f6e0c000000)
 End Bits:   [0x00007f6e0c000000, 0x00007f6e14000000)

Polling page: 0x00007f70fe391000

CodeCache: size=245760Kb used=4399Kb max_used=4412Kb free=241360Kb
 bounds [0x00007f6e361c5000, 0x00007f6e36625000, 0x00007f6e451c5000]
 total_blobs=874 nmethods=592 adapters=192
 compilation: enabled

Compilation events (250 events):
Event: 0.952 Thread 0x000055c069958800 nmethod 465 0x00007f6e365bead0 code [0x00007f6e365bec20, 0x00007f6e365bed38]
Event: 0.952 Thread 0x000055c06995a800 nmethod 466 0x00007f6e365be690 code [0x00007f6e365be800, 0x00007f6e365bea10]
Event: 0.952 Thread 0x000055c069954000 nmethod 467 0x00007f6e365c7d90 code [0x00007f6e365c7ee0, 0x00007f6e365c7ff8]
Event: 0.952 Thread 0x000055c069956000  468       3       org.apache.xmlbeans.QNameSetBuilder::nsFromName (16 bytes)
Event: 0.953 Thread 0x000055c069954000  469       3       java.util.Collections$UnmodifiableCollection$1::hasNext (10 bytes)
Event: 0.953 Thread 0x000055c069956000 nmethod 468 0x00007f6e365c7990 code [0x00007f6e365c7b00, 0x00007f6e365c7cd8]
Event: 0.953 Thread 0x000055c06995a800  470       1       java.util.Collections$EmptyIterator::hasNext (2 bytes)
Event: 0.953 Thread 0x000055c069958800  471       3       java.util.HashSet::add (20 bytes)
Event: 0.953 Thread 0x000055c06995a800 nmethod 470 0x00007f6e365c76d0 code [0x00007f6e365c7820, 0x00007f6e365c7938]
Event: 0.953 Thread 0x000055c069954000 nmethod 469 0x00007f6e365c7290 code [0x00007f6e365c7400, 0x00007f6e365c7630]
Event: 0.953 Thread 0x000055c069956000  472       3       java.util.Collections$UnmodifiableCollection$1::next (10 bytes)
Event: 0.953 Thread 0x000055c069956000 nmethod 472 0x00007f6e365c6e50 code [0x00007f6e365c6fc0, 0x00007f6e365c71f0]
Event: 0.953 Thread 0x000055c069958800 nmethod 471 0x00007f6e365c65d0 code [0x00007f6e365c6760, 0x00007f6e365c6c80]
Event: 0.953 Thread 0x000055c06995a800  473       3       java.util.AbstractSet::<init> (5 bytes)
Event: 0.953 Thread 0x000055c069954000  474       3       java.util.HashMap::containsKey (18 bytes)
Event: 0.953 Thread 0x000055c06995a800 nmethod 473 0x00007f6e365cbc10 code [0x00007f6e365cbd80, 0x00007f6e365cbf98]
Event: 0.953 Thread 0x000055c069956000  475       3       java.util.HashSet::iterator (13 bytes)
Event: 0.953 Thread 0x000055c069958800  476       1       java.util.Collections$1::hasNext (5 bytes)
Event: 0.953 Thread 0x000055c069954000 nmethod 474 0x00007f6e365cc090 code [0x00007f6e365cc220, 0x00007f6e365cc620]
Event: 0.953 Thread 0x000055c069958800 nmethod 476 0x00007f6e365cc750 code [0x00007f6e365cc8a0, 0x00007f6e365cc9b8]
Event: 0.953 Thread 0x000055c069958800  477       3       java.util.HashSet::contains (9 bytes)
Event: 0.953 Thread 0x000055c06995a800  478       3       java.util.HashMap$HashIterator::<init> (79 bytes)
Event: 0.953 Thread 0x000055c069954000  479       3       java.util.HashMap::keySet (25 bytes)
Event: 0.953 Thread 0x000055c069956000 nmethod 475 0x00007f6e365cca10 code [0x00007f6e365ccba0, 0x00007f6e365cce80]
Event: 0.953 Thread 0x000055c069956000  480       3       java.util.HashMap$KeySet::iterator (12 bytes)
Event: 0.954 Thread 0x000055c069954000 nmethod 479 0x00007f6e365ccf90 code [0x00007f6e365cd120, 0x00007f6e365cd4b8]
Event: 0.954 Thread 0x000055c069954000  481       3       java.util.HashMap$KeyIterator::<init> (11 bytes)
Event: 0.954 Thread 0x000055c069956000 nmethod 480 0x00007f6e365cd650 code [0x00007f6e365cd7c0, 0x00007f6e365cda50]
Event: 0.954 Thread 0x000055c069956000  482       3       java.util.Collections$UnmodifiableCollection::<init> (22 bytes)
Event: 0.954 Thread 0x000055c069958800 nmethod 477 0x00007f6e365cdb50 code [0x00007f6e365cdce0, 0x00007f6e365ce1e0]
Event: 0.954 Thread 0x000055c06995a800 nmethod 478 0x00007f6e365ce390 code [0x00007f6e365ce520, 0x00007f6e365ce8d8]
Event: 0.954 Thread 0x000055c069958800  483       3       java.util.Collections::unmodifiableSet (9 bytes)
Event: 0.954 Thread 0x000055c06995a800  484       3       java.util.Collections$UnmodifiableSet::<init> (6 bytes)
Event: 0.954 Thread 0x000055c069954000 nmethod 481 0x00007f6e365cea50 code [0x00007f6e365cebc0, 0x00007f6e365ced70]
Event: 0.954 Thread 0x000055c069954000  487       3       org.apache.xmlbeans.impl.schema.SchemaTypeImpl::computeAllContainedElements (137 bytes)
Event: 0.954 Thread 0x000055c069956000 nmethod 482 0x00007f6e365d0310 code [0x00007f6e365d04a0, 0x00007f6e365d0770]
Event: 0.954 Thread 0x000055c069956000  485       3       java.util.Collections$UnmodifiableCollection::iterator (9 bytes)
Event: 0.954 Thread 0x000055c06995a800 nmethod 484 0x00007f6e365d2410 code [0x00007f6e365d25a0, 0x00007f6e365d28d0]
Event: 0.954 Thread 0x000055c069958800 nmethod 483 0x00007f6e365d2a50 code [0x00007f6e365d2be0, 0x00007f6e365d2fb0]
Event: 0.954 Thread 0x000055c06995a800  486       3       java.util.Collections$UnmodifiableCollection$1::<init> (26 bytes)
Event: 0.954 Thread 0x000055c069940800 nmethod 464% 0x00007f6e365d3190 code [0x00007f6e365d3300, 0x00007f6e365d3758]
Event: 0.954 Thread 0x000055c069956000 nmethod 485 0x00007f6e365cfc90 code [0x00007f6e365cfe20, 0x00007f6e365d01b0]
Event: 0.954 Thread 0x000055c06995a800 nmethod 486 0x00007f6e365cf750 code [0x00007f6e365cf8c0, 0x00007f6e365cfb90]
Event: 0.954 Thread 0x000055c06995a800  488       3       java.util.Collections$UnmodifiableCollection::contains (11 bytes)
Event: 0.954 Thread 0x000055c069958800  489       3       java.util.HashSet::isEmpty (8 bytes)
Event: 0.954 Thread 0x000055c06995a800 nmethod 488 0x00007f6e365cf2d0 code [0x00007f6e365cf440, 0x00007f6e365cf670]
Event: 0.954 Thread 0x000055c06995a800  490       3       java.util.HashMap::isEmpty (13 bytes)
Event: 0.954 Thread 0x000055c06995a800 nmethod 490 0x00007f6e365cef10 code [0x00007f6e365cf080, 0x00007f6e365cf238]
Event: 0.954 Thread 0x000055c069958800 nmethod 489 0x00007f6e365d1f10 code [0x00007f6e365d2080, 0x00007f6e365d2338]
Event: 0.954 Thread 0x000055c069956000  492       3       java.util.Collections$EmptySet::iterator (4 bytes)
Event: 0.954 Thread 0x000055c069958800  493       3       java.util.Collections::emptyIterator (4 bytes)
Event: 0.954 Thread 0x000055c06995a800  491       3       javax.xml.namespace.QName::equals (59 bytes)
Event: 0.954 Thread 0x000055c069954000 nmethod 487 0x00007f6e365d0b10 code [0x00007f6e365d0d40, 0x00007f6e365d19e0]
Event: 0.955 Thread 0x000055c069954000  494       3       java.util.AbstractCollection::addAll (42 bytes)
Event: 0.955 Thread 0x000055c069956000 nmethod 492 0x00007f6e365d39d0 code [0x00007f6e365d3b40, 0x00007f6e365d3cf8]
Event: 0.955 Thread 0x000055c069958800 nmethod 493 0x00007f6e365d3d90 code [0x00007f6e365d3f00, 0x00007f6e365d4058]
Event: 0.955 Thread 0x000055c069940800  495       4       java.util.HashMap$HashIterator::hasNext (13 bytes)
Event: 0.955 Thread 0x000055c06995a800 nmethod 491 0x00007f6e365d40d0 code [0x00007f6e365d4280, 0x00007f6e365d48e0]
Event: 0.955 Thread 0x000055c069954000 nmethod 494 0x00007f6e365d4a50 code [0x00007f6e365d4c00, 0x00007f6e365d5180]
Event: 0.955 Thread 0x000055c069954000  496       3       org.apache.xmlbeans.QNameSet::includedURIs (14 bytes)
Event: 0.955 Thread 0x000055c069956000  497       3       org.apache.xmlbeans.QNameSet::includedQNamesInExcludedURIs (22 bytes)
Event: 0.955 Thread 0x000055c069958800  498       3       org.apache.xmlbeans.QNameSet::excludedQNamesInIncludedURIs (22 bytes)
Event: 0.955 Thread 0x000055c069940800 nmethod 495 0x00007f6e365d0890 code [0x00007f6e365d09e0, 0x00007f6e365d0a58]
Event: 0.955 Thread 0x000055c069954000 nmethod 496 0x00007f6e365d7c10 code [0x00007f6e365d7d80, 0x00007f6e365d7f38]
Event: 0.955 Thread 0x000055c069956000 nmethod 497 0x00007f6e365d7350 code [0x00007f6e365d7500, 0x00007f6e365d79b0]
Event: 0.955 Thread 0x000055c069958800 nmethod 498 0x00007f6e365d6a90 code [0x00007f6e365d6c40, 0x00007f6e365d70f0]
Event: 0.957 Thread 0x000055c06995a800  499       3       org.apache.xmlbeans.impl.schema.SchemaTypeSystemImpl$XsbReader::readTypeRef (8 bytes)
Event: 0.957 Thread 0x000055c06995a800 nmethod 499 0x00007f6e365d65d0 code [0x00007f6e365d6740, 0x00007f6e365d69d0]
Event: 0.958 Thread 0x000055c06994f800  500       4       java.lang.String::indexOf (166 bytes)
Event: 0.959 Thread 0x000055c06994d000  501   !   4       sun.misc.URLClassPath$JarLoader::getResource (85 bytes)
Event: 0.962 Thread 0x000055c069954000  503       3       java.util.ArrayDeque::add (7 bytes)
Event: 0.962 Thread 0x000055c069956000  504       3       java.util.ArrayDeque::addLast (53 bytes)
Event: 0.962 Thread 0x000055c069954000 nmethod 503 0x00007f6e365d5e50 code [0x00007f6e365d5fc0, 0x00007f6e365d6170]
Event: 0.962 Thread 0x000055c069956000 nmethod 504 0x00007f6e365d5710 code [0x00007f6e365d58a0, 0x00007f6e365d5cc0]
Event: 0.964 Thread 0x000055c06994f800 nmethod 500 0x00007f6e365db190 code [0x00007f6e365db300, 0x00007f6e365db8b8]
Event: 0.964 Thread 0x000055c069958800  505  s    3       java.util.jar.JarFile::getInputStream (89 bytes)
Event: 0.965 Thread 0x000055c069958800 nmethod 505 0x00007f6e365da0d0 code [0x00007f6e365da2e0, 0x00007f6e365dae80]
Event: 0.965 Thread 0x000055c06995a800  507       3       org.apache.xmlbeans.impl.schema.SchemaParticleImpl::mutate (16 bytes)
Event: 0.965 Thread 0x000055c069954000  506       3       org.apache.xmlbeans.QNameSet::minSetCopy (53 bytes)
Event: 0.965 Thread 0x000055c069956000  508       3       java.util.HashMap::<init> (11 bytes)
Event: 0.965 Thread 0x000055c06995a800 nmethod 507 0x00007f6e365d9c10 code [0x00007f6e365d9d80, 0x00007f6e365d9ff0]
Event: 0.965 Thread 0x000055c06995a800  509       3       java.util.HashSet::size (8 bytes)
Event: 0.965 Thread 0x000055c069956000 nmethod 508 0x00007f6e365d9790 code [0x00007f6e365d9900, 0x00007f6e365d9b18]
Event: 0.965 Thread 0x000055c06995a800 nmethod 509 0x00007f6e365d9390 code [0x00007f6e365d9500, 0x00007f6e365d96f8]
Event: 0.965 Thread 0x000055c069954000 nmethod 506 0x00007f6e365d8690 code [0x00007f6e365d8880, 0x00007f6e365d90b0]
Event: 0.965 Thread 0x000055c069954000  510       3       org.apache.xmlbeans.impl.schema.SchemaTypeSystemImpl$XsbReader::atLeast (54 bytes)
Event: 0.966 Thread 0x000055c069958800  511   !   3       org.apache.xmlbeans.impl.schema.SchemaTypeSystemImpl$XsbReader::readInt (34 bytes)
Event: 0.966 Thread 0x000055c06995a800  512       3       java.io.DataInputStream::readInt (72 bytes)
Event: 0.966 Thread 0x000055c069954000 nmethod 510 0x00007f6e365d8190 code [0x00007f6e365d8300, 0x00007f6e365d8618]
Event: 0.966 Thread 0x000055c06995a800 nmethod 512 0x00007f6e365dbb50 code [0x00007f6e365dbd20, 0x00007f6e365dc2d0]
Event: 0.966 Thread 0x000055c069958800 nmethod 511 0x00007f6e365dc510 code [0x00007f6e365dc6a0, 0x00007f6e365dcab0]
Event: 0.966 Thread 0x000055c069956000  513       1       org.apache.xmlbeans.impl.schema.SchemaPropertyImpl::isAttribute (5 bytes)
Event: 0.966 Thread 0x000055c069956000 nmethod 513 0x00007f6e365d5450 code [0x00007f6e365d55a0, 0x00007f6e365d56b8]
Event: 0.966 Thread 0x000055c069958800  514       3       org.apache.xmlbeans.impl.schema.SchemaTypeSystemImpl$XsbReader::readBigInteger (54 bytes)
Event: 0.966 Thread 0x000055c069954000  515   !   3       org.apache.xmlbeans.impl.schema.SchemaTypeSystemImpl$XsbReader::readByteArray (48 bytes)
Event: 0.966 Thread 0x000055c06995a800  516       3       java.io.DataInputStream::readShort (40 bytes)
Event: 0.966 Thread 0x000055c069956000  517       3       java.io.DataInputStream::readFully (9 bytes)
Event: 0.966 Thread 0x000055c069956000 nmethod 517 0x00007f6e365dcc90 code [0x00007f6e365dce00, 0x00007f6e365dd030]
Event: 0.966 Thread 0x000055c069956000  518       3       org.apache.xmlbeans.QNameSet::excludedURIs (17 bytes)
Event: 0.966 Thread 0x000055c06995a800 nmethod 516 0x00007f6e365dd110 code [0x00007f6e365dd2a0, 0x00007f6e365dd6b0]
Event: 0.966 Thread 0x000055c069958800 nmethod 514 0x00007f6e365dd850 code [0x00007f6e365dda00, 0x00007f6e365dde00]
Event: 0.966 Thread 0x000055c069958800  519       3       org.apache.xmlbeans.impl.schema.SchemaParticleImpl::getParticleChild (7 bytes)
Event: 0.966 Thread 0x000055c069954000 nmethod 515 0x00007f6e365ddf50 code [0x00007f6e365de100, 0x00007f6e365de740]
Event: 0.966 Thread 0x000055c069958800 nmethod 519 0x00007f6e365dea10 code [0x00007f6e365deb80, 0x00007f6e365ded18]
Event: 0.966 Thread 0x000055c069956000 nmethod 518 0x00007f6e365dee10 code [0x00007f6e365defc0, 0x00007f6e365df470]
Event: 0.981 Thread 0x000055c06995a800  520       3       java.lang.ClassLoader::preDefineClass (109 bytes)
Event: 0.981 Thread 0x000055c069954000  521   !   3       java.lang.ClassLoader::checkCerts (195 bytes)
Event: 0.981 Thread 0x000055c069958800  522       3       java.lang.ClassLoader::defineClassSourceLocation (28 bytes)
Event: 0.981 Thread 0x000055c069956000  524       3       java.lang.ClassLoader::postDefineClass (26 bytes)
Event: 0.981 Thread 0x000055c069958800 nmethod 522 0x00007f6e365dfb10 code [0x00007f6e365dfca0, 0x00007f6e365e02f0]
Event: 0.981 Thread 0x000055c069956000 nmethod 524 0x00007f6e365e04d0 code [0x00007f6e365e0660, 0x00007f6e365e0bc0]
Event: 0.982 Thread 0x000055c069954000 nmethod 521 0x00007f6e365e0d50 code [0x00007f6e365e1020, 0x00007f6e365e26c0]
Event: 0.982 Thread 0x000055c069954000  525   !   3       java.net.URLClassLoader::definePackageInternal (81 bytes)
Event: 0.982 Thread 0x000055c06995a800 nmethod 520 0x00007f6e365e3090 code [0x00007f6e365e3360, 0x00007f6e365e48d0]
Event: 0.983 Thread 0x000055c069954000 nmethod 525 0x00007f6e365e51d0 code [0x00007f6e365e5400, 0x00007f6e365e5fa0]
Event: 0.983 Thread 0x000055c069954000  526       3       java.util.HashSet::<init> (16 bytes)
Event: 0.983 Thread 0x000055c06995a800  527       3       java.lang.ClassLoader::defineClass (43 bytes)
Event: 0.983 Thread 0x000055c069954000 nmethod 526 0x00007f6e365e6490 code [0x00007f6e365e6620, 0x00007f6e365e6a38]
Event: 0.983 Thread 0x000055c06995a800 nmethod 527 0x00007f6e365e6c10 code [0x00007f6e365e6e00, 0x00007f6e365e79d0]
Event: 0.984 Thread 0x000055c069956000  528       3       sun.misc.URLClassPath$JarLoader$2::getCodeSourceURL (8 bytes)
Event: 0.984 Thread 0x000055c069954000  529       3       sun.misc.URLClassPath$JarLoader$2::getManifest (26 bytes)
Event: 0.984 Thread 0x000055c069956000 nmethod 528 0x00007f6e365e7ed0 code [0x00007f6e365e8040, 0x00007f6e365e81b8]
Event: 0.984 Thread 0x000055c069956000  530       3       java.util.jar.JavaUtilJarAccessImpl::ensureInitialization (5 bytes)
Event: 0.984 Thread 0x000055c069958800  531  s!   3       java.util.jar.JarFile::ensureInitialization (41 bytes)
Event: 0.984 Thread 0x000055c069956000 nmethod 530 0x00007f6e365e8250 code [0x00007f6e365e83c0, 0x00007f6e365e85d0]
Event: 0.984 Thread 0x000055c069956000  532       3       sun.misc.URLClassPath$JarLoader$2::getInputStream (15 bytes)
Event: 0.984 Thread 0x000055c06995a800  533       3       sun.misc.URLClassPath$JarLoader$2::getBytes (48 bytes)
Event: 0.984 Thread 0x000055c069956000 nmethod 532 0x00007f6e365e8690 code [0x00007f6e365e8800, 0x00007f6e365e8a50]
Event: 0.984 Thread 0x000055c069956000  534       3       sun.misc.URLClassPath$JarLoader$2::getContentLength (9 bytes)
Event: 0.985 Thread 0x000055c069954000 nmethod 529 0x00007f6e365e8b50 code [0x00007f6e365e8d00, 0x00007f6e365e9250]
Event: 0.985 Thread 0x000055c069954000  535       3       java.util.zip.CRC32::update (16 bytes)
Event: 0.985 Thread 0x000055c069958800 nmethod 531 0x00007f6e365e9490 code [0x00007f6e365e9620, 0x00007f6e365e9ad0]
Event: 0.985 Thread 0x000055c069958800  536       3       java.util.zip.CRC32::getValue (10 bytes)
Event: 0.985 Thread 0x000055c069954000 nmethod 535 0x00007f6e365e9c50 code [0x00007f6e365e9dc0, 0x00007f6e365e9f58]
Event: 0.985 Thread 0x000055c069958800 nmethod 536 0x00007f6e365ea010 code [0x00007f6e365ea180, 0x00007f6e365ea2f8]
Event: 0.985 Thread 0x000055c069958800  538       3       sun.misc.URLClassPath$JarLoader$2::getCodeSigners (8 bytes)
Event: 0.985 Thread 0x000055c069954000  537       3       java.util.zip.ZipEntry::getCrc (5 bytes)
Event: 0.985 Thread 0x000055c069956000 nmethod 534 0x00007f6e365ea390 code [0x00007f6e365ea500, 0x00007f6e365ea758]
Event: 0.985 Thread 0x000055c069956000  539   !   3       java.util.jar.JarFile$JarFileEntry::getCodeSigners (78 bytes)
Event: 0.985 Thread 0x000055c069954000 nmethod 537 0x00007f6e365ea810 code [0x00007f6e365ea980, 0x00007f6e365eaad8]
Event: 0.985 Thread 0x000055c069958800 nmethod 538 0x00007f6e365eab50 code [0x00007f6e365eacc0, 0x00007f6e365eaef0]
Event: 0.985 Thread 0x000055c06995a800 nmethod 533 0x00007f6e365eaf90 code [0x00007f6e365eb160, 0x00007f6e365eb740]
Event: 0.985 Thread 0x000055c069958800  540       3       java.util.jar.JarFile::access$200 (5 bytes)
Event: 0.985 Thread 0x000055c069958800 nmethod 540 0x00007f6e365eb9d0 code [0x00007f6e365ebb40, 0x00007f6e365ebcb0]
Event: 0.985 Thread 0x000055c069956000 nmethod 539 0x00007f6e365ebd50 code [0x00007f6e365ebf20, 0x00007f6e365ec600]
Event: 0.987 Thread 0x000055c069951800  546       4       java.util.regex.Pattern$BitClass::isSatisfiedBy (22 bytes)
Event: 0.987 Thread 0x000055c06993c000  547       4       java.util.regex.Pattern$7::isSatisfiedBy (28 bytes)
Event: 0.987 Thread 0x000055c06995a800  541       3       java.util.regex.Pattern$6::isSatisfiedBy (28 bytes)
Event: 0.987 Thread 0x000055c069954000  542       3       java.util.regex.Pattern$1::isSatisfiedBy (13 bytes)
Event: 0.987 Thread 0x000055c069958800  543       3       java.util.regex.Pattern::access$200 (7 bytes)
Event: 0.987 Thread 0x000055c069956000  544       3       java.util.regex.Pattern::inRange (16 bytes)
Event: 0.987 Thread 0x000055c06995a800 nmethod 541 0x00007f6e365ecad0 code [0x00007f6e365ecc60, 0x00007f6e365ed000]
Event: 0.987 Thread 0x000055c069958800 nmethod 543 0x00007f6e365ed110 code [0x00007f6e365ed280, 0x00007f6e365ed4b8]
Event: 0.987 Thread 0x000055c069954000 nmethod 542 0x00007f6e365ed550 code [0x00007f6e365ed6c0, 0x00007f6e365ed978]
Event: 0.987 Thread 0x000055c069956000 nmethod 544 0x00007f6e365eda50 code [0x00007f6e365edbc0, 0x00007f6e365edd98]
Event: 0.988 Thread 0x000055c069954000  545       3       java.util.regex.Pattern$CharProperty$1::isSatisfiedBy (17 bytes)
Event: 0.988 Thread 0x000055c069956000  548       3       java.util.regex.Pattern$Node::<init> (12 bytes)
Event: 0.988 Thread 0x000055c069958800  549       3       java.util.regex.Pattern$Dot::isSatisfiedBy (34 bytes)
Event: 0.988 Thread 0x000055c069951800 nmethod 546 0x00007f6e365f0ad0 code [0x00007f6e365f0c20, 0x00007f6e365f0cf8]
Event: 0.988 Thread 0x000055c069954000 nmethod 545 0x00007f6e365f0610 code [0x00007f6e365f0780, 0x00007f6e365f0a10]
Event: 0.988 Thread 0x000055c069956000 nmethod 548 0x00007f6e365f0210 code [0x00007f6e365f0380, 0x00007f6e365f0578]
Event: 0.988 Thread 0x000055c069958800 nmethod 549 0x00007f6e365efd90 code [0x00007f6e365eff00, 0x00007f6e365f0178]
Event: 0.989 Thread 0x000055c06995a800  552       1       java.lang.System::getSecurityManager (4 bytes)
Event: 0.989 Thread 0x000055c069956000  550       3       sun.misc.URLClassPath$JarLoader::findResource (18 bytes)
Event: 0.989 Thread 0x000055c06995a800 nmethod 552 0x00007f6e365ee5d0 code [0x00007f6e365ee720, 0x00007f6e365ee838]
Event: 0.989 Thread 0x000055c069958800  551       1       java.nio.Buffer::position (5 bytes)
Event: 0.989 Thread 0x000055c069958800 nmethod 551 0x00007f6e365ee310 code [0x00007f6e365ee460, 0x00007f6e365ee578]
Event: 0.989 Thread 0x000055c06993c000 nmethod 547 0x00007f6e365f2890 code [0x00007f6e365f2a40, 0x00007f6e365f2de8]
Event: 0.990 Thread 0x000055c069956000 nmethod 550 0x00007f6e365ef850 code [0x00007f6e365ef9e0, 0x00007f6e365efca0]
Event: 0.990 Thread 0x000055c069956000  553       3       org.apache.xmlbeans.QNameSetBuilder::addAllImpl (470 bytes)
Event: 0.990 Thread 0x000055c06995a800  554       3       org.apache.xmlbeans.QNameSetBuilder::removeAllMatchingFirstOnly (62 bytes)
Event: 0.990 Thread 0x000055c06995a800 nmethod 554 0x00007f6e365eea90 code [0x00007f6e365eec80, 0x00007f6e365ef540]
Event: 0.991 Thread 0x000055c069956000 nmethod 553 0x00007f6e365f3210 code [0x00007f6e365f3660, 0x00007f6e365f5e00]
Event: 0.991 Thread 0x000055c069954000  555       3       java.util.regex.Pattern$Slice::match (79 bytes)
Event: 0.991 Thread 0x000055c069954000 nmethod 555 0x00007f6e365f2050 code [0x00007f6e365f2200, 0x00007f6e365f26c0]
Event: 0.993 Thread 0x000055c069958800  556       1       java.math.BigInteger::signum (5 bytes)
Event: 0.993 Thread 0x000055c069958800 nmethod 556 0x00007f6e365ee050 code [0x00007f6e365ee1a0, 0x00007f6e365ee2b8]
Event: 0.994 Thread 0x000055c06995a800  557       1       org.apache.xmlbeans.impl.schema.SchemaParticleImpl::getParticleType (5 bytes)
Event: 0.994 Thread 0x000055c06995a800 nmethod 557 0x00007f6e365f1d90 code [0x00007f6e365f1ee0, 0x00007f6e365f1ff8]
Event: 0.996 Thread 0x000055c069940800  558       4       java.lang.CharacterDataLatin1::toLowerCase (39 bytes)
Event: 0.996 Thread 0x000055c06994f800  559       4       java.util.HashMap$HashIterator::nextNode (100 bytes)
Event: 0.996 Thread 0x000055c069951800  560       4       org.apache.xmlbeans.impl.schema.SchemaTypeSystemImpl$XsbReader::readHandle (585 bytes)
Event: 0.997 Thread 0x000055c069940800 nmethod 558 0x00007f6e365f1a90 code [0x00007f6e365f1be0, 0x00007f6e365f1cd8]
Event: 0.997 Thread 0x000055c069956000  562       3       java.lang.Float::isNaN (12 bytes)
Event: 0.997 Thread 0x000055c069958800  561       1       org.apache.xmlbeans.impl.schema.SchemaPropertyImpl::getName (5 bytes)
Event: 0.997 Thread 0x000055c069954000  563       3       java.util.LinkedHashMap$LinkedHashIterator::hasNext (13 bytes)
Event: 0.997 Thread 0x000055c06995a800  564       3       org.apache.xmlbeans.QNameSetBuilder::addAll (67 bytes)
Event: 0.997 Thread 0x000055c069958800 nmethod 561 0x00007f6e365f17d0 code [0x00007f6e365f1920, 0x00007f6e365f1a38]
Event: 0.997 Thread 0x000055c069956000 nmethod 562 0x00007f6e365f1410 code [0x00007f6e365f1580, 0x00007f6e365f1738]
Event: 0.997 Thread 0x000055c069954000 nmethod 563 0x00007f6e365f1050 code [0x00007f6e365f11c0, 0x00007f6e365f1378]
Event: 0.997 Thread 0x000055c06995a800 nmethod 564 0x00007f6e365f8e50 code [0x00007f6e365f9060, 0x00007f6e365f98e0]
Event: 0.999 Thread 0x000055c06994f800 nmethod 559 0x00007f6e365f7490 code [0x00007f6e365f75e0, 0x00007f6e365f7838]
Event: 1.002 Thread 0x000055c069940800  565       4       java.util.HashMap::getNode (148 bytes)
Event: 1.002 Thread 0x000055c069956000  567       3       java.util.HashMap::removeNode (291 bytes)
Event: 1.003 Thread 0x000055c069954000  566       3       java.util.HashMap$HashIterator::remove (77 bytes)
Event: 1.003 Thread 0x000055c06995a800  568       3       java.util.HashMap::afterNodeRemoval (1 bytes)
Event: 1.003 Thread 0x000055c069958800  569       3       java.util.HashMap::tableSizeFor (59 bytes)
Event: 1.003 Thread 0x000055c06995a800 nmethod 568 0x00007f6e365f7150 code [0x00007f6e365f72c0, 0x00007f6e365f7418]
Event: 1.003 Thread 0x000055c06995a800  570       3       java.util.HashMap::<init> (98 bytes)
Event: 1.003 Thread 0x000055c069958800 nmethod 569 0x00007f6e365fb010 code [0x00007f6e365fb180, 0x00007f6e365fb3b8]
Event: 1.003 Thread 0x000055c06994d000 nmethod 501 0x00007f6e365fea10 code [0x00007f6e365fede0, 0x00007f6e36600c40]
Event: 1.003 Thread 0x000055c069954000 nmethod 566 0x00007f6e365f8410 code [0x00007f6e365f85e0, 0x00007f6e365f8bc0]
Event: 1.003 Thread 0x000055c069956000 nmethod 567 0x00007f6e365fcf10 code [0x00007f6e365fd160, 0x00007f6e365fe3c0]
Event: 1.004 Thread 0x000055c06995a800 nmethod 570 0x00007f6e366030d0 code [0x00007f6e36603360, 0x00007f6e36604550]
Event: 1.005 Thread 0x000055c069940800 nmethod 565 0x00007f6e365f7d90 code [0x00007f6e365f7f00, 0x00007f6e365f81d8]
Event: 1.005 Thread 0x000055c069958800  571       3       java.io.File::<init> (47 bytes)
Event: 1.006 Thread 0x000055c069958800 nmethod 571 0x00007f6e365fa410 code [0x00007f6e365fa5e0, 0x00007f6e365facd0]
Event: 1.006 Thread 0x000055c069954000  572       3       java.util.jar.Manifest::getTrustedAttributes (57 bytes)
Event: 1.007 Thread 0x000055c069954000 nmethod 572 0x00007f6e365fbbd0 code [0x00007f6e365fbe00, 0x00007f6e365fc9e0]
Event: 1.009 Thread 0x000055c069956000  573       3       org.apache.xmlbeans.QNameSet::contains (55 bytes)
Event: 1.009 Thread 0x000055c06995a800  574       3       org.apache.xmlbeans.QNameSet::nsFromName (16 bytes)
Event: 1.009 Thread 0x000055c06995a800 nmethod 574 0x00007f6e365f7950 code [0x00007f6e365f7ac0, 0x00007f6e365f7c98]
Event: 1.009 Thread 0x000055c069956000 nmethod 573 0x00007f6e365f9b10 code [0x00007f6e365f9cc0, 0x00007f6e365fa230]
Event: 1.011 Thread 0x000055c069951800 nmethod 560 0x00007f6e36606710 code [0x00007f6e36606b40, 0x00007f6e36607bb8]
Event: 1.011 Thread 0x000055c069958800  575       3       org.apache.xmlbeans.impl.schema.SchemaTypeImpl::assertUnresolved (23 bytes)
Event: 1.011 Thread 0x000055c069958800 nmethod 575 0x00007f6e365fb6d0 code [0x00007f6e365fb840, 0x00007f6e365fbaf0]
Event: 1.013 Thread 0x000055c069954000  576       3       org.apache.xmlbeans.impl.schema.SchemaTypeSystemImpl$XsbReader::readXmlValueObject (350 bytes)
Event: 1.015 Thread 0x000055c069954000 nmethod 576 0x00007f6e366091d0 code [0x00007f6e36609720, 0x00007f6e3660c8b0]
Event: 1.016 Thread 0x000055c06995a800  577       3       org.apache.xmlbeans.impl.schema.BuiltinSchemaTypeSystem::resolveHandle (14 bytes)
Event: 1.016 Thread 0x000055c069956000  578       3       org.apache.xmlbeans.impl.store.Xobj::kind (8 bytes)
Event: 1.016 Thread 0x000055c069956000 nmethod 578 0x00007f6e365f6e10 code [0x00007f6e365f6f80, 0x00007f6e365f70d8]
Event: 1.016 Thread 0x000055c06995a800 nmethod 577 0x00007f6e36606190 code [0x00007f6e36606300, 0x00007f6e36606630]
Event: 1.017 Thread 0x000055c069951800  579       4       java.io.DataInputStream::readUTF (501 bytes)
Event: 1.018 Thread 0x000055c069939800  580       4       javax.xml.namespace.QName::hashCode (16 bytes)
Event: 1.019 Thread 0x000055c069954000  581       3       org.apache.xmlbeans.impl.store.Cur::moveTo (274 bytes)
Event: 1.019 Thread 0x000055c06995a800  582       3       org.apache.xmlbeans.impl.store.Cur::moveToNoCheck (68 bytes)
Event: 1.019 Thread 0x000055c069954000 nmethod 581 0x00007f6e36605cd0 code [0x00007f6e36605e40, 0x00007f6e366060d0]
Event: 1.019 Thread 0x000055c069956000  583       3       java.util.zip.InflaterInputStream::<init> (79 bytes)
Event: 1.019 Thread 0x000055c06995a800 nmethod 582 0x00007f6e36605610 code [0x00007f6e366057a0, 0x00007f6e36605ba0]
Event: 1.020 Thread 0x000055c069956000 nmethod 583 0x00007f6e3660e890 code [0x00007f6e3660ea40, 0x00007f6e3660f140]
Event: 1.021 Thread 0x000055c069954000  584       3       java.util.Collections$SingletonSet::contains (9 bytes)
Event: 1.021 Thread 0x000055c069958800  585       3       java.util.Collections::eq (22 bytes)
Event: 1.021 Thread 0x000055c06995a800  586       3       java.util.Collections$SingletonSet::iterator (8 bytes)
Event: 1.021 Thread 0x000055c069958800 nmethod 585 0x00007f6e36605110 code [0x00007f6e36605280, 0x00007f6e36605530]
Event: 1.021 Thread 0x000055c069958800  588       3       java.util.Collections$1::<init> (15 bytes)
Event: 1.021 Thread 0x000055c069956000  587       3       java.util.Collections::singletonIterator (9 bytes)
Event: 1.021 Thread 0x000055c069954000 nmethod 584 0x00007f6e36610910 code [0x00007f6e36610aa0, 0x00007f6e36610df0]
Event: 1.021 Thread 0x000055c069954000  589       3       java.util.Collections$1::next (25 bytes)
Event: 1.021 Thread 0x000055c069939800 nmethod 580 0x00007f6e36612950 code [0x00007f6e36612aa0, 0x00007f6e36612db8]
Event: 1.021 Thread 0x000055c069958800 nmethod 588 0x00007f6e36610510 code [0x00007f6e36610680, 0x00007f6e36610858]
Event: 1.021 Thread 0x000055c069954000 nmethod 589 0x00007f6e36610090 code [0x00007f6e36610200, 0x00007f6e36610430]
Event: 1.021 Thread 0x000055c06995a800 nmethod 586 0x00007f6e3660fad0 code [0x00007f6e3660fc40, 0x00007f6e3660ff38]
Event: 1.021 Thread 0x000055c069956000 nmethod 587 0x00007f6e3660f5d0 code [0x00007f6e3660f740, 0x00007f6e3660f9b8]
Event: 1.022 Thread 0x000055c06993e000  590       4       java.lang.String::lastIndexOf (13 bytes)
Event: 1.024 Thread 0x000055c06993e000 nmethod 590 0x00007f6e36604d50 code [0x00007f6e36604ea0, 0x00007f6e36605018]
Event: 1.027 Thread 0x000055c069954000  591       1       java.net.URLConnection::getUseCaches (5 bytes)
Event: 1.027 Thread 0x000055c069954000 nmethod 591 0x00007f6e366144d0 code [0x00007f6e36614620, 0x00007f6e36614738]
Event: 1.028 Thread 0x000055c06995a800  592       3       org.apache.xmlbeans.impl.store.Xobj::isAttr (14 bytes)
Event: 1.028 Thread 0x000055c06995a800 nmethod 592 0x00007f6e36614010 code [0x00007f6e36614180, 0x00007f6e36614418]
Event: 1.029 Thread 0x000055c069951800 nmethod 579 0x00007f6e36616950 code [0x00007f6e36616b40, 0x00007f6e366175a8]

GC Heap History (0 events):
No events

Deoptimization events (6 events):
Event: 0.826 Thread 0x000055c065b71000 Uncommon trap: reason=unstable_if action=reinterpret pc=0x00007f6e364dfbb0 method=java.lang.String.indexOf([CII[CIII)I @ 123
Event: 0.868 Thread 0x000055c065b71000 Uncommon trap: reason=unstable_if action=reinterpret pc=0x00007f6e365705f0 method=java.lang.String.indexOf([CII[CIII)I @ 134
Event: 0.907 Thread 0x000055c065b71000 Uncommon trap: reason=unstable_if action=reinterpret pc=0x00007f6e36585a70 method=java.util.HashMap.getNode(ILjava/lang/Object;)Ljava/util/HashMap$Node; @ 116
Event: 0.916 Thread 0x000055c065b71000 Uncommon trap: reason=unstable_if action=reinterpret pc=0x00007f6e3658a32c method=java.util.HashMap.getNode(ILjava/lang/Object;)Ljava/util/HashMap$Node; @ 116
Event: 0.918 Thread 0x000055c065b71000 Uncommon trap: reason=unstable_if action=reinterpret pc=0x00007f6e3658b9f4 method=java.io.DataInputStream.readUTF(Ljava/io/DataInput;)Ljava/lang/String; @ 31
Event: 0.919 Thread 0x000055c065b71000 Uncommon trap: reason=unstable_if action=reinterpret pc=0x00007f6e365ad448 method=org.apache.xmlbeans.impl.schema.SchemaTypeSystemImpl$StringPool.stringForCode(I)Ljava/lang/String; @ 1

Classes redefined (0 events):
No events

Internal exceptions (16 events):
Event: 0.036 Thread 0x000055c065b71000 Exception <a 'java/lang/NoSuchMethodError': Method sun.misc.Unsafe.defineClass(Ljava/lang/String;[BII)Ljava/lang/Class; name or signature does not match> (0x0000000715587cc0) thrown at [/builddir/build/BUILD/java-1.8.0-openjdk-1.8.0.322.b06-1.el7_9.x86_64
Event: 0.036 Thread 0x000055c065b71000 Exception <a 'java/lang/NoSuchMethodError': Method sun.misc.Unsafe.prefetchRead(Ljava/lang/Object;J)V name or signature does not match> (0x0000000715587fa8) thrown at [/builddir/build/BUILD/java-1.8.0-openjdk-1.8.0.322.b06-1.el7_9.x86_64/openjdk/hotspot/s
Event: 0.827 Thread 0x000055c065b71000 Exception <a 'java/security/PrivilegedActionException'> (0x0000000715cca9e0) thrown at [/builddir/build/BUILD/java-1.8.0-openjdk-1.8.0.322.b06-1.el7_9.x86_64/openjdk/hotspot/src/share/vm/prims/jvm.cpp, line 1531]
Event: 0.827 Thread 0x000055c065b71000 Exception <a 'java/security/PrivilegedActionException'> (0x0000000715ccabf0) thrown at [/builddir/build/BUILD/java-1.8.0-openjdk-1.8.0.322.b06-1.el7_9.x86_64/openjdk/hotspot/src/share/vm/prims/jvm.cpp, line 1531]
Event: 0.828 Thread 0x000055c065b71000 Exception <a 'java/security/PrivilegedActionException'> (0x0000000715ccdf80) thrown at [/builddir/build/BUILD/java-1.8.0-openjdk-1.8.0.322.b06-1.el7_9.x86_64/openjdk/hotspot/src/share/vm/prims/jvm.cpp, line 1531]
Event: 0.828 Thread 0x000055c065b71000 Exception <a 'java/security/PrivilegedActionException'> (0x0000000715cce190) thrown at [/builddir/build/BUILD/java-1.8.0-openjdk-1.8.0.322.b06-1.el7_9.x86_64/openjdk/hotspot/src/share/vm/prims/jvm.cpp, line 1531]
Event: 0.867 Thread 0x000055c065b71000 Exception <a 'java/security/PrivilegedActionException'> (0x0000000715f184d8) thrown at [/builddir/build/BUILD/java-1.8.0-openjdk-1.8.0.322.b06-1.el7_9.x86_64/openjdk/hotspot/src/share/vm/prims/jvm.cpp, line 1531]
Event: 0.867 Thread 0x000055c065b71000 Exception <a 'java/security/PrivilegedActionException'> (0x0000000715f188d0) thrown at [/builddir/build/BUILD/java-1.8.0-openjdk-1.8.0.322.b06-1.el7_9.x86_64/openjdk/hotspot/src/share/vm/prims/jvm.cpp, line 1531]
Event: 0.870 Thread 0x000055c065b71000 Exception <a 'java/security/PrivilegedActionException'> (0x0000000715f2eb30) thrown at [/builddir/build/BUILD/java-1.8.0-openjdk-1.8.0.322.b06-1.el7_9.x86_64/openjdk/hotspot/src/share/vm/prims/jvm.cpp, line 1531]
Event: 0.870 Thread 0x000055c065b71000 Exception <a 'java/security/PrivilegedActionException'> (0x0000000715f2ef28) thrown at [/builddir/build/BUILD/java-1.8.0-openjdk-1.8.0.322.b06-1.el7_9.x86_64/openjdk/hotspot/src/share/vm/prims/jvm.cpp, line 1531]
Event: 0.870 Thread 0x000055c065b71000 Exception <a 'java/security/PrivilegedActionException'> (0x0000000715f37148) thrown at [/builddir/build/BUILD/java-1.8.0-openjdk-1.8.0.322.b06-1.el7_9.x86_64/openjdk/hotspot/src/share/vm/prims/jvm.cpp, line 1531]
Event: 0.870 Thread 0x000055c065b71000 Exception <a 'java/security/PrivilegedActionException'> (0x0000000715f37540) thrown at [/builddir/build/BUILD/java-1.8.0-openjdk-1.8.0.322.b06-1.el7_9.x86_64/openjdk/hotspot/src/share/vm/prims/jvm.cpp, line 1531]
Event: 0.870 Thread 0x000055c065b71000 Exception <a 'java/security/PrivilegedActionException'> (0x0000000715f3e428) thrown at [/builddir/build/BUILD/java-1.8.0-openjdk-1.8.0.322.b06-1.el7_9.x86_64/openjdk/hotspot/src/share/vm/prims/jvm.cpp, line 1531]
Event: 0.870 Thread 0x000055c065b71000 Exception <a 'java/security/PrivilegedActionException'> (0x0000000715f3e820) thrown at [/builddir/build/BUILD/java-1.8.0-openjdk-1.8.0.322.b06-1.el7_9.x86_64/openjdk/hotspot/src/share/vm/prims/jvm.cpp, line 1531]
Event: 0.871 Thread 0x000055c065b71000 Exception <a 'java/security/PrivilegedActionException'> (0x0000000715f46d20) thrown at [/builddir/build/BUILD/java-1.8.0-openjdk-1.8.0.322.b06-1.el7_9.x86_64/openjdk/hotspot/src/share/vm/prims/jvm.cpp, line 1531]
Event: 0.871 Thread 0x000055c065b71000 Exception <a 'java/security/PrivilegedActionException'> (0x0000000715f47118) thrown at [/builddir/build/BUILD/java-1.8.0-openjdk-1.8.0.322.b06-1.el7_9.x86_64/openjdk/hotspot/src/share/vm/prims/jvm.cpp, line 1531]

Events (250 events):
Event: 0.938 loading class org/apache/xmlbeans/impl/store/Xobj$SoapFaultXobj
Event: 0.938 loading class org/apache/xmlbeans/impl/store/Xobj$SoapFaultXobj done
Event: 0.938 loading class org/apache/xmlbeans/impl/soap/SOAPFault
Event: 0.938 loading class org/apache/xmlbeans/impl/soap/SOAPFault done
Event: 0.939 loading class org/apache/xmlbeans/impl/store/Xobj$AttrXobj
Event: 0.939 loading class org/apache/xmlbeans/impl/store/Xobj$AttrXobj done
Event: 0.939 loading class org/w3c/dom/Attr
Event: 0.939 loading class org/w3c/dom/Attr done
Event: 0.940 loading class org/apache/xmlbeans/impl/store/Xobj$CommentXobj
Event: 0.940 loading class org/apache/xmlbeans/impl/store/Xobj$CommentXobj done
Event: 0.940 loading class org/w3c/dom/Comment
Event: 0.940 loading class org/w3c/dom/Comment done
Event: 0.943 loading class org/openxmlformats/schemas/spreadsheetml/x2006/main/impl/CTWorkbookImpl
Event: 0.943 loading class org/openxmlformats/schemas/spreadsheetml/x2006/main/impl/CTWorkbookImpl done
Event: 0.943 loading class org/apache/xmlbeans/impl/values/XmlComplexContentImpl
Event: 0.943 loading class org/apache/xmlbeans/impl/values/XmlComplexContentImpl done
Event: 0.946 loading class org/w3c/dom/NamedNodeMap
Event: 0.946 loading class org/w3c/dom/NamedNodeMap done
Event: 0.948 loading class org/openxmlformats/schemas/spreadsheetml/x2006/main/impl/CTWorkbookPrImpl
Event: 0.948 loading class org/openxmlformats/schemas/spreadsheetml/x2006/main/impl/CTWorkbookPrImpl done
Event: 0.948 loading class org/openxmlformats/schemas/spreadsheetml/x2006/main/CTWorkbookPr
Event: 0.948 loading class org/openxmlformats/schemas/spreadsheetml/x2006/main/CTWorkbookPr done
Event: 0.949 loading class org/apache/xmlbeans/StringEnumAbstractBase
Event: 0.949 loading class org/apache/xmlbeans/StringEnumAbstractBase done
Event: 0.950 loading class org/openxmlformats/schemas/spreadsheetml/x2006/main/STUpdateLinks$Enum
Event: 0.950 loading class org/openxmlformats/schemas/spreadsheetml/x2006/main/STUpdateLinks$Enum done
Event: 0.950 loading class org/openxmlformats/schemas/spreadsheetml/x2006/main/STObjects$Enum
Event: 0.950 loading class org/openxmlformats/schemas/spreadsheetml/x2006/main/STObjects$Enum done
Event: 0.951 loading class org/apache/xmlbeans/impl/values/XmlBooleanImpl
Event: 0.951 loading class org/apache/xmlbeans/impl/values/XmlBooleanImpl done
Event: 0.951 loading class org/apache/xmlbeans/XmlBoolean
Event: 0.951 loading class org/apache/xmlbeans/XmlBoolean done
Event: 0.951 loading class org/apache/xmlbeans/impl/values/JavaBooleanHolder
Event: 0.951 loading class org/apache/xmlbeans/impl/values/JavaBooleanHolder done
Event: 0.952 loading class java/util/Collections$1
Event: 0.952 loading class java/util/Collections$1 done
Event: 0.955 loading class org/openxmlformats/schemas/spreadsheetml/x2006/main/impl/CTBookViewsImpl
Event: 0.955 loading class org/openxmlformats/schemas/spreadsheetml/x2006/main/impl/CTBookViewsImpl done
Event: 0.955 loading class org/openxmlformats/schemas/spreadsheetml/x2006/main/CTBookViews
Event: 0.956 loading class org/openxmlformats/schemas/spreadsheetml/x2006/main/CTBookViews done
Event: 0.957 loading class org/openxmlformats/schemas/spreadsheetml/x2006/main/impl/CTBookViewImpl
Event: 0.957 loading class org/openxmlformats/schemas/spreadsheetml/x2006/main/impl/CTBookViewImpl done
Event: 0.957 loading class org/openxmlformats/schemas/spreadsheetml/x2006/main/CTBookView
Event: 0.957 loading class org/openxmlformats/schemas/spreadsheetml/x2006/main/CTBookView done
Event: 0.958 loading class org/openxmlformats/schemas/spreadsheetml/x2006/main/STVisibility$Enum
Event: 0.958 loading class org/openxmlformats/schemas/spreadsheetml/x2006/main/STVisibility$Enum done
Event: 0.958 Thread 0x000055c065b71000 DEOPT PACKING pc=0x00007f6e36577bde sp=0x00007ffdc38e0b30
Event: 0.958 Thread 0x000055c065b71000 DEOPT UNPACKING pc=0x00007f6e3620c4cc sp=0x00007ffdc38e0828 mode 0
Event: 0.959 loading class org/apache/xmlbeans/impl/values/XmlUnsignedIntImpl
Event: 0.959 loading class org/apache/xmlbeans/impl/values/XmlUnsignedIntImpl done
Event: 0.959 loading class org/apache/xmlbeans/XmlUnsignedInt
Event: 0.959 loading class org/apache/xmlbeans/XmlUnsignedInt done
Event: 0.959 loading class org/apache/xmlbeans/XmlUnsignedLong
Event: 0.959 loading class org/apache/xmlbeans/XmlUnsignedLong done
Event: 0.959 loading class org/apache/xmlbeans/XmlNonNegativeInteger
Event: 0.959 loading class org/apache/xmlbeans/XmlNonNegativeInteger done
Event: 0.960 loading class org/apache/xmlbeans/impl/values/JavaLongHolderEx
Event: 0.960 loading class org/apache/xmlbeans/impl/values/JavaLongHolderEx done
Event: 0.960 loading class org/apache/xmlbeans/impl/values/JavaLongHolder
Event: 0.960 loading class org/apache/xmlbeans/impl/values/JavaLongHolder done
Event: 0.961 loading class org/openxmlformats/schemas/spreadsheetml/x2006/main/impl/CTSheetsImpl
Event: 0.961 loading class org/openxmlformats/schemas/spreadsheetml/x2006/main/impl/CTSheetsImpl done
Event: 0.961 loading class org/openxmlformats/schemas/spreadsheetml/x2006/main/CTSheets
Event: 0.961 loading class org/openxmlformats/schemas/spreadsheetml/x2006/main/CTSheets done
Event: 0.962 loading class org/apache/poi/POIXMLProperties
Event: 0.962 loading class org/apache/poi/POIXMLProperties done
Event: 0.963 loading class org/openxmlformats/schemas/officeDocument/x2006/extendedProperties/PropertiesDocument$Factory
Event: 0.963 loading class org/openxmlformats/schemas/officeDocument/x2006/extendedProperties/PropertiesDocument$Factory done
Event: 0.963 Thread 0x000055c065b71000 DEOPT PACKING pc=0x00007f6e36577bde sp=0x00007ffdc38e1130
Event: 0.963 Thread 0x000055c065b71000 DEOPT UNPACKING pc=0x00007f6e3620c4cc sp=0x00007ffdc38e0e28 mode 0
Event: 0.963 loading class org/openxmlformats/schemas/officeDocument/x2006/extendedProperties/PropertiesDocument
Event: 0.963 loading class org/openxmlformats/schemas/officeDocument/x2006/extendedProperties/PropertiesDocument done
Event: 0.964 loading class org/openxmlformats/schemas/officeDocument/x2006/extendedProperties/impl/PropertiesDocumentImpl
Event: 0.964 loading class org/openxmlformats/schemas/officeDocument/x2006/extendedProperties/impl/PropertiesDocumentImpl done
Event: 0.966 loading class org/openxmlformats/schemas/officeDocument/x2006/extendedProperties/impl/CTPropertiesImpl
Event: 0.966 loading class org/openxmlformats/schemas/officeDocument/x2006/extendedProperties/impl/CTPropertiesImpl done
Event: 0.967 loading class org/openxmlformats/schemas/officeDocument/x2006/extendedProperties/CTProperties
Event: 0.967 loading class org/openxmlformats/schemas/officeDocument/x2006/extendedProperties/CTProperties done
Event: 0.981 loading class org/openxmlformats/schemas/officeDocument/x2006/customProperties/PropertiesDocument$Factory
Event: 0.981 loading class org/openxmlformats/schemas/officeDocument/x2006/customProperties/PropertiesDocument$Factory done
Event: 0.981 loading class org/openxmlformats/schemas/officeDocument/x2006/customProperties/PropertiesDocument
Event: 0.981 loading class org/openxmlformats/schemas/officeDocument/x2006/customProperties/PropertiesDocument done
Event: 0.982 loading class org/openxmlformats/schemas/officeDocument/x2006/customProperties/impl/PropertiesDocumentImpl
Event: 0.982 loading class org/openxmlformats/schemas/officeDocument/x2006/customProperties/impl/PropertiesDocumentImpl done
Event: 0.983 loading class org/openxmlformats/schemas/officeDocument/x2006/customProperties/impl/CTPropertiesImpl
Event: 0.983 loading class org/openxmlformats/schemas/officeDocument/x2006/customProperties/impl/CTPropertiesImpl done
Event: 0.983 loading class org/openxmlformats/schemas/officeDocument/x2006/customProperties/CTProperties
Event: 0.983 loading class org/openxmlformats/schemas/officeDocument/x2006/customProperties/CTProperties done
Event: 0.983 loading class org/apache/poi/POIXMLProperties$CoreProperties
Event: 0.983 loading class org/apache/poi/POIXMLProperties$CoreProperties done
Event: 0.984 loading class org/apache/poi/POIXMLProperties$ExtendedProperties
Event: 0.984 loading class org/apache/poi/POIXMLProperties$ExtendedProperties done
Event: 0.984 loading class org/apache/poi/POIXMLProperties$CustomProperties
Event: 0.984 loading class org/apache/poi/POIXMLProperties$CustomProperties done
Event: 0.985 loading class org/apache/xmlbeans/impl/store/CharUtil
Event: 0.985 loading class org/apache/xmlbeans/impl/store/CharUtil done
Event: 0.986 loading class org/apache/xmlbeans/impl/store/CharUtil$1
Event: 0.986 loading class org/apache/xmlbeans/impl/store/CharUtil$1 done
Event: 0.986 loading class org/apache/xmlbeans/impl/store/CharUtil$CharIterator
Event: 0.986 loading class org/apache/xmlbeans/impl/store/CharUtil$CharIterator done
Event: 0.988 loading class java/util/Collections$SingletonMap
Event: 0.988 loading class java/util/Collections$SingletonMap done
Event: 0.988 loading class org/openxmlformats/schemas/spreadsheetml/x2006/main/SstDocument$Factory
Event: 0.988 loading class org/openxmlformats/schemas/spreadsheetml/x2006/main/SstDocument$Factory done
Event: 0.988 loading class org/openxmlformats/schemas/spreadsheetml/x2006/main/SstDocument
Event: 0.988 loading class org/openxmlformats/schemas/spreadsheetml/x2006/main/SstDocument done
Event: 0.989 loading class org/openxmlformats/schemas/spreadsheetml/x2006/main/impl/SstDocumentImpl
Event: 0.989 loading class org/openxmlformats/schemas/spreadsheetml/x2006/main/impl/SstDocumentImpl done
Event: 0.990 loading class org/openxmlformats/schemas/spreadsheetml/x2006/main/impl/CTSstImpl
Event: 0.990 loading class org/openxmlformats/schemas/spreadsheetml/x2006/main/impl/CTSstImpl done
Event: 0.990 loading class org/openxmlformats/schemas/spreadsheetml/x2006/main/CTSst
Event: 0.990 loading class org/openxmlformats/schemas/spreadsheetml/x2006/main/CTSst done
Event: 0.992 loading class org/openxmlformats/schemas/spreadsheetml/x2006/main/StyleSheetDocument$Factory
Event: 0.992 loading class org/openxmlformats/schemas/spreadsheetml/x2006/main/StyleSheetDocument$Factory done
Event: 0.992 loading class org/openxmlformats/schemas/spreadsheetml/x2006/main/StyleSheetDocument
Event: 0.992 loading class org/openxmlformats/schemas/spreadsheetml/x2006/main/StyleSheetDocument done
Event: 0.993 loading class org/openxmlformats/schemas/spreadsheetml/x2006/main/impl/StyleSheetDocumentImpl
Event: 0.993 loading class org/openxmlformats/schemas/spreadsheetml/x2006/main/impl/StyleSheetDocumentImpl done
Event: 0.994 loading class org/openxmlformats/schemas/spreadsheetml/x2006/main/impl/CTStylesheetImpl
Event: 0.994 loading class org/openxmlformats/schemas/spreadsheetml/x2006/main/impl/CTStylesheetImpl done
Event: 0.994 loading class org/openxmlformats/schemas/spreadsheetml/x2006/main/CTStylesheet
Event: 0.994 loading class org/openxmlformats/schemas/spreadsheetml/x2006/main/CTStylesheet done
Event: 0.995 loading class org/openxmlformats/schemas/spreadsheetml/x2006/main/CTFont$Factory
Event: 0.995 loading class org/openxmlformats/schemas/spreadsheetml/x2006/main/CTFont$Factory done
Event: 0.996 loading class org/openxmlformats/schemas/spreadsheetml/x2006/main/CTFont
Event: 0.996 loading class org/openxmlformats/schemas/spreadsheetml/x2006/main/CTFont done
Event: 0.997 loading class org/openxmlformats/schemas/spreadsheetml/x2006/main/impl/CTFontImpl
Event: 0.997 loading class org/openxmlformats/schemas/spreadsheetml/x2006/main/impl/CTFontImpl done
Event: 0.999 loading class org/apache/poi/xssf/usermodel/XSSFFont
Event: 0.999 loading class org/apache/poi/xssf/usermodel/XSSFFont done
Event: 1.000 loading class org/apache/poi/ss/usermodel/IndexedColors
Event: 1.000 loading class org/apache/poi/ss/usermodel/IndexedColors done
Event: 1.001 loading class org/openxmlformats/schemas/spreadsheetml/x2006/main/impl/CTFontSizeImpl
Event: 1.001 loading class org/openxmlformats/schemas/spreadsheetml/x2006/main/impl/CTFontSizeImpl done
Event: 1.001 loading class org/openxmlformats/schemas/spreadsheetml/x2006/main/CTFontSize
Event: 1.001 loading class org/openxmlformats/schemas/spreadsheetml/x2006/main/CTFontSize done
Event: 1.001 loading class org/apache/xmlbeans/impl/values/XmlDoubleImpl
Event: 1.001 loading class org/apache/xmlbeans/impl/values/XmlDoubleImpl done
Event: 1.001 loading class org/apache/xmlbeans/XmlDouble
Event: 1.001 loading class org/apache/xmlbeans/XmlDouble done
Event: 1.002 loading class org/apache/xmlbeans/impl/values/JavaDoubleHolder
Event: 1.002 loading class org/apache/xmlbeans/impl/values/JavaDoubleHolder done
Event: 1.003 loading class org/openxmlformats/schemas/spreadsheetml/x2006/main/impl/CTColorImpl
Event: 1.003 loading class org/openxmlformats/schemas/spreadsheetml/x2006/main/impl/CTColorImpl done
Event: 1.003 loading class org/openxmlformats/schemas/spreadsheetml/x2006/main/CTColor
Event: 1.003 loading class org/openxmlformats/schemas/spreadsheetml/x2006/main/CTColor done
Event: 1.005 loading class org/openxmlformats/schemas/spreadsheetml/x2006/main/impl/CTFontNameImpl
Event: 1.005 loading class org/openxmlformats/schemas/spreadsheetml/x2006/main/impl/CTFontNameImpl done
Event: 1.005 loading class org/openxmlformats/schemas/spreadsheetml/x2006/main/CTFontName
Event: 1.005 loading class org/openxmlformats/schemas/spreadsheetml/x2006/main/CTFontName done
Event: 1.005 loading class org/openxmlformats/schemas/spreadsheetml/x2006/main/impl/STXstringImpl
Event: 1.005 loading class org/openxmlformats/schemas/spreadsheetml/x2006/main/impl/STXstringImpl done
Event: 1.006 loading class org/openxmlformats/schemas/spreadsheetml/x2006/main/STXstring
Event: 1.006 loading class org/openxmlformats/schemas/spreadsheetml/x2006/main/STXstring done
Event: 1.006 loading class org/apache/xmlbeans/impl/values/JavaStringHolderEx
Event: 1.006 loading class org/apache/xmlbeans/impl/values/JavaStringHolderEx done
Event: 1.006 loading class org/apache/poi/ss/usermodel/FontFamily
Event: 1.006 loading class org/apache/poi/ss/usermodel/FontFamily done
Event: 1.007 loading class org/openxmlformats/schemas/spreadsheetml/x2006/main/impl/CTIntPropertyImpl
Event: 1.007 loading class org/openxmlformats/schemas/spreadsheetml/x2006/main/impl/CTIntPropertyImpl done
Event: 1.007 loading class org/openxmlformats/schemas/spreadsheetml/x2006/main/CTIntProperty
Event: 1.007 loading class org/openxmlformats/schemas/spreadsheetml/x2006/main/CTIntProperty done
Event: 1.008 loading class org/apache/xmlbeans/impl/values/XmlIntImpl
Event: 1.008 loading class org/apache/xmlbeans/impl/values/XmlIntImpl done
Event: 1.008 loading class org/apache/xmlbeans/XmlInt
Event: 1.008 loading class org/apache/xmlbeans/XmlInt done
Event: 1.008 loading class org/apache/xmlbeans/XmlLong
Event: 1.008 loading class org/apache/xmlbeans/XmlLong done
Event: 1.008 loading class org/apache/xmlbeans/impl/values/JavaIntHolder
Event: 1.008 loading class org/apache/xmlbeans/impl/values/JavaIntHolder done
Event: 1.009 loading class org/apache/poi/ss/usermodel/FontScheme
Event: 1.009 loading class org/apache/poi/ss/usermodel/FontScheme done
Event: 1.009 loading class org/openxmlformats/schemas/spreadsheetml/x2006/main/impl/CTFontSchemeImpl
Event: 1.009 loading class org/openxmlformats/schemas/spreadsheetml/x2006/main/impl/CTFontSchemeImpl done
Event: 1.009 loading class org/openxmlformats/schemas/spreadsheetml/x2006/main/CTFontScheme
Event: 1.009 loading class org/openxmlformats/schemas/spreadsheetml/x2006/main/CTFontScheme done
Event: 1.010 loading class org/openxmlformats/schemas/spreadsheetml/x2006/main/STFontScheme$Enum
Event: 1.010 loading class org/openxmlformats/schemas/spreadsheetml/x2006/main/STFontScheme$Enum done
Event: 1.010 loading class org/apache/xmlbeans/StringEnumAbstractBase$Table
Event: 1.010 loading class org/apache/xmlbeans/StringEnumAbstractBase$Table done
Event: 1.011 loading class org/apache/xmlbeans/SchemaStringEnumEntry
Event: 1.011 loading class org/apache/xmlbeans/SchemaStringEnumEntry done
Event: 1.011 loading class org/apache/xmlbeans/impl/schema/SchemaStringEnumEntryImpl
Event: 1.011 loading class org/apache/xmlbeans/impl/schema/SchemaStringEnumEntryImpl done
Event: 1.011 loading class org/openxmlformats/schemas/spreadsheetml/x2006/main/impl/STFontSchemeImpl
Event: 1.011 loading class org/openxmlformats/schemas/spreadsheetml/x2006/main/impl/STFontSchemeImpl done
Event: 1.011 loading class org/openxmlformats/schemas/spreadsheetml/x2006/main/STFontScheme
Event: 1.011 loading class org/openxmlformats/schemas/spreadsheetml/x2006/main/STFontScheme done
Event: 1.011 loading class org/apache/xmlbeans/impl/values/JavaStringEnumerationHolderEx
Event: 1.011 loading class org/apache/xmlbeans/impl/values/JavaStringEnumerationHolderEx done
Event: 1.012 loading class org/openxmlformats/schemas/spreadsheetml/x2006/main/CTFill
Event: 1.012 loading class org/openxmlformats/schemas/spreadsheetml/x2006/main/CTFill done
Event: 1.012 loading class org/openxmlformats/schemas/spreadsheetml/x2006/main/CTFill$Factory
Event: 1.012 loading class org/openxmlformats/schemas/spreadsheetml/x2006/main/CTFill$Factory done
Event: 1.013 loading class org/openxmlformats/schemas/spreadsheetml/x2006/main/impl/CTFillImpl
Event: 1.013 loading class org/openxmlformats/schemas/spreadsheetml/x2006/main/impl/CTFillImpl done
Event: 1.014 loading class org/openxmlformats/schemas/spreadsheetml/x2006/main/impl/CTPatternFillImpl
Event: 1.014 loading class org/openxmlformats/schemas/spreadsheetml/x2006/main/impl/CTPatternFillImpl done
Event: 1.014 loading class org/openxmlformats/schemas/spreadsheetml/x2006/main/CTPatternFill
Event: 1.014 loading class org/openxmlformats/schemas/spreadsheetml/x2006/main/CTPatternFill done
Event: 1.014 loading class org/openxmlformats/schemas/spreadsheetml/x2006/main/STPatternType$Enum
Event: 1.014 loading class org/openxmlformats/schemas/spreadsheetml/x2006/main/STPatternType$Enum done
Event: 1.015 loading class org/openxmlformats/schemas/spreadsheetml/x2006/main/STPatternType
Event: 1.015 loading class org/openxmlformats/schemas/spreadsheetml/x2006/main/STPatternType done
Event: 1.016 loading class org/openxmlformats/schemas/spreadsheetml/x2006/main/impl/STPatternTypeImpl
Event: 1.016 loading class org/openxmlformats/schemas/spreadsheetml/x2006/main/impl/STPatternTypeImpl done
Event: 1.016 loading class org/apache/poi/xssf/usermodel/extensions/XSSFCellFill
Event: 1.016 loading class org/apache/poi/xssf/usermodel/extensions/XSSFCellFill done
Event: 1.017 loading class org/openxmlformats/schemas/spreadsheetml/x2006/main/CTBorder$Factory
Event: 1.017 loading class org/openxmlformats/schemas/spreadsheetml/x2006/main/CTBorder$Factory done
Event: 1.017 loading class org/openxmlformats/schemas/spreadsheetml/x2006/main/CTBorder
Event: 1.017 loading class org/openxmlformats/schemas/spreadsheetml/x2006/main/CTBorder done
Event: 1.018 loading class org/openxmlformats/schemas/spreadsheetml/x2006/main/impl/CTBorderImpl
Event: 1.018 loading class org/openxmlformats/schemas/spreadsheetml/x2006/main/impl/CTBorderImpl done
Event: 1.019 loading class org/openxmlformats/schemas/spreadsheetml/x2006/main/impl/CTBorderPrImpl
Event: 1.019 loading class org/openxmlformats/schemas/spreadsheetml/x2006/main/impl/CTBorderPrImpl done
Event: 1.020 loading class org/openxmlformats/schemas/spreadsheetml/x2006/main/CTBorderPr
Event: 1.020 loading class org/openxmlformats/schemas/spreadsheetml/x2006/main/CTBorderPr done
Event: 1.020 loading class org/openxmlformats/schemas/spreadsheetml/x2006/main/STBorderStyle$Enum
Event: 1.020 loading class org/openxmlformats/schemas/spreadsheetml/x2006/main/STBorderStyle$Enum done
Event: 1.021 loading class org/apache/poi/xssf/usermodel/extensions/XSSFCellBorder
Event: 1.021 loading class org/apache/poi/xssf/usermodel/extensions/XSSFCellBorder done
Event: 1.021 loading class org/openxmlformats/schemas/spreadsheetml/x2006/main/CTXf$Factory
Event: 1.021 loading class org/openxmlformats/schemas/spreadsheetml/x2006/main/CTXf$Factory done
Event: 1.022 loading class org/openxmlformats/schemas/spreadsheetml/x2006/main/CTXf
Event: 1.022 loading class org/openxmlformats/schemas/spreadsheetml/x2006/main/CTXf done
Event: 1.023 loading class org/openxmlformats/schemas/spreadsheetml/x2006/main/impl/CTXfImpl
Event: 1.023 loading class org/openxmlformats/schemas/spreadsheetml/x2006/main/impl/CTXfImpl done
Event: 1.025 loading class org/openxmlformats/schemas/spreadsheetml/x2006/main/impl/STNumFmtIdImpl
Event: 1.025 loading class org/openxmlformats/schemas/spreadsheetml/x2006/main/impl/STNumFmtIdImpl done
Event: 1.025 loading class org/openxmlformats/schemas/spreadsheetml/x2006/main/STNumFmtId
Event: 1.025 loading class org/openxmlformats/schemas/spreadsheetml/x2006/main/STNumFmtId done
Event: 1.025 loading class org/openxmlformats/schemas/spreadsheetml/x2006/main/impl/STFontIdImpl
Event: 1.025 loading class org/openxmlformats/schemas/spreadsheetml/x2006/main/impl/STFontIdImpl done
Event: 1.026 loading class org/openxmlformats/schemas/spreadsheetml/x2006/main/STFontId
Event: 1.026 loading class org/openxmlformats/schemas/spreadsheetml/x2006/main/STFontId done
Event: 1.026 loading class org/openxmlformats/schemas/spreadsheetml/x2006/main/impl/STFillIdImpl
Event: 1.026 loading class org/openxmlformats/schemas/spreadsheetml/x2006/main/impl/STFillIdImpl done
Event: 1.026 loading class org/openxmlformats/schemas/spreadsheetml/x2006/main/STFillId
Event: 1.026 loading class org/openxmlformats/schemas/spreadsheetml/x2006/main/STFillId done
Event: 1.027 loading class org/openxmlformats/schemas/spreadsheetml/x2006/main/impl/STBorderIdImpl
Event: 1.027 loading class org/openxmlformats/schemas/spreadsheetml/x2006/main/impl/STBorderIdImpl done
Event: 1.027 loading class org/openxmlformats/schemas/spreadsheetml/x2006/main/STBorderId
Event: 1.027 loading class org/openxmlformats/schemas/spreadsheetml/x2006/main/STBorderId done
Event: 1.028 loading class org/openxmlformats/schemas/spreadsheetml/x2006/main/impl/STCellStyleXfIdImpl
Event: 1.028 loading class org/openxmlformats/schemas/spreadsheetml/x2006/main/impl/STCellStyleXfIdImpl done
Event: 1.028 loading class org/openxmlformats/schemas/spreadsheetml/x2006/main/STCellStyleXfId
Event: 1.028 loading class org/openxmlformats/schemas/spreadsheetml/x2006/main/STCellStyleXfId done
Event: 4.069 Executing VM operation: EnableBiasedLocking
Event: 4.069 Executing VM operation: EnableBiasedLocking done


Dynamic libraries:
5c0000000-615580000 rw-p 00000000 00:00 0 
615580000-715580000 ---p 00000000 00:00 0 
715580000-740000000 rw-p 00000000 00:00 0 
740000000-7c0000000 ---p 00000000 00:00 0 
7c0000000-7c0100000 rw-p 00000000 00:00 0 
7c0100000-800000000 ---p 00000000 00:00 0 
55bfac3a5000-55bfad765000 r-xp 00000000 fd:00 9483805                    /usr/lib/rstudio-server/bin/rsession
55bfad965000-55bfad992000 r--p 013c0000 fd:00 9483805                    /usr/lib/rstudio-server/bin/rsession
55bfad992000-55bfad997000 rw-p 013ed000 fd:00 9483805                    /usr/lib/rstudio-server/bin/rsession
55bfad997000-55bfad9a8000 rw-p 00000000 00:00 0 
55bfadc34000-55c1d52d1000 rw-p 00000000 00:00 0                          [heap]
7f6d6d806000-7f6d6d807000 ---p 00000000 00:00 0 
7f6d6d807000-7f6d6e007000 rw-p 00000000 00:00 0 
7f6d6e808000-7f6d6e809000 ---p 00000000 00:00 0 
7f6d6e809000-7f6d6f009000 rw-p 00000000 00:00 0 
7f6d7000b000-7f6d7000c000 ---p 00000000 00:00 0 
7f6d7000c000-7f6d7080c000 rw-p 00000000 00:00 0 
7f6d7080c000-7f6d7080d000 ---p 00000000 00:00 0 
7f6d7080d000-7f6d7100d000 rw-p 00000000 00:00 0 
7f6d7100d000-7f6d7100e000 ---p 00000000 00:00 0 
7f6d7100e000-7f6d7180e000 rw-p 00000000 00:00 0 
7f6d7180e000-7f6d7180f000 ---p 00000000 00:00 0 
7f6d7180f000-7f6d7200f000 rw-p 00000000 00:00 0 
7f6d7200f000-7f6d72010000 ---p 00000000 00:00 0 
7f6d72010000-7f6d72810000 rw-p 00000000 00:00 0 
7f6d72810000-7f6d72811000 ---p 00000000 00:00 0 
7f6d72811000-7f6d73011000 rw-p 00000000 00:00 0 
7f6d73011000-7f6d73012000 ---p 00000000 00:00 0 
7f6d73012000-7f6d73812000 rw-p 00000000 00:00 0 
7f6d73812000-7f6d73813000 ---p 00000000 00:00 0 
7f6d73813000-7f6d74013000 rw-p 00000000 00:00 0 
7f6d74013000-7f6d74014000 ---p 00000000 00:00 0 
7f6d74014000-7f6d74814000 rw-p 00000000 00:00 0 
7f6d74814000-7f6d74815000 ---p 00000000 00:00 0 
7f6d74815000-7f6d75015000 rw-p 00000000 00:00 0 
7f6d75015000-7f6d77dea000 r-xp 00000000 00:2a 2061735073                 /lrlhps/apps/intel/intel-2020/compilers_and_libraries_2020.0.166/linux/mkl/lib/intel64_lin/libmkl_avx2.so
7f6d77dea000-7f6d77fe9000 ---p 02dd5000 00:2a 2061735073                 /lrlhps/apps/intel/intel-2020/compilers_and_libraries_2020.0.166/linux/mkl/lib/intel64_lin/libmkl_avx2.so
7f6d77fe9000-7f6d77ff0000 r--p 02dd4000 00:2a 2061735073                 /lrlhps/apps/intel/intel-2020/compilers_and_libraries_2020.0.166/linux/mkl/lib/intel64_lin/libmkl_avx2.so
7f6d77ff0000-7f6d77ffe000 rw-p 02ddb000 00:2a 2061735073                 /lrlhps/apps/intel/intel-2020/compilers_and_libraries_2020.0.166/linux/mkl/lib/intel64_lin/libmkl_avx2.so
7f6d77ffe000-7f6d78000000 rw-p 00000000 00:00 0 
7f6d78000000-7f6d78021000 rw-p 00000000 00:00 0 
7f6d78021000-7f6d7c000000 ---p 00000000 00:00 0 
7f6d7c6b5000-7f6d7c6b6000 ---p 00000000 00:00 0 
7f6d7c6b6000-7f6d7ceb6000 rw-p 00000000 00:00 0 
7f6d7ceb6000-7f6d7ceb7000 ---p 00000000 00:00 0 
7f6d7ceb7000-7f6d7d6b7000 rw-p 00000000 00:00 0 
7f6d7d6b7000-7f6d7d6b8000 ---p 00000000 00:00 0 
7f6d7d6b8000-7f6d7deb8000 rw-p 00000000 00:00 0 
7f6d7deb8000-7f6d7ea45000 r-xp 00000000 00:2a 2062906922                 /lrlhps/apps/intel/intel-2020/compilers_and_libraries_2020.0.166/linux/mkl/lib/intel64_lin/libmkl_vml_avx2.so
7f6d7ea45000-7f6d7ec45000 ---p 00b8d000 00:2a 2062906922                 /lrlhps/apps/intel/intel-2020/compilers_and_libraries_2020.0.166/linux/mkl/lib/intel64_lin/libmkl_vml_avx2.so
7f6d7ec45000-7f6d7ec48000 r--p 00b8d000 00:2a 2062906922                 /lrlhps/apps/intel/intel-2020/compilers_and_libraries_2020.0.166/linux/mkl/lib/intel64_lin/libmkl_vml_avx2.so
7f6d7ec48000-7f6d7ec5f000 rw-p 00b90000 00:2a 2062906922                 /lrlhps/apps/intel/intel-2020/compilers_and_libraries_2020.0.166/linux/mkl/lib/intel64_lin/libmkl_vml_avx2.so
7f6d7ec5f000-7f6d7ec60000 rw-p 00000000 00:00 0 
7f6d7ec60000-7f6d7ec6c000 r-xp 00000000 fd:05 256520720                  /opt/R/R-4.0.3/lib64/R/modules/lapack.so
7f6d7ec6c000-7f6d7ee6b000 ---p 0000c000 fd:05 256520720                  /opt/R/R-4.0.3/lib64/R/modules/lapack.so
7f6d7ee6b000-7f6d7ee6c000 r--p 0000b000 fd:05 256520720                  /opt/R/R-4.0.3/lib64/R/modules/lapack.so
7f6d7ee6c000-7f6d7ee6d000 rw-p 0000c000 fd:05 256520720                  /opt/R/R-4.0.3/lib64/R/modules/lapack.so
7f6d7ee6d000-7f6d7ee79000 r-xp 00000000 fd:05 168822283                  /opt/R/R-4.0.3/lib64/R/library/rpart/libs/rpart.so
7f6d7ee79000-7f6d7f078000 ---p 0000c000 fd:05 168822283                  /opt/R/R-4.0.3/lib64/R/library/rpart/libs/rpart.so
7f6d7f078000-7f6d7f079000 r--p 0000b000 fd:05 168822283                  /opt/R/R-4.0.3/lib64/R/library/rpart/libs/rpart.so
7f6d7f079000-7f6d7f07a000 rw-p 0000c000 fd:05 168822283                  /opt/R/R-4.0.3/lib64/R/library/rpart/libs/rpart.so
7f6d7f07a000-7f6d7f0a2000 r-xp 00000000 fd:05 265847813                  /opt/R/R-4.0.3/lib64/R/library/VIM/libs/VIM.so
7f6d7f0a2000-7f6d7f2a2000 ---p 00028000 fd:05 265847813                  /opt/R/R-4.0.3/lib64/R/library/VIM/libs/VIM.so
7f6d7f2a2000-7f6d7f2a3000 r--p 00028000 fd:05 265847813                  /opt/R/R-4.0.3/lib64/R/library/VIM/libs/VIM.so
7f6d7f2a3000-7f6d7f2a4000 rw-p 00029000 fd:05 265847813                  /opt/R/R-4.0.3/lib64/R/library/VIM/libs/VIM.so
7f6d7f2a4000-7f6d7f2a5000 r-xp 00000000 fd:05 35946521                   /opt/R/R-4.0.3/lib64/R/library/lmtest/libs/lmtest.so
7f6d7f2a5000-7f6d7f4a5000 ---p 00001000 fd:05 35946521                   /opt/R/R-4.0.3/lib64/R/library/lmtest/libs/lmtest.so
7f6d7f4a5000-7f6d7f4a6000 r--p 00001000 fd:05 35946521                   /opt/R/R-4.0.3/lib64/R/library/lmtest/libs/lmtest.so
7f6d7f4a6000-7f6d7f4a7000 rw-p 00002000 fd:05 35946521                   /opt/R/R-4.0.3/lib64/R/library/lmtest/libs/lmtest.so
7f6d7f4a7000-7f6d7f540000 r-xp 00000000 fd:05 231497755                  /opt/R/R-4.0.3/lib64/R/library/ranger/libs/ranger.so
7f6d7f540000-7f6d7f740000 ---p 00099000 fd:05 231497755                  /opt/R/R-4.0.3/lib64/R/library/ranger/libs/ranger.so
7f6d7f740000-7f6d7f742000 r--p 00099000 fd:05 231497755                  /opt/R/R-4.0.3/lib64/R/library/ranger/libs/ranger.so
7f6d7f742000-7f6d7f744000 rw-p 0009b000 fd:05 231497755                  /opt/R/R-4.0.3/lib64/R/library/ranger/libs/ranger.so
7f6d7f744000-7f6d7f7bb000 r-xp 00000000 fd:05 64995383                   /opt/R/R-4.0.3/lib64/R/library/openxlsx/libs/openxlsx.so
7f6d7f7bb000-7f6d7f9ba000 ---p 00077000 fd:05 64995383                   /opt/R/R-4.0.3/lib64/R/library/openxlsx/libs/openxlsx.so
7f6d7f9ba000-7f6d7f9bc000 r--p 00076000 fd:05 64995383                   /opt/R/R-4.0.3/lib64/R/library/openxlsx/libs/openxlsx.so
7f6d7f9bc000-7f6d7f9bd000 rw-p 00078000 fd:05 64995383                   /opt/R/R-4.0.3/lib64/R/library/openxlsx/libs/openxlsx.so
7f6d7f9bd000-7f6d7f9bf000 rw-p 00000000 00:00 0 
7f6d7f9bf000-7f6d7f9d7000 r-xp 00000000 fd:05 90157060                   /opt/R/R-4.0.3/lib64/R/library/zip/libs/zip.so
7f6d7f9d7000-7f6d7fbd7000 ---p 00018000 fd:05 90157060                   /opt/R/R-4.0.3/lib64/R/library/zip/libs/zip.so
7f6d7fbd7000-7f6d7fbd8000 r--p 00018000 fd:05 90157060                   /opt/R/R-4.0.3/lib64/R/library/zip/libs/zip.so
7f6d7fbd8000-7f6d7fbd9000 rw-p 00019000 fd:05 90157060                   /opt/R/R-4.0.3/lib64/R/library/zip/libs/zip.so
7f6d7fbd9000-7f6d7fbf1000 r-xp 00000000 fd:05 88097840                   /opt/R/R-4.0.3/lib64/R/library/foreign/libs/foreign.so
7f6d7fbf1000-7f6d7fdf1000 ---p 00018000 fd:05 88097840                   /opt/R/R-4.0.3/lib64/R/library/foreign/libs/foreign.so
7f6d7fdf1000-7f6d7fdf2000 r--p 00018000 fd:05 88097840                   /opt/R/R-4.0.3/lib64/R/library/foreign/libs/foreign.so
7f6d7fdf2000-7f6d7fdf3000 rw-p 00019000 fd:05 88097840                   /opt/R/R-4.0.3/lib64/R/library/foreign/libs/foreign.so
7f6d7fdf3000-7f6d7fdfd000 r-xp 00000000 fd:05 265774324                  /opt/R/R-4.0.3/lib64/R/library/curl/libs/curl.so
7f6d7fdfd000-7f6d7fffc000 ---p 0000a000 fd:05 265774324                  /opt/R/R-4.0.3/lib64/R/library/curl/libs/curl.so
7f6d7fffc000-7f6d7fffd000 r--p 00009000 fd:05 265774324                  /opt/R/R-4.0.3/lib64/R/library/curl/libs/curl.so
7f6d7fffd000-7f6d7fffe000 rw-p 0000a000 fd:05 265774324                  /opt/R/R-4.0.3/lib64/R/library/curl/libs/curl.so
7f6d7fffe000-7f6d80000000 rw-p 00000000 00:00 0 
7f6d80000000-7f6d80021000 rw-p 00000000 00:00 0 
7f6d80021000-7f6d84000000 ---p 00000000 00:00 0 
7f6d84000000-7f6d84021000 rw-p 00000000 00:00 0 
7f6d84021000-7f6d88000000 ---p 00000000 00:00 0 
7f6d88000000-7f6d880d6000 rw-p 00000000 00:00 0 
7f6d880d6000-7f6d8c000000 ---p 00000000 00:00 0 
7f6d8c000000-7f6d8c021000 rw-p 00000000 00:00 0 
7f6d8c021000-7f6d90000000 ---p 00000000 00:00 0 
7f6d90000000-7f6d90150000 rw-p 00000000 00:00 0 
7f6d90150000-7f6d94000000 ---p 00000000 00:00 0 
7f6d94000000-7f6d9402a000 rw-p 00000000 00:00 0 
7f6d9402a000-7f6d98000000 ---p 00000000 00:00 0 
7f6d98000000-7f6d980e5000 rw-p 00000000 00:00 0 
7f6d980e5000-7f6d9c000000 ---p 00000000 00:00 0 
7f6d9c000000-7f6d9c098000 rw-p 00000000 00:00 0 
7f6d9c098000-7f6da0000000 ---p 00000000 00:00 0 
7f6da0000000-7f6da0196000 rw-p 00000000 00:00 0 
7f6da0196000-7f6da4000000 ---p 00000000 00:00 0 
7f6da4000000-7f6da40b2000 rw-p 00000000 00:00 0 
7f6da40b2000-7f6da8000000 ---p 00000000 00:00 0 
7f6da8000000-7f6da808f000 rw-p 00000000 00:00 0 
7f6da808f000-7f6dac000000 ---p 00000000 00:00 0 
7f6dac000000-7f6dac0b9000 rw-p 00000000 00:00 0 
7f6dac0b9000-7f6db0000000 ---p 00000000 00:00 0 
7f6db0000000-7f6db00ca000 rw-p 00000000 00:00 0 
7f6db00ca000-7f6db4000000 ---p 00000000 00:00 0 
7f6db4000000-7f6db4070000 rw-p 00000000 00:00 0 
7f6db4070000-7f6db8000000 ---p 00000000 00:00 0 
7f6db8000000-7f6db8021000 rw-p 00000000 00:00 0 
7f6db8021000-7f6dbc000000 ---p 00000000 00:00 0 
7f6dbc000000-7f6dbc140000 rw-p 00000000 00:00 0 
7f6dbc140000-7f6dc0000000 ---p 00000000 00:00 0 
7f6dc0000000-7f6dc0021000 rw-p 00000000 00:00 0 
7f6dc0021000-7f6dc4000000 ---p 00000000 00:00 0 
7f6dc4000000-7f6dc4021000 rw-p 00000000 00:00 0 
7f6dc4021000-7f6dc8000000 ---p 00000000 00:00 0 
7f6dc8000000-7f6dc8021000 rw-p 00000000 00:00 0 
7f6dc8021000-7f6dcc000000 ---p 00000000 00:00 0 
7f6dcc000000-7f6dcc021000 rw-p 00000000 00:00 0 
7f6dcc021000-7f6dd0000000 ---p 00000000 00:00 0 
7f6dd0000000-7f6dd0021000 rw-p 00000000 00:00 0 
7f6dd0021000-7f6dd4000000 ---p 00000000 00:00 0 
7f6dd4164000-7f6dd416c000 r-xp 00000000 fd:05 314147903                  /opt/R/R-4.0.3/lib64/R/library/sp/libs/sp.so
7f6dd416c000-7f6dd436b000 ---p 00008000 fd:05 314147903                  /opt/R/R-4.0.3/lib64/R/library/sp/libs/sp.so
7f6dd436b000-7f6dd436c000 r--p 00007000 fd:05 314147903                  /opt/R/R-4.0.3/lib64/R/library/sp/libs/sp.so
7f6dd436c000-7f6dd436d000 rw-p 00008000 fd:05 314147903                  /opt/R/R-4.0.3/lib64/R/library/sp/libs/sp.so
7f6dd436d000-7f6dd4392000 r-xp 00000000 fd:05 190890020                  /opt/R/R-4.0.3/lib64/R/library/robustbase/libs/robustbase.so
7f6dd4392000-7f6dd4591000 ---p 00025000 fd:05 190890020                  /opt/R/R-4.0.3/lib64/R/library/robustbase/libs/robustbase.so
7f6dd4591000-7f6dd4592000 r--p 00024000 fd:05 190890020                  /opt/R/R-4.0.3/lib64/R/library/robustbase/libs/robustbase.so
7f6dd4592000-7f6dd4593000 rw-p 00025000 fd:05 190890020                  /opt/R/R-4.0.3/lib64/R/library/robustbase/libs/robustbase.so
7f6dd4593000-7f6dd4597000 r-xp 00000000 fd:05 191916544                  /opt/R/R-4.0.3/lib64/R/library/nnet/libs/nnet.so
7f6dd4597000-7f6dd4796000 ---p 00004000 fd:05 191916544                  /opt/R/R-4.0.3/lib64/R/library/nnet/libs/nnet.so
7f6dd4796000-7f6dd4797000 r--p 00003000 fd:05 191916544                  /opt/R/R-4.0.3/lib64/R/library/nnet/libs/nnet.so
7f6dd4797000-7f6dd4798000 rw-p 00004000 fd:05 191916544                  /opt/R/R-4.0.3/lib64/R/library/nnet/libs/nnet.so
7f6dd4798000-7f6dd47ab000 r-xp 00000000 fd:05 72566863                   /opt/R/R-4.0.3/lib64/R/library/e1071/libs/e1071.so
7f6dd47ab000-7f6dd49aa000 ---p 00013000 fd:05 72566863                   /opt/R/R-4.0.3/lib64/R/library/e1071/libs/e1071.so
7f6dd49aa000-7f6dd49ab000 r--p 00012000 fd:05 72566863                   /opt/R/R-4.0.3/lib64/R/library/e1071/libs/e1071.so
7f6dd49ab000-7f6dd49ac000 rw-p 00013000 fd:05 72566863                   /opt/R/R-4.0.3/lib64/R/library/e1071/libs/e1071.so
7f6dd49ac000-7f6dd49af000 r-xp 00000000 fd:05 252385308                  /opt/R/R-4.0.3/lib64/R/library/class/libs/class.so
7f6dd49af000-7f6dd4bae000 ---p 00003000 fd:05 252385308                  /opt/R/R-4.0.3/lib64/R/library/class/libs/class.so
7f6dd4bae000-7f6dd4baf000 r--p 00002000 fd:05 252385308                  /opt/R/R-4.0.3/lib64/R/library/class/libs/class.so
7f6dd4baf000-7f6dd4bb0000 rw-p 00003000 fd:05 252385308                  /opt/R/R-4.0.3/lib64/R/library/class/libs/class.so
7f6dd4bb0000-7f6dd4bb5000 r-xp 00000000 fd:05 126924302                  /opt/R/R-4.0.3/lib64/R/library/MASS/libs/MASS.so
7f6dd4bb5000-7f6dd4db4000 ---p 00005000 fd:05 126924302                  /opt/R/R-4.0.3/lib64/R/library/MASS/libs/MASS.so
7f6dd4db4000-7f6dd4db5000 r--p 00004000 fd:05 126924302                  /opt/R/R-4.0.3/lib64/R/library/MASS/libs/MASS.so
7f6dd4db5000-7f6dd4db6000 rw-p 00005000 fd:05 126924302                  /opt/R/R-4.0.3/lib64/R/library/MASS/libs/MASS.so
7f6dd4db6000-7f6dd4dde000 r-xp 00000000 fd:00 8898604                    /usr/lib64/libnsspem.so
7f6dd4dde000-7f6dd4fde000 ---p 00028000 fd:00 8898604                    /usr/lib64/libnsspem.so
7f6dd4fde000-7f6dd4fdf000 r--p 00028000 fd:00 8898604                    /usr/lib64/libnsspem.so
7f6dd4fdf000-7f6dd4fe0000 rw-p 00029000 fd:00 8898604                    /usr/lib64/libnsspem.so
7f6dd4fe0000-7f6dd4fe2000 r-xp 00000000 fd:00 8467477                    /usr/lib64/libnsssysinit.so
7f6dd4fe2000-7f6dd51e1000 ---p 00002000 fd:00 8467477                    /usr/lib64/libnsssysinit.so
7f6dd51e1000-7f6dd51e2000 r--p 00001000 fd:00 8467477                    /usr/lib64/libnsssysinit.so
7f6dd51e2000-7f6dd51e3000 rw-p 00002000 fd:00 8467477                    /usr/lib64/libnsssysinit.so
7f6dd51e3000-7f6dd529c000 r-xp 00000000 fd:00 9268947                    /usr/lib64/libfreeblpriv3.so
7f6dd529c000-7f6dd549b000 ---p 000b9000 fd:00 9268947                    /usr/lib64/libfreeblpriv3.so
7f6dd549b000-7f6dd549d000 r--p 000b8000 fd:00 9268947                    /usr/lib64/libfreeblpriv3.so
7f6dd549d000-7f6dd549e000 rw-p 000ba000 fd:00 9268947                    /usr/lib64/libfreeblpriv3.so
7f6dd549e000-7f6dd54a2000 rw-p 00000000 00:00 0 
7f6dd54a2000-7f6dd54ef000 r-xp 00000000 fd:00 8727082                    /usr/lib64/libsoftokn3.so
7f6dd54ef000-7f6dd56ef000 ---p 0004d000 fd:00 8727082                    /usr/lib64/libsoftokn3.so
7f6dd56ef000-7f6dd56f0000 r--p 0004d000 fd:00 8727082                    /usr/lib64/libsoftokn3.so
7f6dd56f0000-7f6dd56f2000 rw-p 0004e000 fd:00 8727082                    /usr/lib64/libsoftokn3.so
7f6dd56f2000-7f6dd5744000 r-xp 00000000 fd:00 8417829                    /usr/lib64/libldap-2.4.so.2.10.7
7f6dd5744000-7f6dd5944000 ---p 00052000 fd:00 8417829                    /usr/lib64/libldap-2.4.so.2.10.7
7f6dd5944000-7f6dd5946000 r--p 00052000 fd:00 8417829                    /usr/lib64/libldap-2.4.so.2.10.7
7f6dd5946000-7f6dd5947000 rw-p 00054000 fd:00 8417829                    /usr/lib64/libldap-2.4.so.2.10.7
7f6dd5947000-7f6dd5972000 r-xp 00000000 fd:00 8799419                    /usr/lib64/libssh2.so.1.0.1
7f6dd5972000-7f6dd5b72000 ---p 0002b000 fd:00 8799419                    /usr/lib64/libssh2.so.1.0.1
7f6dd5b72000-7f6dd5b73000 r--p 0002b000 fd:00 8799419                    /usr/lib64/libssh2.so.1.0.1
7f6dd5b73000-7f6dd5b74000 rw-p 0002c000 fd:00 8799419                    /usr/lib64/libssh2.so.1.0.1
7f6dd5b74000-7f6dd5ba6000 r-xp 00000000 fd:00 8390362                    /usr/lib64/libidn.so.11.6.11
7f6dd5ba6000-7f6dd5da5000 ---p 00032000 fd:00 8390362                    /usr/lib64/libidn.so.11.6.11
7f6dd5da5000-7f6dd5da6000 r--p 00031000 fd:00 8390362                    /usr/lib64/libidn.so.11.6.11
7f6dd5da6000-7f6dd5da7000 rw-p 00032000 fd:00 8390362                    /usr/lib64/libidn.so.11.6.11
7f6dd5da7000-7f6dd5e0d000 r-xp 00000000 fd:00 8460389                    /usr/lib64/libcurl.so.4.3.0
7f6dd5e0d000-7f6dd600d000 ---p 00066000 fd:00 8460389                    /usr/lib64/libcurl.so.4.3.0
7f6dd600d000-7f6dd600f000 r--p 00066000 fd:00 8460389                    /usr/lib64/libcurl.so.4.3.0
7f6dd600f000-7f6dd6010000 rw-p 00068000 fd:00 8460389                    /usr/lib64/libcurl.so.4.3.0
7f6dd6010000-7f6dd6011000 rw-p 00000000 00:00 0 
7f6dd6011000-7f6dd6025000 r-xp 00000000 fd:05 256520719                  /opt/R/R-4.0.3/lib64/R/modules/internet.so
7f6dd6025000-7f6dd6224000 ---p 00014000 fd:05 256520719                  /opt/R/R-4.0.3/lib64/R/modules/internet.so
7f6dd6224000-7f6dd6225000 r--p 00013000 fd:05 256520719                  /opt/R/R-4.0.3/lib64/R/modules/internet.so
7f6dd6225000-7f6dd6226000 rw-p 00014000 fd:05 256520719                  /opt/R/R-4.0.3/lib64/R/modules/internet.so
7f6dd6226000-7f6dd6330000 rw-p 00000000 00:00 0 
7f6dd6330000-7f6dd6339000 r-xp 00000000 fd:05 15798286                   /opt/R/R-4.0.3/lib64/R/library/grDevices/libs/cairo.so
7f6dd6339000-7f6dd6538000 ---p 00009000 fd:05 15798286                   /opt/R/R-4.0.3/lib64/R/library/grDevices/libs/cairo.so
7f6dd6538000-7f6dd6539000 r--p 00008000 fd:05 15798286                   /opt/R/R-4.0.3/lib64/R/library/grDevices/libs/cairo.so
7f6dd6539000-7f6dd653a000 rw-p 00009000 fd:05 15798286                   /opt/R/R-4.0.3/lib64/R/library/grDevices/libs/cairo.so
7f6dd653a000-7f6dd6566000 r-xp 00000000 fd:00 8390754                    /usr/lib64/libgraphite2.so.3.0.1
7f6dd6566000-7f6dd6765000 ---p 0002c000 fd:00 8390754                    /usr/lib64/libgraphite2.so.3.0.1
7f6dd6765000-7f6dd6767000 r--p 0002b000 fd:00 8390754                    /usr/lib64/libgraphite2.so.3.0.1
7f6dd6767000-7f6dd6768000 rw-p 0002d000 fd:00 8390754                    /usr/lib64/libgraphite2.so.3.0.1
7f6dd6768000-7f6dd6778000 r-xp 00000000 fd:00 10320434                   /usr/lib64/libGLX.so.0.0.0
7f6dd6778000-7f6dd6978000 ---p 00010000 fd:00 10320434                   /usr/lib64/libGLX.so.0.0.0
7f6dd6978000-7f6dd6979000 r--p 00010000 fd:00 10320434                   /usr/lib64/libGLX.so.0.0.0
7f6dd6979000-7f6dd697a000 rw-p 00011000 fd:00 10320434                   /usr/lib64/libGLX.so.0.0.0
7f6dd697a000-7f6dd699a000 rw-p 00000000 00:00 0 
7f6dd699a000-7f6dd699c000 r-xp 00000000 fd:00 8483080                    /usr/lib64/libXau.so.6.0.0
7f6dd699c000-7f6dd6b9c000 ---p 00002000 fd:00 8483080                    /usr/lib64/libXau.so.6.0.0
7f6dd6b9c000-7f6dd6b9d000 r--p 00002000 fd:00 8483080                    /usr/lib64/libXau.so.6.0.0
7f6dd6b9d000-7f6dd6b9e000 rw-p 00003000 fd:00 8483080                    /usr/lib64/libXau.so.6.0.0
7f6dd6b9e000-7f6dd6c0c000 r-xp 00000000 fd:00 8483120                    /usr/lib64/libGLdispatch.so.0.0.0
7f6dd6c0c000-7f6dd6e0b000 ---p 0006e000 fd:00 8483120                    /usr/lib64/libGLdispatch.so.0.0.0
7f6dd6e0b000-7f6dd6e33000 r--p 0006d000 fd:00 8483120                    /usr/lib64/libGLdispatch.so.0.0.0
7f6dd6e33000-7f6dd6e34000 rw-p 00095000 fd:00 8483120                    /usr/lib64/libGLdispatch.so.0.0.0
7f6dd6e34000-7f6dd6e54000 rw-p 00000000 00:00 0 
7f6dd6e54000-7f6dd6e7c000 r-xp 00000000 fd:00 8495866                    /usr/lib64/libexpat.so.1.6.0
7f6dd6e7c000-7f6dd707b000 ---p 00028000 fd:00 8495866                    /usr/lib64/libexpat.so.1.6.0
7f6dd707b000-7f6dd707d000 r--p 00027000 fd:00 8495866                    /usr/lib64/libexpat.so.1.6.0
7f6dd707d000-7f6dd707e000 rw-p 00029000 fd:00 8495866                    /usr/lib64/libexpat.so.1.6.0
7f6dd707e000-7f6dd711a000 r-xp 00000000 fd:00 8483107                    /usr/lib64/libharfbuzz.so.0.10705.0
7f6dd711a000-7f6dd7319000 ---p 0009c000 fd:00 8483107                    /usr/lib64/libharfbuzz.so.0.10705.0
7f6dd7319000-7f6dd731a000 r--p 0009b000 fd:00 8483107                    /usr/lib64/libharfbuzz.so.0.10705.0
7f6dd731a000-7f6dd731b000 rw-p 0009c000 fd:00 8483107                    /usr/lib64/libharfbuzz.so.0.10705.0
7f6dd731b000-7f6dd738c000 r-xp 00000000 fd:00 8483013                    /usr/lib64/libGL.so.1.7.0
7f6dd738c000-7f6dd758b000 ---p 00071000 fd:00 8483013                    /usr/lib64/libGL.so.1.7.0
7f6dd758b000-7f6dd75a5000 r--p 00070000 fd:00 8483013                    /usr/lib64/libGL.so.1.7.0
7f6dd75a5000-7f6dd75a6000 rw-p 0008a000 fd:00 8483013                    /usr/lib64/libGL.so.1.7.0
7f6dd75a6000-7f6dd75a7000 rw-p 00000000 00:00 0 
7f6dd75a7000-7f6dd75b0000 r-xp 00000000 fd:00 8483140                    /usr/lib64/libXrender.so.1.3.0
7f6dd75b0000-7f6dd77b0000 ---p 00009000 fd:00 8483140                    /usr/lib64/libXrender.so.1.3.0
7f6dd77b0000-7f6dd77b1000 r--p 00009000 fd:00 8483140                    /usr/lib64/libXrender.so.1.3.0
7f6dd77b1000-7f6dd77b2000 rw-p 0000a000 fd:00 8483140                    /usr/lib64/libXrender.so.1.3.0
7f6dd77b2000-7f6dd77be000 r-xp 00000000 fd:00 8819752                    /usr/lib64/libxcb-render.so.0.0.0
7f6dd77be000-7f6dd79be000 ---p 0000c000 fd:00 8819752                    /usr/lib64/libxcb-render.so.0.0.0
7f6dd79be000-7f6dd79bf000 r--p 0000c000 fd:00 8819752                    /usr/lib64/libxcb-render.so.0.0.0
7f6dd79bf000-7f6dd79c0000 rw-p 0000d000 fd:00 8819752                    /usr/lib64/libxcb-render.so.0.0.0
7f6dd79c0000-7f6dd79e7000 r-xp 00000000 fd:00 8898587                    /usr/lib64/libxcb.so.1.1.0
7f6dd79e7000-7f6dd7be6000 ---p 00027000 fd:00 8898587                    /usr/lib64/libxcb.so.1.1.0
7f6dd7be6000-7f6dd7be7000 r--p 00026000 fd:00 8898587                    /usr/lib64/libxcb.so.1.1.0
7f6dd7be7000-7f6dd7be8000 rw-p 00027000 fd:00 8898587                    /usr/lib64/libxcb.so.1.1.0
7f6dd7be8000-7f6dd7bea000 r-xp 00000000 fd:00 8819762                    /usr/lib64/libxcb-shm.so.0.0.0
7f6dd7bea000-7f6dd7dea000 ---p 00002000 fd:00 8819762                    /usr/lib64/libxcb-shm.so.0.0.0
7f6dd7dea000-7f6dd7deb000 r--p 00002000 fd:00 8819762                    /usr/lib64/libxcb-shm.so.0.0.0
7f6dd7deb000-7f6dd7dec000 rw-p 00003000 fd:00 8819762                    /usr/lib64/libxcb-shm.so.0.0.0
7f6dd7dec000-7f6dd7dfe000 r-xp 00000000 fd:00 10244100                   /usr/lib64/libEGL.so.1.1.0
7f6dd7dfe000-7f6dd7ffe000 ---p 00012000 fd:00 10244100                   /usr/lib64/libEGL.so.1.1.0
7f6dd7ffe000-7f6dd7fff000 r--p 00012000 fd:00 10244100                   /usr/lib64/libEGL.so.1.1.0
7f6dd7fff000-7f6dd8000000 rw-p 00013000 fd:00 10244100                   /usr/lib64/libEGL.so.1.1.0
7f6dd8000000-7f6dd8021000 rw-p 00000000 00:00 0 
7f6dd8021000-7f6ddc000000 ---p 00000000 00:00 0 
7f6ddc0c1000-7f6ddc161000 r-xp 00000000 fd:00 8390771                    /usr/lib64/libpixman-1.so.0.34.0
7f6ddc161000-7f6ddc361000 ---p 000a0000 fd:00 8390771                    /usr/lib64/libpixman-1.so.0.34.0
7f6ddc361000-7f6ddc369000 r--p 000a0000 fd:00 8390771                    /usr/lib64/libpixman-1.so.0.34.0
7f6ddc369000-7f6ddc36a000 rw-p 000a8000 fd:00 8390771                    /usr/lib64/libpixman-1.so.0.34.0
7f6ddc36a000-7f6ddc385000 r-xp 00000000 fd:00 8810452                    /usr/lib64/libfribidi.so.0.4.0
7f6ddc385000-7f6ddc584000 ---p 0001b000 fd:00 8810452                    /usr/lib64/libfribidi.so.0.4.0
7f6ddc584000-7f6ddc585000 r--p 0001a000 fd:00 8810452                    /usr/lib64/libfribidi.so.0.4.0
7f6ddc585000-7f6ddc586000 rw-p 0001b000 fd:00 8810452                    /usr/lib64/libfribidi.so.0.4.0
7f6ddc586000-7f6ddc591000 r-xp 00000000 fd:00 8483227                    /usr/lib64/libthai.so.0.1.6
7f6ddc591000-7f6ddc790000 ---p 0000b000 fd:00 8483227                    /usr/lib64/libthai.so.0.1.6
7f6ddc790000-7f6ddc791000 r--p 0000a000 fd:00 8483227                    /usr/lib64/libthai.so.0.1.6
7f6ddc791000-7f6ddc792000 rw-p 0000b000 fd:00 8483227                    /usr/lib64/libthai.so.0.1.6
7f6ddc792000-7f6ddc849000 r-xp 00000000 fd:00 8513063                    /usr/lib64/libfreetype.so.6.14.0
7f6ddc849000-7f6ddca49000 ---p 000b7000 fd:00 8513063                    /usr/lib64/libfreetype.so.6.14.0
7f6ddca49000-7f6ddca50000 r--p 000b7000 fd:00 8513063                    /usr/lib64/libfreetype.so.6.14.0
7f6ddca50000-7f6ddca51000 rw-p 000be000 fd:00 8513063                    /usr/lib64/libfreetype.so.6.14.0
7f6ddca51000-7f6ddca91000 r-xp 00000000 fd:00 8810407                    /usr/lib64/libfontconfig.so.1.11.1
7f6ddca91000-7f6ddcc90000 ---p 00040000 fd:00 8810407                    /usr/lib64/libfontconfig.so.1.11.1
7f6ddcc90000-7f6ddcc92000 r--p 0003f000 fd:00 8810407                    /usr/lib64/libfontconfig.so.1.11.1
7f6ddcc92000-7f6ddcc93000 rw-p 00041000 fd:00 8810407                    /usr/lib64/libfontconfig.so.1.11.1
7f6ddcc93000-7f6ddcca7000 r-xp 00000000 fd:00 8799271                    /usr/lib64/libpangoft2-1.0.so.0.4200.3
7f6ddcca7000-7f6ddcea7000 ---p 00014000 fd:00 8799271                    /usr/lib64/libpangoft2-1.0.so.0.4200.3
7f6ddcea7000-7f6ddcea8000 r--p 00014000 fd:00 8799271                    /usr/lib64/libpangoft2-1.0.so.0.4200.3
7f6ddcea8000-7f6ddcea9000 rw-p 00000000 00:00 0 
7f6ddcea9000-7f6ddceb2000 r-xp 00000000 fd:00 8483065                    /usr/lib64/libjbig.so.2.0
7f6ddceb2000-7f6ddd0b1000 ---p 00009000 fd:00 8483065                    /usr/lib64/libjbig.so.2.0
7f6ddd0b1000-7f6ddd0b2000 r--p 00008000 fd:00 8483065                    /usr/lib64/libjbig.so.2.0
7f6ddd0b2000-7f6ddd0b5000 rw-p 00009000 fd:00 8483065                    /usr/lib64/libjbig.so.2.0
7f6ddd0b5000-7f6ddd0cd000 r-xp 00000000 fd:00 9086480                    /usr/lib64/libXmu.so.6.2.0
7f6ddd0cd000-7f6ddd2cd000 ---p 00018000 fd:00 9086480                    /usr/lib64/libXmu.so.6.2.0
7f6ddd2cd000-7f6ddd2ce000 r--p 00018000 fd:00 9086480                    /usr/lib64/libXmu.so.6.2.0
7f6ddd2ce000-7f6ddd2cf000 rw-p 00019000 fd:00 9086480                    /usr/lib64/libXmu.so.6.2.0
7f6ddd2cf000-7f6ddd2d0000 rw-p 00000000 00:00 0 
7f6ddd2d0000-7f6ddd331000 r-xp 00000000 fd:00 8483160                    /usr/lib64/libXt.so.6.0.0
7f6ddd331000-7f6ddd530000 ---p 00061000 fd:00 8483160                    /usr/lib64/libXt.so.6.0.0
7f6ddd530000-7f6ddd531000 r--p 00060000 fd:00 8483160                    /usr/lib64/libXt.so.6.0.0
7f6ddd531000-7f6ddd536000 rw-p 00061000 fd:00 8483160                    /usr/lib64/libXt.so.6.0.0
7f6ddd536000-7f6ddd537000 rw-p 00000000 00:00 0 
7f6ddd537000-7f6ddd548000 r-xp 00000000 fd:00 8483138                    /usr/lib64/libXext.so.6.4.0
7f6ddd548000-7f6ddd747000 ---p 00011000 fd:00 8483138                    /usr/lib64/libXext.so.6.4.0
7f6ddd747000-7f6ddd748000 r--p 00010000 fd:00 8483138                    /usr/lib64/libXext.so.6.4.0
7f6ddd748000-7f6ddd749000 rw-p 00011000 fd:00 8483138                    /usr/lib64/libXext.so.6.4.0
7f6ddd749000-7f6ddd881000 r-xp 00000000 fd:00 8390710                    /usr/lib64/libX11.so.6.3.0
7f6ddd881000-7f6ddda81000 ---p 00138000 fd:00 8390710                    /usr/lib64/libX11.so.6.3.0
7f6ddda81000-7f6ddda82000 r--p 00138000 fd:00 8390710                    /usr/lib64/libX11.so.6.3.0
7f6ddda82000-7f6ddda87000 rw-p 00139000 fd:00 8390710                    /usr/lib64/libX11.so.6.3.0
7f6ddda87000-7f6dddbb7000 r-xp 00000000 fd:00 8483104                    /usr/lib64/libcairo.so.2.11512.0
7f6dddbb7000-7f6ddddb7000 ---p 00130000 fd:00 8483104                    /usr/lib64/libcairo.so.2.11512.0
7f6ddddb7000-7f6ddddba000 r--p 00130000 fd:00 8483104                    /usr/lib64/libcairo.so.2.11512.0
7f6ddddba000-7f6ddddbc000 rw-p 00133000 fd:00 8483104                    /usr/lib64/libcairo.so.2.11512.0
7f6ddddbc000-7f6ddddbe000 rw-p 00000000 00:00 0 
7f6ddddbe000-7f6ddde00000 r-xp 00000000 fd:00 8727129                    /usr/lib64/libpango-1.0.so.0.4200.3
7f6ddde00000-7f6dde000000 ---p 00042000 fd:00 8727129                    /usr/lib64/libpango-1.0.so.0.4200.3
7f6dde000000-7f6dde003000 r--p 00042000 fd:00 8727129                    /usr/lib64/libpango-1.0.so.0.4200.3
7f6dde003000-7f6dde004000 rw-p 00045000 fd:00 8727129                    /usr/lib64/libpango-1.0.so.0.4200.3
7f6dde004000-7f6dde010000 r-xp 00000000 fd:00 8787667                    /usr/lib64/libpangocairo-1.0.so.0.4200.3
7f6dde010000-7f6dde210000 ---p 0000c000 fd:00 8787667                    /usr/lib64/libpangocairo-1.0.so.0.4200.3
7f6dde210000-7f6dde211000 r--p 0000c000 fd:00 8787667                    /usr/lib64/libpangocairo-1.0.so.0.4200.3
7f6dde211000-7f6dde212000 rw-p 0000d000 fd:00 8787667                    /usr/lib64/libpangocairo-1.0.so.0.4200.3
7f6dde212000-7f6dde229000 r-xp 00000000 fd:00 8390344                    /usr/lib64/libICE.so.6.3.0
7f6dde229000-7f6dde428000 ---p 00017000 fd:00 8390344                    /usr/lib64/libICE.so.6.3.0
7f6dde428000-7f6dde429000 r--p 00016000 fd:00 8390344                    /usr/lib64/libICE.so.6.3.0
7f6dde429000-7f6dde42a000 rw-p 00017000 fd:00 8390344                    /usr/lib64/libICE.so.6.3.0
7f6dde42a000-7f6dde42e000 rw-p 00000000 00:00 0 
7f6dde42e000-7f6dde435000 r-xp 00000000 fd:00 8390354                    /usr/lib64/libSM.so.6.0.1
7f6dde435000-7f6dde634000 ---p 00007000 fd:00 8390354                    /usr/lib64/libSM.so.6.0.1
7f6dde634000-7f6dde635000 r--p 00006000 fd:00 8390354                    /usr/lib64/libSM.so.6.0.1
7f6dde635000-7f6dde636000 rw-p 00007000 fd:00 8390354                    /usr/lib64/libSM.so.6.0.1
7f6dde636000-7f6dde679000 r-xp 00000000 fd:00 8727593                    /usr/lib64/libjpeg.so.62.1.0
7f6dde679000-7f6dde879000 ---p 00043000 fd:00 8727593                    /usr/lib64/libjpeg.so.62.1.0
7f6dde879000-7f6dde87a000 r--p 00043000 fd:00 8727593                    /usr/lib64/libjpeg.so.62.1.0
7f6dde87a000-7f6dde87b000 rw-p 00044000 fd:00 8727593                    /usr/lib64/libjpeg.so.62.1.0
7f6dde87b000-7f6dde88b000 rw-p 00000000 00:00 0 
7f6dde88b000-7f6dde8fb000 r-xp 00000000 fd:00 8455682                    /usr/lib64/libtiff.so.5.2.0
7f6dde8fb000-7f6ddeafa000 ---p 00070000 fd:00 8455682                    /usr/lib64/libtiff.so.5.2.0
7f6ddeafa000-7f6ddeafb000 r--p 0006f000 fd:00 8455682                    /usr/lib64/libtiff.so.5.2.0
7f6ddeafb000-7f6ddeafe000 rw-p 00070000 fd:00 8455682                    /usr/lib64/libtiff.so.5.2.0
7f6ddeafe000-7f6ddeaff000 rw-p 00000000 00:00 0 
7f6ddeaff000-7f6ddeb19000 r-xp 00000000 fd:05 256520721                  /opt/R/R-4.0.3/lib64/R/modules/R_X11.so
7f6ddeb19000-7f6dded19000 ---p 0001a000 fd:05 256520721                  /opt/R/R-4.0.3/lib64/R/modules/R_X11.so
7f6dded19000-7f6dded1a000 r--p 0001a000 fd:05 256520721                  /opt/R/R-4.0.3/lib64/R/modules/R_X11.so
7f6dded1a000-7f6dded2a000 rw-p 0001b000 fd:05 256520721                  /opt/R/R-4.0.3/lib64/R/modules/R_X11.so
7f6dded2a000-7f6dded36000 rw-p 00000000 00:00 0 
7f6dded36000-7f6dded56000 r-xp 00000000 fd:05 188888629                  /opt/R/R-4.0.3/lib64/R/library/mice/libs/mice.so
7f6dded56000-7f6ddef55000 ---p 00020000 fd:05 188888629                  /opt/R/R-4.0.3/lib64/R/library/mice/libs/mice.so
7f6ddef55000-7f6ddef56000 r--p 0001f000 fd:05 188888629                  /opt/R/R-4.0.3/lib64/R/library/mice/libs/mice.so
7f6ddef56000-7f6ddef57000 rw-p 00020000 fd:05 188888629                  /opt/R/R-4.0.3/lib64/R/library/mice/libs/mice.so
7f6ddef57000-7f6ddef7e000 r-xp 00000000 fd:05 184831010                  /opt/R/R-4.0.3/lib64/R/library/yaml/libs/yaml.so
7f6ddef7e000-7f6ddf17d000 ---p 00027000 fd:05 184831010                  /opt/R/R-4.0.3/lib64/R/library/yaml/libs/yaml.so
7f6ddf17d000-7f6ddf17e000 r--p 00026000 fd:05 184831010                  /opt/R/R-4.0.3/lib64/R/library/yaml/libs/yaml.so
7f6ddf17e000-7f6ddf17f000 rw-p 00027000 fd:05 184831010                  /opt/R/R-4.0.3/lib64/R/library/yaml/libs/yaml.so
7f6ddf17f000-7f6ddf180000 ---p 00000000 00:00 0 
7f6ddf180000-7f6ddf980000 rw-p 00000000 00:00 0 
7f6ddf980000-7f6ddf98d000 r-xp 00000000 00:38 113254242                  /home/c242664/R/x86_64-pc-linux-gnu-library/4.0/RPostgreSQL/libs/RPostgreSQL.so
7f6ddf98d000-7f6ddfb8d000 ---p 0000d000 00:38 113254242                  /home/c242664/R/x86_64-pc-linux-gnu-library/4.0/RPostgreSQL/libs/RPostgreSQL.so
7f6ddfb8d000-7f6ddfb8e000 r--p 0000d000 00:38 113254242                  /home/c242664/R/x86_64-pc-linux-gnu-library/4.0/RPostgreSQL/libs/RPostgreSQL.so
7f6ddfb8e000-7f6ddfb8f000 rw-p 0000e000 00:38 113254242                  /home/c242664/R/x86_64-pc-linux-gnu-library/4.0/RPostgreSQL/libs/RPostgreSQL.so
7f6ddfb8f000-7f6ddfb92000 r-xp 00000000 fd:05 188882962                  /opt/R/R-4.0.3/lib64/R/library/zoo/libs/zoo.so
7f6ddfb92000-7f6ddfd92000 ---p 00003000 fd:05 188882962                  /opt/R/R-4.0.3/lib64/R/library/zoo/libs/zoo.so
7f6ddfd92000-7f6ddfd93000 r--p 00003000 fd:05 188882962                  /opt/R/R-4.0.3/lib64/R/library/zoo/libs/zoo.so
7f6ddfd93000-7f6ddfd94000 rw-p 00004000 fd:05 188882962                  /opt/R/R-4.0.3/lib64/R/library/zoo/libs/zoo.so
7f6ddfd94000-7f6ddfdfb000 r-xp 00000000 00:38 123016702                  /home/c242664/R/x86_64-pc-linux-gnu-library/4.0/reticulate/libs/reticulate.so
7f6ddfdfb000-7f6ddfffb000 ---p 00067000 00:38 123016702                  /home/c242664/R/x86_64-pc-linux-gnu-library/4.0/reticulate/libs/reticulate.so
7f6ddfffb000-7f6ddfffd000 r--p 00067000 00:38 123016702                  /home/c242664/R/x86_64-pc-linux-gnu-library/4.0/reticulate/libs/reticulate.so
7f6ddfffd000-7f6ddfffe000 rw-p 00069000 00:38 123016702                  /home/c242664/R/x86_64-pc-linux-gnu-library/4.0/reticulate/libs/reticulate.so
7f6ddfffe000-7f6de0000000 rw-p 00000000 00:00 0 
7f6de0000000-7f6de0021000 rw-p 00000000 00:00 0 
7f6de0021000-7f6de4000000 ---p 00000000 00:00 0 
7f6de4000000-7f6de4021000 rw-p 00000000 00:00 0 
7f6de4021000-7f6de8000000 ---p 00000000 00:00 0 
7f6de8000000-7f6de8021000 rw-p 00000000 00:00 0 
7f6de8021000-7f6dec000000 ---p 00000000 00:00 0 
7f6dec000000-7f6dec021000 rw-p 00000000 00:00 0 
7f6dec021000-7f6df0000000 ---p 00000000 00:00 0 
7f6df015c000-7f6df0185000 r-xp 00000000 fd:00 8390315                    /usr/lib64/libpng15.so.15.13.0
7f6df0185000-7f6df0385000 ---p 00029000 fd:00 8390315                    /usr/lib64/libpng15.so.15.13.0
7f6df0385000-7f6df0386000 r--p 00029000 fd:00 8390315                    /usr/lib64/libpng15.so.15.13.0
7f6df0386000-7f6df0387000 rw-p 0002a000 fd:00 8390315                    /usr/lib64/libpng15.so.15.13.0
7f6df0387000-7f6df038c000 r-xp 00000000 fd:05 225971203                  /opt/R/R-4.0.3/lib64/R/library/png/libs/png.so
7f6df038c000-7f6df058b000 ---p 00005000 fd:05 225971203                  /opt/R/R-4.0.3/lib64/R/library/png/libs/png.so
7f6df058b000-7f6df058c000 r--p 00004000 fd:05 225971203                  /opt/R/R-4.0.3/lib64/R/library/png/libs/png.so
7f6df058c000-7f6df058d000 rw-p 00005000 fd:05 225971203                  /opt/R/R-4.0.3/lib64/R/library/png/libs/png.so
7f6df058d000-7f6df058f000 r-xp 00000000 fd:00 31790106                   /usr/lib64/gconv/ISO8859-1.so
7f6df058f000-7f6df078e000 ---p 00002000 fd:00 31790106                   /usr/lib64/gconv/ISO8859-1.so
7f6df078e000-7f6df078f000 r--p 00001000 fd:00 31790106                   /usr/lib64/gconv/ISO8859-1.so
7f6df078f000-7f6df0790000 rw-p 00002000 fd:00 31790106                   /usr/lib64/gconv/ISO8859-1.so
7f6df0790000-7f6df2135000 r--s 00000000 fd:05 175182351                  /opt/R/R-4.0.3/lib64/R/library/stringi/libs/icudt61l.dat
7f6df2135000-7f6df2626000 r-xp 00000000 fd:05 175182350                  /opt/R/R-4.0.3/lib64/R/library/stringi/libs/stringi.so
7f6df2626000-7f6df2825000 ---p 004f1000 fd:05 175182350                  /opt/R/R-4.0.3/lib64/R/library/stringi/libs/stringi.so
7f6df2825000-7f6df2847000 r--p 004f0000 fd:05 175182350                  /opt/R/R-4.0.3/lib64/R/library/stringi/libs/stringi.so
7f6df2847000-7f6df2852000 rw-p 00512000 fd:05 175182350                  /opt/R/R-4.0.3/lib64/R/library/stringi/libs/stringi.so
7f6df2852000-7f6df2854000 rw-p 00000000 00:00 0 
7f6df2854000-7f6df29b2000 r-xp 00000000 fd:00 10320445                   /usr/lib64/libxml2.so.2.9.1
7f6df29b2000-7f6df2bb2000 ---p 0015e000 fd:00 10320445                   /usr/lib64/libxml2.so.2.9.1
7f6df2bb2000-7f6df2bba000 r--p 0015e000 fd:00 10320445                   /usr/lib64/libxml2.so.2.9.1
7f6df2bba000-7f6df2bbc000 rw-p 00166000 fd:00 10320445                   /usr/lib64/libxml2.so.2.9.1
7f6df2bbc000-7f6df2bbe000 rw-p 00000000 00:00 0 
7f6df2bbe000-7f6df2be2000 r-xp 00000000 fd:05 279292939                  /opt/R/R-4.0.3/lib64/R/library/xml2/libs/xml2.so
7f6df2be2000-7f6df2de2000 ---p 00024000 fd:05 279292939                  /opt/R/R-4.0.3/lib64/R/library/xml2/libs/xml2.so
7f6df2de2000-7f6df2de3000 r--p 00024000 fd:05 279292939                  /opt/R/R-4.0.3/lib64/R/library/xml2/libs/xml2.so
7f6df2de3000-7f6df2de4000 rw-p 00025000 fd:05 279292939                  /opt/R/R-4.0.3/lib64/R/library/xml2/libs/xml2.so
7f6df2de4000-7f6df2e9b000 r-xp 00000000 fd:05 38621713                   /opt/R/R-4.0.3/lib64/R/library/readr/libs/readr.so
7f6df2e9b000-7f6df309a000 ---p 000b7000 fd:05 38621713                   /opt/R/R-4.0.3/lib64/R/library/readr/libs/readr.so
7f6df309a000-7f6df309d000 r--p 000b6000 fd:05 38621713                   /opt/R/R-4.0.3/lib64/R/library/readr/libs/readr.so
7f6df309d000-7f6df309e000 rw-p 000b9000 fd:05 38621713                   /opt/R/R-4.0.3/lib64/R/library/readr/libs/readr.so
7f6df309e000-7f6df30a3000 rw-p 00000000 00:00 0 
7f6df30a3000-7f6df30eb000 r-xp 00000000 00:38 51683623                   /home/c242664/R/x86_64-pc-linux-gnu-library/4.0/lubridate/libs/lubridate.so
7f6df30eb000-7f6df32ea000 ---p 00048000 00:38 51683623                   /home/c242664/R/x86_64-pc-linux-gnu-library/4.0/lubridate/libs/lubridate.so
7f6df32ea000-7f6df32eb000 r--p 00047000 00:38 51683623                   /home/c242664/R/x86_64-pc-linux-gnu-library/4.0/lubridate/libs/lubridate.so
7f6df32eb000-7f6df32ec000 rw-p 00048000 00:38 51683623                   /home/c242664/R/x86_64-pc-linux-gnu-library/4.0/lubridate/libs/lubridate.so
7f6df32ec000-7f6df32fa000 r-xp 00000000 00:38 122835462                  /home/c242664/R/x86_64-pc-linux-gnu-library/4.0/jsonlite/libs/jsonlite.so
7f6df32fa000-7f6df34fa000 ---p 0000e000 00:38 122835462                  /home/c242664/R/x86_64-pc-linux-gnu-library/4.0/jsonlite/libs/jsonlite.so
7f6df34fa000-7f6df34fb000 r--p 0000e000 00:38 122835462                  /home/c242664/R/x86_64-pc-linux-gnu-library/4.0/jsonlite/libs/jsonlite.so
7f6df34fb000-7f6df34fc000 rw-p 0000f000 00:38 122835462                  /home/c242664/R/x86_64-pc-linux-gnu-library/4.0/jsonlite/libs/jsonlite.so
7f6df34fc000-7f6df3579000 r-xp 00000000 00:38 29491021                   /home/c242664/R/x86_64-pc-linux-gnu-library/4.0/haven/libs/haven.so
7f6df3579000-7f6df3779000 ---p 0007d000 00:38 29491021                   /home/c242664/R/x86_64-pc-linux-gnu-library/4.0/haven/libs/haven.so
7f6df3779000-7f6df377a000 r--p 0007d000 00:38 29491021                   /home/c242664/R/x86_64-pc-linux-gnu-library/4.0/haven/libs/haven.so
7f6df377a000-7f6df377d000 rw-p 0007e000 00:38 29491021                   /home/c242664/R/x86_64-pc-linux-gnu-library/4.0/haven/libs/haven.so
7f6df377d000-7f6df377e000 rw-p 00000000 00:00 0 
7f6df377e000-7f6df3789000 r-xp 00000000 fd:05 214098489                  /opt/R/R-4.0.3/lib64/R/library/colorspace/libs/colorspace.so
7f6df3789000-7f6df3988000 ---p 0000b000 fd:05 214098489                  /opt/R/R-4.0.3/lib64/R/library/colorspace/libs/colorspace.so
7f6df3988000-7f6df3989000 r--p 0000a000 fd:05 214098489                  /opt/R/R-4.0.3/lib64/R/library/colorspace/libs/colorspace.so
7f6df3989000-7f6df398a000 rw-p 0000b000 fd:05 214098489                  /opt/R/R-4.0.3/lib64/R/library/colorspace/libs/colorspace.so
7f6df398a000-7f6df398b000 r-xp 00000000 fd:05 106955673                  /opt/R/R-4.0.3/lib64/R/library/backports/libs/backports.so
7f6df398b000-7f6df3b8a000 ---p 00001000 fd:05 106955673                  /opt/R/R-4.0.3/lib64/R/library/backports/libs/backports.so
7f6df3b8a000-7f6df3b8b000 r--p 00000000 fd:05 106955673                  /opt/R/R-4.0.3/lib64/R/library/backports/libs/backports.so
7f6df3b8b000-7f6df3b8c000 rw-p 00001000 fd:05 106955673                  /opt/R/R-4.0.3/lib64/R/library/backports/libs/backports.so
7f6df3b8c000-7f6df3bbb000 r-xp 00000000 00:38 122363532                  /home/c242664/R/x86_64-pc-linux-gnu-library/4.0/tidyr/libs/tidyr.so
7f6df3bbb000-7f6df3dbb000 ---p 0002f000 00:38 122363532                  /home/c242664/R/x86_64-pc-linux-gnu-library/4.0/tidyr/libs/tidyr.so
7f6df3dbb000-7f6df3dbc000 r--p 0002f000 00:38 122363532                  /home/c242664/R/x86_64-pc-linux-gnu-library/4.0/tidyr/libs/tidyr.so
7f6df3dbc000-7f6df3dbd000 rw-p 00030000 00:38 122363532                  /home/c242664/R/x86_64-pc-linux-gnu-library/4.0/tidyr/libs/tidyr.so
7f6df3dbd000-7f6df3dfd000 r-xp 00000000 fd:05 200469023                  /opt/R/R-4.0.3/lib64/R/library/fs/libs/fs.so
7f6df3dfd000-7f6df3ffd000 ---p 00040000 fd:05 200469023                  /opt/R/R-4.0.3/lib64/R/library/fs/libs/fs.so
7f6df3ffd000-7f6df3ffe000 r--p 00040000 fd:05 200469023                  /opt/R/R-4.0.3/lib64/R/library/fs/libs/fs.so
7f6df3ffe000-7f6df3fff000 rw-p 00041000 fd:05 200469023                  /opt/R/R-4.0.3/lib64/R/library/fs/libs/fs.so
7f6df3fff000-7f6df4000000 rw-p 00000000 00:00 0 
7f6df4000000-7f6df4021000 rw-p 00000000 00:00 0 
7f6df4021000-7f6df8000000 ---p 00000000 00:00 0 
7f6df8000000-7f6df8021000 rw-p 00000000 00:00 0 
7f6df8021000-7f6dfc000000 ---p 00000000 00:00 0 
7f6dfc000000-7f6dfc021000 rw-p 00000000 00:00 0 
7f6dfc021000-7f6e00000000 ---p 00000000 00:00 0 
7f6e00000000-7f6e00021000 rw-p 00000000 00:00 0 
7f6e00021000-7f6e04000000 ---p 00000000 00:00 0 
7f6e04000000-7f6e14000000 rw-p 00000000 00:00 0 
7f6e14000000-7f6e14021000 rw-p 00000000 00:00 0 
7f6e14021000-7f6e18000000 ---p 00000000 00:00 0 
7f6e18000000-7f6e18021000 rw-p 00000000 00:00 0 
7f6e18021000-7f6e1c000000 ---p 00000000 00:00 0 
7f6e1c000000-7f6e1c021000 rw-p 00000000 00:00 0 
7f6e1c021000-7f6e20000000 ---p 00000000 00:00 0 
7f6e20000000-7f6e20021000 rw-p 00000000 00:00 0 
7f6e20021000-7f6e24000000 ---p 00000000 00:00 0 
7f6e24000000-7f6e24021000 rw-p 00000000 00:00 0 
7f6e24021000-7f6e28000000 ---p 00000000 00:00 0 
7f6e28000000-7f6e28021000 rw-p 00000000 00:00 0 
7f6e28021000-7f6e2c000000 ---p 00000000 00:00 0 
7f6e2c000000-7f6e2c021000 rw-p 00000000 00:00 0 
7f6e2c021000-7f6e30000000 ---p 00000000 00:00 0 
7f6e3005b000-7f6e30198000 r--s 00000000 fd:04 8166405                    /var/db/nscd/group
7f6e30198000-7f6e301f7000 r-xp 00000000 fd:05 239263751                  /opt/R/R-4.0.3/lib64/R/library/readxl/libs/readxl.so
7f6e301f7000-7f6e303f6000 ---p 0005f000 fd:05 239263751                  /opt/R/R-4.0.3/lib64/R/library/readxl/libs/readxl.so
7f6e303f6000-7f6e303f7000 r--p 0005e000 fd:05 239263751                  /opt/R/R-4.0.3/lib64/R/library/readxl/libs/readxl.so
7f6e303f7000-7f6e303f9000 rw-p 0005f000 fd:05 239263751                  /opt/R/R-4.0.3/lib64/R/library/readxl/libs/readxl.so
7f6e303f9000-7f6e303fa000 rw-p 00000000 00:00 0 
7f6e303fa000-7f6e30412000 r-xp 00000000 fd:00 21025806                   /usr/lib/jvm/java-1.8.0-openjdk-1.8.0.322.b06-1.el7_9.x86_64/jre/lib/amd64/libnet.so
7f6e30412000-7f6e30611000 ---p 00018000 fd:00 21025806                   /usr/lib/jvm/java-1.8.0-openjdk-1.8.0.322.b06-1.el7_9.x86_64/jre/lib/amd64/libnet.so
7f6e30611000-7f6e30612000 r--p 00017000 fd:00 21025806                   /usr/lib/jvm/java-1.8.0-openjdk-1.8.0.322.b06-1.el7_9.x86_64/jre/lib/amd64/libnet.so
7f6e30612000-7f6e30613000 rw-p 00018000 fd:00 21025806                   /usr/lib/jvm/java-1.8.0-openjdk-1.8.0.322.b06-1.el7_9.x86_64/jre/lib/amd64/libnet.so
7f6e30613000-7f6e30625000 r-xp 00000000 fd:00 21025811                   /usr/lib/jvm/java-1.8.0-openjdk-1.8.0.322.b06-1.el7_9.x86_64/jre/lib/amd64/libnio.so
7f6e30625000-7f6e30824000 ---p 00012000 fd:00 21025811                   /usr/lib/jvm/java-1.8.0-openjdk-1.8.0.322.b06-1.el7_9.x86_64/jre/lib/amd64/libnio.so
7f6e30824000-7f6e30825000 r--p 00011000 fd:00 21025811                   /usr/lib/jvm/java-1.8.0-openjdk-1.8.0.322.b06-1.el7_9.x86_64/jre/lib/amd64/libnio.so
7f6e30825000-7f6e30826000 rw-p 00012000 fd:00 21025811                   /usr/lib/jvm/java-1.8.0-openjdk-1.8.0.322.b06-1.el7_9.x86_64/jre/lib/amd64/libnio.so
7f6e30826000-7f6e30827000 ---p 00000000 00:00 0 
7f6e30827000-7f6e30927000 rw-p 00000000 00:00 0 
7f6e30927000-7f6e3092a000 ---p 00000000 00:00 0 
7f6e3092a000-7f6e30b28000 rw-p 00000000 00:00 0 
7f6e30b28000-7f6e30b2c000 ---p 00000000 00:00 0 
7f6e30b2c000-7f6e30c29000 rw-p 00000000 00:00 0 
7f6e30c29000-7f6e30c2d000 ---p 00000000 00:00 0 
7f6e30c2d000-7f6e30d2a000 rw-p 00000000 00:00 0 
7f6e30d2a000-7f6e30d2e000 ---p 00000000 00:00 0 
7f6e30d2e000-7f6e30e2b000 rw-p 00000000 00:00 0 
7f6e30e2b000-7f6e30e2f000 ---p 00000000 00:00 0 
7f6e30e2f000-7f6e30f2c000 rw-p 00000000 00:00 0 
7f6e30f2c000-7f6e30f30000 ---p 00000000 00:00 0 
7f6e30f30000-7f6e3102d000 rw-p 00000000 00:00 0 
7f6e3102d000-7f6e31031000 ---p 00000000 00:00 0 
7f6e31031000-7f6e3112e000 rw-p 00000000 00:00 0 
7f6e3112e000-7f6e31132000 ---p 00000000 00:00 0 
7f6e31132000-7f6e3122f000 rw-p 00000000 00:00 0 
7f6e3122f000-7f6e31233000 ---p 00000000 00:00 0 
7f6e31233000-7f6e31330000 rw-p 00000000 00:00 0 
7f6e31330000-7f6e31334000 ---p 00000000 00:00 0 
7f6e31334000-7f6e31431000 rw-p 00000000 00:00 0 
7f6e31431000-7f6e31435000 ---p 00000000 00:00 0 
7f6e31435000-7f6e31532000 rw-p 00000000 00:00 0 
7f6e31532000-7f6e31536000 ---p 00000000 00:00 0 
7f6e31536000-7f6e31633000 rw-p 00000000 00:00 0 
7f6e31633000-7f6e31637000 ---p 00000000 00:00 0 
7f6e31637000-7f6e31734000 rw-p 00000000 00:00 0 
7f6e31734000-7f6e31737000 ---p 00000000 00:00 0 
7f6e31737000-7f6e31935000 rw-p 00000000 00:00 0 
7f6e31935000-7f6e31938000 ---p 00000000 00:00 0 
7f6e31938000-7f6e31b36000 rw-p 00000000 00:00 0 
7f6e31b36000-7f6e31b39000 ---p 00000000 00:00 0 
7f6e31b39000-7f6e31d37000 rw-p 00000000 00:00 0 
7f6e31d37000-7f6e31d38000 ---p 00000000 00:00 0 
7f6e31d38000-7f6e31e38000 rw-p 00000000 00:00 0 
7f6e31e38000-7f6e3200a000 r--s 044a8000 fd:00 19469363                   /usr/lib/jvm/java-1.8.0-openjdk-1.8.0.322.b06-1.el7_9.x86_64/jre/lib/rt.jar
7f6e3200a000-7f6e3270a000 rw-p 00000000 00:00 0 
7f6e3270a000-7f6e3280a000 ---p 00000000 00:00 0 
7f6e3280a000-7f6e3380a000 rw-p 00000000 00:00 0 
7f6e3380a000-7f6e3380b000 ---p 00000000 00:00 0 
7f6e3380b000-7f6e3390b000 rw-p 00000000 00:00 0 
7f6e3390b000-7f6e3390c000 ---p 00000000 00:00 0 
7f6e3390c000-7f6e33a0c000 rw-p 00000000 00:00 0 
7f6e33a0c000-7f6e33a0d000 ---p 00000000 00:00 0 
7f6e33a0d000-7f6e33b0d000 rw-p 00000000 00:00 0 
7f6e33b0d000-7f6e33b0e000 ---p 00000000 00:00 0 
7f6e33b0e000-7f6e33c0e000 rw-p 00000000 00:00 0 
7f6e33c0e000-7f6e33c0f000 ---p 00000000 00:00 0 
7f6e33c0f000-7f6e33d0f000 rw-p 00000000 00:00 0 
7f6e33d0f000-7f6e33d10000 ---p 00000000 00:00 0 
7f6e33d10000-7f6e33e10000 rw-p 00000000 00:00 0 
7f6e33e10000-7f6e33e11000 ---p 00000000 00:00 0 
7f6e33e11000-7f6e33f11000 rw-p 00000000 00:00 0 
7f6e33f11000-7f6e33f12000 ---p 00000000 00:00 0 
7f6e33f12000-7f6e34012000 rw-p 00000000 00:00 0 
7f6e34012000-7f6e34013000 ---p 00000000 00:00 0 
7f6e34013000-7f6e34113000 rw-p 00000000 00:00 0 
7f6e34113000-7f6e34114000 ---p 00000000 00:00 0 
7f6e34114000-7f6e34214000 rw-p 00000000 00:00 0 
7f6e34214000-7f6e34215000 ---p 00000000 00:00 0 
7f6e34215000-7f6e34315000 rw-p 00000000 00:00 0 
7f6e34315000-7f6e34316000 ---p 00000000 00:00 0 
7f6e34316000-7f6e34416000 rw-p 00000000 00:00 0 
7f6e34416000-7f6e34417000 ---p 00000000 00:00 0 
7f6e34417000-7f6e34517000 rw-p 00000000 00:00 0 
7f6e34517000-7f6e34518000 ---p 00000000 00:00 0 
7f6e34518000-7f6e34618000 rw-p 00000000 00:00 0 
7f6e34618000-7f6e34619000 ---p 00000000 00:00 0 
7f6e34619000-7f6e349c4000 rw-p 00000000 00:00 0 
7f6e349c4000-7f6e351c4000 ---p 00000000 00:00 0 
7f6e351c4000-7f6e3546f000 rw-p 00000000 00:00 0 
7f6e3546f000-7f6e35c6e000 ---p 00000000 00:00 0 
7f6e35c6e000-7f6e35dc4000 rw-p 00000000 00:00 0 
7f6e35dc4000-7f6e361c4000 ---p 00000000 00:00 0 
7f6e361c4000-7f6e361c5000 rw-p 00000000 00:00 0 
7f6e361c5000-7f6e36625000 rwxp 00000000 00:00 0 
7f6e36625000-7f6e451c5000 ---p 00000000 00:00 0 
7f6f0c4e5000-7f6f144e6000 rw-p 00000000 00:00 0 
7f6f57afb000-7f6f57b93000 r--s 00420000 fd:05 33439211                   /opt/R/R-4.0.3/lib64/R/library/xlsxjars/java/poi-ooxml-schemas-3.10.1-20140818.jar
7f6f61330000-7f6f61331000 ---p 00000000 00:00 0 
7f6f61331000-7f6f61443000 rw-p 00000000 00:00 0 
7f6f61443000-7f6f617f1000 ---p 00000000 00:00 0 
7f6f617f1000-7f6f6258e000 r-xp 00000000 fd:00 27279927                   /usr/lib/jvm/java-1.8.0-openjdk-1.8.0.322.b06-1.el7_9.x86_64/jre/lib/amd64/server/libjvm.so
7f6f6258e000-7f6f6278d000 ---p 00d9d000 fd:00 27279927                   /usr/lib/jvm/java-1.8.0-openjdk-1.8.0.322.b06-1.el7_9.x86_64/jre/lib/amd64/server/libjvm.so
7f6f6278d000-7f6f6283b000 r--p 00d9c000 fd:00 27279927                   /usr/lib/jvm/java-1.8.0-openjdk-1.8.0.322.b06-1.el7_9.x86_64/jre/lib/amd64/server/libjvm.so
7f6f6283b000-7f6f62866000 rw-p 00e4a000 fd:00 27279927                   /usr/lib/jvm/java-1.8.0-openjdk-1.8.0.322.b06-1.el7_9.x86_64/jre/lib/amd64/server/libjvm.so
7f6f62866000-7f6f6289c000 rw-p 00000000 00:00 0 
7f701da49000-7f701dae9000 rw-p 00000000 00:00 0 
7f701dae9000-7f701daea000 ---p 00000000 00:00 0 
7f701daea000-7f701dbea000 rw-p 00000000 00:00 0 
7f701dbea000-7f701dbf2000 r-xp 00000000 fd:00 21025852                   /usr/lib/jvm/java-1.8.0-openjdk-1.8.0.322.b06-1.el7_9.x86_64/jre/lib/amd64/libzip.so
7f701dbf2000-7f701ddf1000 ---p 00008000 fd:00 21025852                   /usr/lib/jvm/java-1.8.0-openjdk-1.8.0.322.b06-1.el7_9.x86_64/jre/lib/amd64/libzip.so
7f701ddf1000-7f701ddf2000 r--p 00007000 fd:00 21025852                   /usr/lib/jvm/java-1.8.0-openjdk-1.8.0.322.b06-1.el7_9.x86_64/jre/lib/amd64/libzip.so
7f701ddf2000-7f701ddf3000 rw-p 00008000 fd:00 21025852                   /usr/lib/jvm/java-1.8.0-openjdk-1.8.0.322.b06-1.el7_9.x86_64/jre/lib/amd64/libzip.so
7f701ddf3000-7f701de1d000 r-xp 00000000 fd:00 21012484                   /usr/lib/jvm/java-1.8.0-openjdk-1.8.0.322.b06-1.el7_9.x86_64/jre/lib/amd64/libjava.so
7f701de1d000-7f701e01c000 ---p 0002a000 fd:00 21012484                   /usr/lib/jvm/java-1.8.0-openjdk-1.8.0.322.b06-1.el7_9.x86_64/jre/lib/amd64/libjava.so
7f701e01c000-7f701e01d000 r--p 00029000 fd:00 21012484                   /usr/lib/jvm/java-1.8.0-openjdk-1.8.0.322.b06-1.el7_9.x86_64/jre/lib/amd64/libjava.so
7f701e01d000-7f701e01f000 rw-p 0002a000 fd:00 21012484                   /usr/lib/jvm/java-1.8.0-openjdk-1.8.0.322.b06-1.el7_9.x86_64/jre/lib/amd64/libjava.so
7f701e01f000-7f701e02c000 r-xp 00000000 fd:00 21025817                   /usr/lib/jvm/java-1.8.0-openjdk-1.8.0.322.b06-1.el7_9.x86_64/jre/lib/amd64/libverify.so
7f701e02c000-7f701e22b000 ---p 0000d000 fd:00 21025817                   /usr/lib/jvm/java-1.8.0-openjdk-1.8.0.322.b06-1.el7_9.x86_64/jre/lib/amd64/libverify.so
7f701e22b000-7f701e22d000 r--p 0000c000 fd:00 21025817                   /usr/lib/jvm/java-1.8.0-openjdk-1.8.0.322.b06-1.el7_9.x86_64/jre/lib/amd64/libverify.so
7f701e22d000-7f701e22e000 rw-p 0000e000 fd:00 21025817                   /usr/lib/jvm/java-1.8.0-openjdk-1.8.0.322.b06-1.el7_9.x86_64/jre/lib/amd64/libverify.so
7f70a8000000-7f70a87d6000 rw-p 00000000 00:00 0 
7f70a87d6000-7f70ac000000 ---p 00000000 00:00 0 
7f70ac08f000-7f70ac09f000 r-xp 00000000 fd:05 200502789                  /opt/R/R-4.0.3/lib64/R/library/rJava/libs/rJava.so
7f70ac09f000-7f70ac29e000 ---p 00010000 fd:05 200502789                  /opt/R/R-4.0.3/lib64/R/library/rJava/libs/rJava.so
7f70ac29e000-7f70ac29f000 r--p 0000f000 fd:05 200502789                  /opt/R/R-4.0.3/lib64/R/library/rJava/libs/rJava.so
7f70ac29f000-7f70ac2a0000 rw-p 00010000 fd:05 200502789                  /opt/R/R-4.0.3/lib64/R/library/rJava/libs/rJava.so
7f70ac2a0000-7f70ac2a1000 r-xp 00000000 fd:05 187348029                  /opt/R/R-4.0.3/lib64/R/library/gtools/libs/gtools.so
7f70ac2a1000-7f70ac4a1000 ---p 00001000 fd:05 187348029                  /opt/R/R-4.0.3/lib64/R/library/gtools/libs/gtools.so
7f70ac4a1000-7f70ac4a2000 r--p 00001000 fd:05 187348029                  /opt/R/R-4.0.3/lib64/R/library/gtools/libs/gtools.so
7f70ac4a2000-7f70ac4a3000 rw-p 00002000 fd:05 187348029                  /opt/R/R-4.0.3/lib64/R/library/gtools/libs/gtools.so
7f70ac4a3000-7f70ac4c1000 r-xp 00000000 fd:05 54842369                   /opt/R/R-4.0.3/lib64/R/library/plyr/libs/plyr.so
7f70ac4c1000-7f70ac6c1000 ---p 0001e000 fd:05 54842369                   /opt/R/R-4.0.3/lib64/R/library/plyr/libs/plyr.so
7f70ac6c1000-7f70ac6c2000 r--p 0001e000 fd:05 54842369                   /opt/R/R-4.0.3/lib64/R/library/plyr/libs/plyr.so
7f70ac6c2000-7f70ac6c3000 rw-p 0001f000 fd:05 54842369                   /opt/R/R-4.0.3/lib64/R/library/plyr/libs/plyr.so
7f70ac6c3000-7f70ac731000 r-xp 00000000 fd:05 210884643                  /opt/R/R-4.0.3/lib64/R/library/Rcpp/libs/Rcpp.so
7f70ac731000-7f70ac930000 ---p 0006e000 fd:05 210884643                  /opt/R/R-4.0.3/lib64/R/library/Rcpp/libs/Rcpp.so
7f70ac930000-7f70ac932000 r--p 0006d000 fd:05 210884643                  /opt/R/R-4.0.3/lib64/R/library/Rcpp/libs/Rcpp.so
7f70ac932000-7f70ac934000 rw-p 0006f000 fd:05 210884643                  /opt/R/R-4.0.3/lib64/R/library/Rcpp/libs/Rcpp.so
7f70ac934000-7f70ac93b000 rw-p 00000000 00:00 0 
7f70cfe51000-7f70cfe6f000 r-xp 00000000 fd:00 8465455                    /usr/lib64/libgssrpc.so.4.2
7f70cfe6f000-7f70d006f000 ---p 0001e000 fd:00 8465455                    /usr/lib64/libgssrpc.so.4.2
7f70d006f000-7f70d0070000 r--p 0001e000 fd:00 8465455                    /usr/lib64/libgssrpc.so.4.2
7f70d0070000-7f70d0071000 rw-p 0001f000 fd:00 8465455                    /usr/lib64/libgssrpc.so.4.2
7f70d0071000-7f70d0072000 ---p 00000000 00:00 0 
7f70d0072000-7f70d0872000 rw-p 00000000 00:00 0 
7f70d0872000-7f70d0873000 ---p 00000000 00:00 0 
7f70d0873000-7f70d1073000 rw-p 00000000 00:00 0 
7f70d1073000-7f70d1088000 r-xp 00000000 fd:05 305563661                  /opt/R/R-4.0.3/lib64/R/library/tools/libs/tools.so
7f70d1088000-7f70d1288000 ---p 00015000 fd:05 305563661                  /opt/R/R-4.0.3/lib64/R/library/tools/libs/tools.so
7f70d1288000-7f70d1289000 r--p 00015000 fd:05 305563661                  /opt/R/R-4.0.3/lib64/R/library/tools/libs/tools.so
7f70d1289000-7f70d128a000 rw-p 00016000 fd:05 305563661                  /opt/R/R-4.0.3/lib64/R/library/tools/libs/tools.so
7f70d128a000-7f70d128c000 r-xp 00000000 fd:05 231870493                  /opt/R/R-4.0.3/lib64/R/library/xfun/libs/xfun.so
7f70d128c000-7f70d148b000 ---p 00002000 fd:05 231870493                  /opt/R/R-4.0.3/lib64/R/library/xfun/libs/xfun.so
7f70d148b000-7f70d148c000 r--p 00001000 fd:05 231870493                  /opt/R/R-4.0.3/lib64/R/library/xfun/libs/xfun.so
7f70d148c000-7f70d148d000 rw-p 00002000 fd:05 231870493                  /opt/R/R-4.0.3/lib64/R/library/xfun/libs/xfun.so
7f70d148d000-7f70d150a000 r-xp 00000000 fd:05 208193540                  /opt/R/R-4.0.3/lib64/R/library/data.table/libs/datatable.so
7f70d150a000-7f70d1709000 ---p 0007d000 fd:05 208193540                  /opt/R/R-4.0.3/lib64/R/library/data.table/libs/datatable.so
7f70d1709000-7f70d170a000 r--p 0007c000 fd:05 208193540                  /opt/R/R-4.0.3/lib64/R/library/data.table/libs/datatable.so
7f70d170a000-7f70d170b000 rw-p 0007d000 fd:05 208193540                  /opt/R/R-4.0.3/lib64/R/library/data.table/libs/datatable.so
7f70d170b000-7f70d170d000 rw-p 00000000 00:00 0 
7f70d170d000-7f70d170f000 r-xp 00000000 fd:05 46614133                   /opt/R/R-4.0.3/lib64/R/library/htmltools/libs/htmltools.so
7f70d170f000-7f70d190e000 ---p 00002000 fd:05 46614133                   /opt/R/R-4.0.3/lib64/R/library/htmltools/libs/htmltools.so
7f70d190e000-7f70d190f000 r--p 00001000 fd:05 46614133                   /opt/R/R-4.0.3/lib64/R/library/htmltools/libs/htmltools.so
7f70d190f000-7f70d1910000 rw-p 00002000 fd:05 46614133                   /opt/R/R-4.0.3/lib64/R/library/htmltools/libs/htmltools.so
7f70d1910000-7f70d1932000 r-xp 00000000 fd:05 197217844                  /opt/R/R-4.0.3/lib64/R/library/digest/libs/digest.so
7f70d1932000-7f70d1b31000 ---p 00022000 fd:05 197217844                  /opt/R/R-4.0.3/lib64/R/library/digest/libs/digest.so
7f70d1b31000-7f70d1b32000 r--p 00021000 fd:05 197217844                  /opt/R/R-4.0.3/lib64/R/library/digest/libs/digest.so
7f70d1b32000-7f70d1b33000 rw-p 00022000 fd:05 197217844                  /opt/R/R-4.0.3/lib64/R/library/digest/libs/digest.so
7f70d1b33000-7f70d1b35000 rw-p 00000000 00:00 0 
7f70d1b35000-7f70d1b41000 r-xp 00000000 00:38 122357488                  /home/c242664/R/x86_64-pc-linux-gnu-library/4.0/dplyr/libs/dplyr.so
7f70d1b41000-7f70d1d40000 ---p 0000c000 00:38 122357488                  /home/c242664/R/x86_64-pc-linux-gnu-library/4.0/dplyr/libs/dplyr.so
7f70d1d40000-7f70d1d41000 r--p 0000b000 00:38 122357488                  /home/c242664/R/x86_64-pc-linux-gnu-library/4.0/dplyr/libs/dplyr.so
7f70d1d41000-7f70d1d42000 rw-p 0000c000 00:38 122357488                  /home/c242664/R/x86_64-pc-linux-gnu-library/4.0/dplyr/libs/dplyr.so
7f70d1d42000-7f70d1d4a000 r-xp 00000000 fd:05 184833639                  /opt/R/R-4.0.3/lib64/R/library/purrr/libs/purrr.so
7f70d1d4a000-7f70d1f49000 ---p 00008000 fd:05 184833639                  /opt/R/R-4.0.3/lib64/R/library/purrr/libs/purrr.so
7f70d1f49000-7f70d1f4a000 r--p 00007000 fd:05 184833639                  /opt/R/R-4.0.3/lib64/R/library/purrr/libs/purrr.so
7f70d1f4a000-7f70d1f4b000 rw-p 00008000 fd:05 184833639                  /opt/R/R-4.0.3/lib64/R/library/purrr/libs/purrr.so
7f70d1f4b000-7f70d1f4e000 r-xp 00000000 00:38 122241712                  /home/c242664/R/x86_64-pc-linux-gnu-library/4.0/tibble/libs/tibble.so
7f70d1f4e000-7f70d214d000 ---p 00003000 00:38 122241712                  /home/c242664/R/x86_64-pc-linux-gnu-library/4.0/tibble/libs/tibble.so
7f70d214d000-7f70d214e000 r--p 00002000 00:38 122241712                  /home/c242664/R/x86_64-pc-linux-gnu-library/4.0/tibble/libs/tibble.so
7f70d214e000-7f70d214f000 rw-p 00003000 00:38 122241712                  /home/c242664/R/x86_64-pc-linux-gnu-library/4.0/tibble/libs/tibble.so
7f70d214f000-7f70d2199000 r-xp 00000000 fd:05 113327153                  /opt/R/R-4.0.3/lib64/R/library/utf8/libs/utf8.so
7f70d2199000-7f70d2398000 ---p 0004a000 fd:05 113327153                  /opt/R/R-4.0.3/lib64/R/library/utf8/libs/utf8.so
7f70d2398000-7f70d2399000 r--p 00049000 fd:05 113327153                  /opt/R/R-4.0.3/lib64/R/library/utf8/libs/utf8.so
7f70d2399000-7f70d239a000 rw-p 0004a000 fd:05 113327153                  /opt/R/R-4.0.3/lib64/R/library/utf8/libs/utf8.so
7f70d239a000-7f70d23ae000 r-xp 00000000 fd:05 148107287                  /opt/R/R-4.0.3/lib64/R/library/fansi/libs/fansi.so
7f70d23ae000-7f70d25ad000 ---p 00014000 fd:05 148107287                  /opt/R/R-4.0.3/lib64/R/library/fansi/libs/fansi.so
7f70d25ad000-7f70d25ae000 r--p 00013000 fd:05 148107287                  /opt/R/R-4.0.3/lib64/R/library/fansi/libs/fansi.so
7f70d25ae000-7f70d25af000 rw-p 00014000 fd:05 148107287                  /opt/R/R-4.0.3/lib64/R/library/fansi/libs/fansi.so
7f70d25af000-7f70d25b1000 r-xp 00000000 00:38 21223999                   /home/c242664/R/x86_64-pc-linux-gnu-library/4.0/ellipsis/libs/ellipsis.so
7f70d25b1000-7f70d27b0000 ---p 00002000 00:38 21223999                   /home/c242664/R/x86_64-pc-linux-gnu-library/4.0/ellipsis/libs/ellipsis.so
7f70d27b0000-7f70d27b1000 r--p 00001000 00:38 21223999                   /home/c242664/R/x86_64-pc-linux-gnu-library/4.0/ellipsis/libs/ellipsis.so
7f70d27b1000-7f70d27b2000 rw-p 00002000 00:38 21223999                   /home/c242664/R/x86_64-pc-linux-gnu-library/4.0/ellipsis/libs/ellipsis.so
7f70d27b2000-7f70d27b5000 r-xp 00000000 00:38 15907775                   /home/c242664/R/x86_64-pc-linux-gnu-library/4.0/magrittr/libs/magrittr.so
7f70d27b5000-7f70d29b4000 ---p 00003000 00:38 15907775                   /home/c242664/R/x86_64-pc-linux-gnu-library/4.0/magrittr/libs/magrittr.so
7f70d29b4000-7f70d29b5000 r--p 00002000 00:38 15907775                   /home/c242664/R/x86_64-pc-linux-gnu-library/4.0/magrittr/libs/magrittr.so
7f70d29b5000-7f70d29b6000 rw-p 00003000 00:38 15907775                   /home/c242664/R/x86_64-pc-linux-gnu-library/4.0/magrittr/libs/magrittr.so
7f70d29b6000-7f70d29b8000 r-xp 00000000 00:38 122360197                  /home/c242664/R/x86_64-pc-linux-gnu-library/4.0/glue/libs/glue.so
7f70d29b8000-7f70d2bb8000 ---p 00002000 00:38 122360197                  /home/c242664/R/x86_64-pc-linux-gnu-library/4.0/glue/libs/glue.so
7f70d2bb8000-7f70d2bb9000 r--p 00002000 00:38 122360197                  /home/c242664/R/x86_64-pc-linux-gnu-library/4.0/glue/libs/glue.so
7f70d2bb9000-7f70d2bba000 rw-p 00003000 00:38 122360197                  /home/c242664/R/x86_64-pc-linux-gnu-library/4.0/glue/libs/glue.so
7f70d2bba000-7f70d2c1b000 r-xp 00000000 00:38 122362898                  /home/c242664/R/x86_64-pc-linux-gnu-library/4.0/vctrs/libs/vctrs.so
7f70d2c1b000-7f70d2e1a000 ---p 00061000 00:38 122362898                  /home/c242664/R/x86_64-pc-linux-gnu-library/4.0/vctrs/libs/vctrs.so
7f70d2e1a000-7f70d2e1c000 r--p 00060000 00:38 122362898                  /home/c242664/R/x86_64-pc-linux-gnu-library/4.0/vctrs/libs/vctrs.so
7f70d2e1c000-7f70d2e1d000 rw-p 00062000 00:38 122362898                  /home/c242664/R/x86_64-pc-linux-gnu-library/4.0/vctrs/libs/vctrs.so
7f70d2e1d000-7f70d2ee2000 rw-p 00000000 00:00 0 
7f70d2ee2000-7f70d2f16000 r-xp 00000000 00:38 122362663                  /home/c242664/R/x86_64-pc-linux-gnu-library/4.0/rlang/libs/rlang.so
7f70d2f16000-7f70d3116000 ---p 00034000 00:38 122362663                  /home/c242664/R/x86_64-pc-linux-gnu-library/4.0/rlang/libs/rlang.so
7f70d3116000-7f70d3118000 r--p 00034000 00:38 122362663                  /home/c242664/R/x86_64-pc-linux-gnu-library/4.0/rlang/libs/rlang.so
7f70d3118000-7f70d3119000 rw-p 00036000 00:38 122362663                  /home/c242664/R/x86_64-pc-linux-gnu-library/4.0/rlang/libs/rlang.so
7f70d3119000-7f70d311a000 rw-p 00000000 00:00 0 
7f70d31cf000-7f70d31ea000 r-xp 00000000 fd:00 66568                      /usr/lib64/gssproxy/proxymech.so
7f70d31ea000-7f70d33ea000 ---p 0001b000 fd:00 66568                      /usr/lib64/gssproxy/proxymech.so
7f70d33ea000-7f70d33eb000 r--p 0001b000 fd:00 66568                      /usr/lib64/gssproxy/proxymech.so
7f70d33eb000-7f70d33ec000 rw-p 0001c000 fd:00 66568                      /usr/lib64/gssproxy/proxymech.so
7f70d33ec000-7f70d33ed000 ---p 00000000 00:00 0 
7f70d33ed000-7f70d3bed000 rw-p 00000000 00:00 0 
7f70d3bed000-7f70d3c0e000 r-xp 00000000 00:38 122362272                  /home/c242664/R/x86_64-pc-linux-gnu-library/4.0/cli/libs/cli.so
7f70d3c0e000-7f70d3e0d000 ---p 00021000 00:38 122362272                  /home/c242664/R/x86_64-pc-linux-gnu-library/4.0/cli/libs/cli.so
7f70d3e0d000-7f70d3e0e000 r--p 00020000 00:38 122362272                  /home/c242664/R/x86_64-pc-linux-gnu-library/4.0/cli/libs/cli.so
7f70d3e0e000-7f70d3e0f000 rw-p 00021000 00:38 122362272                  /home/c242664/R/x86_64-pc-linux-gnu-library/4.0/cli/libs/cli.so
7f70d3e0f000-7f70d3e11000 rw-p 00000000 00:00 0 
7f70d3e11000-7f70d3ed2000 r-xp 00000000 fd:05 293763623                  /opt/R/R-4.0.3/lib64/R/library/Matrix/libs/Matrix.so
7f70d3ed2000-7f70d40d2000 ---p 000c1000 fd:05 293763623                  /opt/R/R-4.0.3/lib64/R/library/Matrix/libs/Matrix.so
7f70d40d2000-7f70d40d3000 r--p 000c1000 fd:05 293763623                  /opt/R/R-4.0.3/lib64/R/library/Matrix/libs/Matrix.so
7f70d40d3000-7f70d40d6000 rw-p 000c2000 fd:05 293763623                  /opt/R/R-4.0.3/lib64/R/library/Matrix/libs/Matrix.so
7f70d40d6000-7f70d4386000 rw-p 00000000 00:00 0 
7f70d4386000-7f70d4389000 r-xp 00000000 fd:05 106955671                  /opt/R/R-4.0.3/lib64/R/library/lattice/libs/lattice.so
7f70d4389000-7f70d4588000 ---p 00003000 fd:05 106955671                  /opt/R/R-4.0.3/lib64/R/library/lattice/libs/lattice.so
7f70d4588000-7f70d4589000 r--p 00002000 fd:05 106955671                  /opt/R/R-4.0.3/lib64/R/library/lattice/libs/lattice.so
7f70d4589000-7f70d458a000 rw-p 00003000 fd:05 106955671                  /opt/R/R-4.0.3/lib64/R/library/lattice/libs/lattice.so
7f70d458a000-7f70d45a9000 r-xp 00000000 fd:05 50392619                   /opt/R/R-4.0.3/lib64/R/library/grid/libs/grid.so
7f70d45a9000-7f70d47a9000 ---p 0001f000 fd:05 50392619                   /opt/R/R-4.0.3/lib64/R/library/grid/libs/grid.so
7f70d47a9000-7f70d47aa000 r--p 0001f000 fd:05 50392619                   /opt/R/R-4.0.3/lib64/R/library/grid/libs/grid.so
7f70d47aa000-7f70d47ab000 rw-p 00020000 fd:05 50392619                   /opt/R/R-4.0.3/lib64/R/library/grid/libs/grid.so
7f70d47ab000-7f70d87ab000 rw-p 00000000 00:00 0 
7f70d87ab000-7f70d884f000 r-xp 00000000 fd:05 33210918                   /opt/R/R-4.0.3/lib64/R/library/stats/libs/stats.so
7f70d884f000-7f70d8a4e000 ---p 000a4000 fd:05 33210918                   /opt/R/R-4.0.3/lib64/R/library/stats/libs/stats.so
7f70d8a4e000-7f70d8a50000 r--p 000a3000 fd:05 33210918                   /opt/R/R-4.0.3/lib64/R/library/stats/libs/stats.so
7f70d8a50000-7f70d8a52000 rw-p 000a5000 fd:05 33210918                   /opt/R/R-4.0.3/lib64/R/library/stats/libs/stats.so
7f70d8a52000-7f70d8a9a000 r-xp 00000000 fd:05 25289229                   /opt/R/R-4.0.3/lib64/R/library/graphics/libs/graphics.so
7f70d8a9a000-7f70d8c9a000 ---p 00048000 fd:05 25289229                   /opt/R/R-4.0.3/lib64/R/library/graphics/libs/graphics.so
7f70d8c9a000-7f70d8c9b000 r--p 00048000 fd:05 25289229                   /opt/R/R-4.0.3/lib64/R/library/graphics/libs/graphics.so
7f70d8c9b000-7f70d8c9c000 rw-p 00049000 fd:05 25289229                   /opt/R/R-4.0.3/lib64/R/library/graphics/libs/graphics.so
7f70d8c9c000-7f70d8ca8000 r-xp 00000000 fd:05 5275665                    /opt/R/R-4.0.3/lib64/R/library/utils/libs/utils.so
7f70d8ca8000-7f70d8ea7000 ---p 0000c000 fd:05 5275665                    /opt/R/R-4.0.3/lib64/R/library/utils/libs/utils.so
7f70d8ea7000-7f70d8ea8000 r--p 0000b000 fd:05 5275665                    /opt/R/R-4.0.3/lib64/R/library/utils/libs/utils.so
7f70d8ea8000-7f70d8ea9000 rw-p 0000c000 fd:05 5275665                    /opt/R/R-4.0.3/lib64/R/library/utils/libs/utils.so
7f70d8ea9000-7f70d8eaa000 rw-p 00000000 00:00 0 
7f70d8f41000-7f70d8f42000 ---p 00000000 00:00 0 
7f70d8f42000-7f70d9042000 rw-p 00000000 00:00 0 
7f70d9042000-7f70d9078000 r-xp 00000000 fd:05 15798285                   /opt/R/R-4.0.3/lib64/R/library/grDevices/libs/grDevices.so
7f70d9078000-7f70d9278000 ---p 00036000 fd:05 15798285                   /opt/R/R-4.0.3/lib64/R/library/grDevices/libs/grDevices.so
7f70d9278000-7f70d927d000 r--p 00036000 fd:05 15798285                   /opt/R/R-4.0.3/lib64/R/library/grDevices/libs/grDevices.so
7f70d927d000-7f70d927f000 rw-p 0003b000 fd:05 15798285                   /opt/R/R-4.0.3/lib64/R/library/grDevices/libs/grDevices.so
7f70d927f000-7f70d94a6000 rw-p 00000000 00:00 0 
7f70d94a6000-7f70d94af000 r-xp 00000000 fd:05 42999839                   /opt/R/R-4.0.3/lib64/R/library/methods/libs/methods.so
7f70d94af000-7f70d96ae000 ---p 00009000 fd:05 42999839                   /opt/R/R-4.0.3/lib64/R/library/methods/libs/methods.so
7f70d96ae000-7f70d96af000 r--p 00008000 fd:05 42999839                   /opt/R/R-4.0.3/lib64/R/library/methods/libs/methods.so
7f70d96af000-7f70d96b0000 rw-p 00009000 fd:05 42999839                   /opt/R/R-4.0.3/lib64/R/library/methods/libs/methods.so
7f70d96b0000-7f70d9abd000 rw-p 00000000 00:00 0 
7f70d9abd000-7f70e0000000 r--p 00000000 fd:00 14727327                   /usr/lib/locale/locale-archive
7f70e0000000-7f70e0021000 rw-p 00000000 00:00 0 
7f70e0021000-7f70e4000000 ---p 00000000 00:00 0 
7f70e4000000-7f70e40e7000 rw-p 00000000 00:00 0 
7f70e40e7000-7f70e8000000 ---p 00000000 00:00 0 
7f70e8000000-7f70e8021000 rw-p 00000000 00:00 0 
7f70e8021000-7f70ec000000 ---p 00000000 00:00 0 
7f70ec01f000-7f70ec054000 r--s 00000000 fd:04 8166406                    /var/db/nscd/hosts
7f70ec054000-7f70ec0ed000 r--s 00000000 fd:04 8086851                    /var/db/nscd/passwd
7f70ec0ed000-7f70ec0ee000 ---p 00000000 00:00 0 
7f70ec0ee000-7f70ec8ee000 rw-p 00000000 00:00 0 
7f70ec8ee000-7f70ec8ef000 ---p 00000000 00:00 0 
7f70ec8ef000-7f70ed0ef000 rw-p 00000000 00:00 0 
7f70ed0ef000-7f70ed0f0000 ---p 00000000 00:00 0 
7f70ed0f0000-7f70ed8f0000 rw-p 00000000 00:00 0 
7f70ed8f0000-7f70ed8f1000 ---p 00000000 00:00 0 
7f70ed8f1000-7f70ee0f1000 rw-p 00000000 00:00 0 
7f70ee0f1000-7f70ee0f3000 r-xp 00000000 fd:00 8389236                    /usr/lib64/libfreebl3.so
7f70ee0f3000-7f70ee2f2000 ---p 00002000 fd:00 8389236                    /usr/lib64/libfreebl3.so
7f70ee2f2000-7f70ee2f3000 r--p 00001000 fd:00 8389236                    /usr/lib64/libfreebl3.so
7f70ee2f3000-7f70ee2f4000 rw-p 00002000 fd:00 8389236                    /usr/lib64/libfreebl3.so
7f70ee2f4000-7f70ee2fc000 r-xp 00000000 fd:00 8390227                    /usr/lib64/libcrypt-2.17.so
7f70ee2fc000-7f70ee4fb000 ---p 00008000 fd:00 8390227                    /usr/lib64/libcrypt-2.17.so
7f70ee4fb000-7f70ee4fc000 r--p 00007000 fd:00 8390227                    /usr/lib64/libcrypt-2.17.so
7f70ee4fc000-7f70ee4fd000 rw-p 00008000 fd:00 8390227                    /usr/lib64/libcrypt-2.17.so
7f70ee4fd000-7f70ee52b000 rw-p 00000000 00:00 0 
7f70ee52b000-7f70ee54f000 r-xp 00000000 fd:00 8406582                    /usr/lib64/libselinux.so.1
7f70ee54f000-7f70ee74e000 ---p 00024000 fd:00 8406582                    /usr/lib64/libselinux.so.1
7f70ee74e000-7f70ee74f000 r--p 00023000 fd:00 8406582                    /usr/lib64/libselinux.so.1
7f70ee74f000-7f70ee750000 rw-p 00024000 fd:00 8406582                    /usr/lib64/libselinux.so.1
7f70ee750000-7f70ee752000 rw-p 00000000 00:00 0 
7f70ee752000-7f70ee756000 r-xp 00000000 fd:00 8390348                    /usr/lib64/libcap-ng.so.0.0.0
7f70ee756000-7f70ee956000 ---p 00004000 fd:00 8390348                    /usr/lib64/libcap-ng.so.0.0.0
7f70ee956000-7f70ee957000 r--p 00004000 fd:00 8390348                    /usr/lib64/libcap-ng.so.0.0.0
7f70ee957000-7f70ee958000 rw-p 00005000 fd:00 8390348                    /usr/lib64/libcap-ng.so.0.0.0
7f70ee958000-7f70ee992000 r-xp 00000000 fd:00 10320389                   /usr/lib64/libnspr4.so
7f70ee992000-7f70eeb91000 ---p 0003a000 fd:00 10320389                   /usr/lib64/libnspr4.so
7f70eeb91000-7f70eeb92000 r--p 00039000 fd:00 10320389                   /usr/lib64/libnspr4.so
7f70eeb92000-7f70eeb94000 rw-p 0003a000 fd:00 10320389                   /usr/lib64/libnspr4.so
7f70eeb94000-7f70eeb96000 rw-p 00000000 00:00 0 
7f70eeb96000-7f70eeb9a000 r-xp 00000000 fd:00 10320395                   /usr/lib64/libplc4.so
7f70eeb9a000-7f70eed99000 ---p 00004000 fd:00 10320395                   /usr/lib64/libplc4.so
7f70eed99000-7f70eed9a000 r--p 00003000 fd:00 10320395                   /usr/lib64/libplc4.so
7f70eed9a000-7f70eed9b000 rw-p 00004000 fd:00 10320395                   /usr/lib64/libplc4.so
7f70eed9b000-7f70eed9e000 r-xp 00000000 fd:00 10320398                   /usr/lib64/libplds4.so
7f70eed9e000-7f70eef9d000 ---p 00003000 fd:00 10320398                   /usr/lib64/libplds4.so
7f70eef9d000-7f70eef9e000 r--p 00002000 fd:00 10320398                   /usr/lib64/libplds4.so
7f70eef9e000-7f70eef9f000 rw-p 00003000 fd:00 10320398                   /usr/lib64/libplds4.so
7f70eef9f000-7f70eefc8000 r-xp 00000000 fd:00 10320402                   /usr/lib64/libnssutil3.so
7f70eefc8000-7f70ef1c7000 ---p 00029000 fd:00 10320402                   /usr/lib64/libnssutil3.so
7f70ef1c7000-7f70ef1ce000 r--p 00028000 fd:00 10320402                   /usr/lib64/libnssutil3.so
7f70ef1ce000-7f70ef1cf000 rw-p 0002f000 fd:00 10320402                   /usr/lib64/libnssutil3.so
7f70ef1cf000-7f70ef2ff000 r-xp 00000000 fd:00 8790428                    /usr/lib64/libnss3.so
7f70ef2ff000-7f70ef4ff000 ---p 00130000 fd:00 8790428                    /usr/lib64/libnss3.so
7f70ef4ff000-7f70ef504000 r--p 00130000 fd:00 8790428                    /usr/lib64/libnss3.so
7f70ef504000-7f70ef507000 rw-p 00135000 fd:00 8790428                    /usr/lib64/libnss3.so
7f70ef507000-7f70ef508000 rw-p 00000000 00:00 0 
7f70ef508000-7f70ef52d000 r-xp 00000000 fd:00 8790429                    /usr/lib64/libsmime3.so
7f70ef52d000-7f70ef72c000 ---p 00025000 fd:00 8790429                    /usr/lib64/libsmime3.so
7f70ef72c000-7f70ef72f000 r--p 00024000 fd:00 8790429                    /usr/lib64/libsmime3.so
7f70ef72f000-7f70ef730000 rw-p 00027000 fd:00 8790429                    /usr/lib64/libsmime3.so
7f70ef730000-7f70ef78d000 r-xp 00000000 fd:00 8790430                    /usr/lib64/libssl3.so
7f70ef78d000-7f70ef98d000 ---p 0005d000 fd:00 8790430                    /usr/lib64/libssl3.so
7f70ef98d000-7f70ef991000 r--p 0005d000 fd:00 8790430                    /usr/lib64/libssl3.so
7f70ef991000-7f70ef992000 rw-p 00061000 fd:00 8790430                    /usr/lib64/libssl3.so
7f70ef992000-7f70ef993000 rw-p 00000000 00:00 0 
7f70ef993000-7f70ef9af000 r-xp 00000000 fd:00 8469555                    /usr/lib64/libsasl2.so.3.0.0
7f70ef9af000-7f70efbae000 ---p 0001c000 fd:00 8469555                    /usr/lib64/libsasl2.so.3.0.0
7f70efbae000-7f70efbaf000 r--p 0001b000 fd:00 8469555                    /usr/lib64/libsasl2.so.3.0.0
7f70efbaf000-7f70efbb0000 rw-p 0001c000 fd:00 8469555                    /usr/lib64/libsasl2.so.3.0.0
7f70efbb0000-7f70efbbe000 r-xp 00000000 fd:00 8417827                    /usr/lib64/liblber-2.4.so.2.10.7
7f70efbbe000-7f70efdbd000 ---p 0000e000 fd:00 8417827                    /usr/lib64/liblber-2.4.so.2.10.7
7f70efdbd000-7f70efdbe000 r--p 0000d000 fd:00 8417827                    /usr/lib64/liblber-2.4.so.2.10.7
7f70efdbe000-7f70efdbf000 rw-p 0000e000 fd:00 8417827                    /usr/lib64/liblber-2.4.so.2.10.7
7f70efdbf000-7f70efdd5000 r-xp 00000000 fd:00 10317350                   /usr/lib64/libresolv-2.17.so
7f70efdd5000-7f70effd5000 ---p 00016000 fd:00 10317350                   /usr/lib64/libresolv-2.17.so
7f70effd5000-7f70effd6000 r--p 00016000 fd:00 10317350                   /usr/lib64/libresolv-2.17.so
7f70effd6000-7f70effd7000 rw-p 00017000 fd:00 10317350                   /usr/lib64/libresolv-2.17.so
7f70effd7000-7f70effd9000 rw-p 00000000 00:00 0 
7f70effd9000-7f70effdc000 r-xp 00000000 fd:00 8390335                    /usr/lib64/libkeyutils.so.1.5
7f70effdc000-7f70f01db000 ---p 00003000 fd:00 8390335                    /usr/lib64/libkeyutils.so.1.5
7f70f01db000-7f70f01dc000 r--p 00002000 fd:00 8390335                    /usr/lib64/libkeyutils.so.1.5
7f70f01dc000-7f70f01dd000 rw-p 00003000 fd:00 8390335                    /usr/lib64/libkeyutils.so.1.5
7f70f01dd000-7f70f01eb000 r-xp 00000000 fd:00 8465471                    /usr/lib64/libkrb5support.so.0.1
7f70f01eb000-7f70f03eb000 ---p 0000e000 fd:00 8465471                    /usr/lib64/libkrb5support.so.0.1
7f70f03eb000-7f70f03ec000 r--p 0000e000 fd:00 8465471                    /usr/lib64/libkrb5support.so.0.1
7f70f03ec000-7f70f03ed000 rw-p 0000f000 fd:00 8465471                    /usr/lib64/libkrb5support.so.0.1
7f70f03ed000-7f70f17bf000 r-xp 00000000 fd:00 8455699                    /usr/lib64/libicudata.so.50.2
7f70f17bf000-7f70f19be000 ---p 013d2000 fd:00 8455699                    /usr/lib64/libicudata.so.50.2
7f70f19be000-7f70f19bf000 r--p 013d1000 fd:00 8455699                    /usr/lib64/libicudata.so.50.2
7f70f19bf000-7f70f19c0000 rw-p 013d2000 fd:00 8455699                    /usr/lib64/libicudata.so.50.2
7f70f19c0000-7f70f19e5000 r-xp 00000000 fd:00 8727068                    /usr/lib64/libtinfo.so.5.9
7f70f19e5000-7f70f1be5000 ---p 00025000 fd:00 8727068                    /usr/lib64/libtinfo.so.5.9
7f70f1be5000-7f70f1be9000 r--p 00025000 fd:00 8727068                    /usr/lib64/libtinfo.so.5.9
7f70f1be9000-7f70f1bea000 rw-p 00029000 fd:00 8727068                    /usr/lib64/libtinfo.so.5.9
7f70f1bea000-7f70f1bf1000 r-xp 00000000 fd:00 8390341                    /usr/lib64/libffi.so.6.0.1
7f70f1bf1000-7f70f1df0000 ---p 00007000 fd:00 8390341                    /usr/lib64/libffi.so.6.0.1
7f70f1df0000-7f70f1df1000 r--p 00006000 fd:00 8390341                    /usr/lib64/libffi.so.6.0.1
7f70f1df1000-7f70f1df2000 rw-p 00007000 fd:00 8390341                    /usr/lib64/libffi.so.6.0.1
7f70f1df2000-7f70f1e52000 r-xp 00000000 fd:00 8390281                    /usr/lib64/libpcre.so.1.2.0
7f70f1e52000-7f70f2052000 ---p 00060000 fd:00 8390281                    /usr/lib64/libpcre.so.1.2.0
7f70f2052000-7f70f2053000 r--p 00060000 fd:00 8390281                    /usr/lib64/libpcre.so.1.2.0
7f70f2053000-7f70f2054000 rw-p 00061000 fd:00 8390281                    /usr/lib64/libpcre.so.1.2.0
7f70f2054000-7f70f2072000 r-xp 00000000 fd:00 8611357                    /usr/lib64/libaudit.so.1.0.0
7f70f2072000-7f70f2271000 ---p 0001e000 fd:00 8611357                    /usr/lib64/libaudit.so.1.0.0
7f70f2271000-7f70f2272000 r--p 0001d000 fd:00 8611357                    /usr/lib64/libaudit.so.1.0.0
7f70f2272000-7f70f2273000 rw-p 0001e000 fd:00 8611357                    /usr/lib64/libaudit.so.1.0.0
7f70f2273000-7f70f227d000 rw-p 00000000 00:00 0 
7f70f227d000-7f70f22ae000 r-xp 00000000 fd:00 8465458                    /usr/lib64/libk5crypto.so.3.1
7f70f22ae000-7f70f24ad000 ---p 00031000 fd:00 8465458                    /usr/lib64/libk5crypto.so.3.1
7f70f24ad000-7f70f24af000 r--p 00030000 fd:00 8465458                    /usr/lib64/libk5crypto.so.3.1
7f70f24af000-7f70f24b0000 rw-p 00032000 fd:00 8465458                    /usr/lib64/libk5crypto.so.3.1
7f70f24b0000-7f70f24b3000 r-xp 00000000 fd:00 10232848                   /usr/lib64/libcom_err.so.2.1
7f70f24b3000-7f70f26b2000 ---p 00003000 fd:00 10232848                   /usr/lib64/libcom_err.so.2.1
7f70f26b2000-7f70f26b3000 r--p 00002000 fd:00 10232848                   /usr/lib64/libcom_err.so.2.1
7f70f26b3000-7f70f26b4000 rw-p 00003000 fd:00 10232848                   /usr/lib64/libcom_err.so.2.1
7f70f26b4000-7f70f278d000 r-xp 00000000 fd:00 8465467                    /usr/lib64/libkrb5.so.3.3
7f70f278d000-7f70f298c000 ---p 000d9000 fd:00 8465467                    /usr/lib64/libkrb5.so.3.3
7f70f298c000-7f70f299a000 r--p 000d8000 fd:00 8465467                    /usr/lib64/libkrb5.so.3.3
7f70f299a000-7f70f299d000 rw-p 000e6000 fd:00 8465467                    /usr/lib64/libkrb5.so.3.3
7f70f299d000-7f70f29f6000 r-xp 00000000 fd:00 8417831                    /usr/lib64/libldap_r-2.4.so.2.10.7
7f70f29f6000-7f70f2bf6000 ---p 00059000 fd:00 8417831                    /usr/lib64/libldap_r-2.4.so.2.10.7
7f70f2bf6000-7f70f2bf8000 r--p 00059000 fd:00 8417831                    /usr/lib64/libldap_r-2.4.so.2.10.7
7f70f2bf8000-7f70f2bf9000 rw-p 0005b000 fd:00 8417831                    /usr/lib64/libldap_r-2.4.so.2.10.7
7f70f2bf9000-7f70f2bfc000 rw-p 00000000 00:00 0 
7f70f2bfc000-7f70f2c46000 r-xp 00000000 fd:00 8465452                    /usr/lib64/libgssapi_krb5.so.2.2
7f70f2c46000-7f70f2e46000 ---p 0004a000 fd:00 8465452                    /usr/lib64/libgssapi_krb5.so.2.2
7f70f2e46000-7f70f2e47000 r--p 0004a000 fd:00 8465452                    /usr/lib64/libgssapi_krb5.so.2.2
7f70f2e47000-7f70f2e49000 rw-p 0004b000 fd:00 8465452                    /usr/lib64/libgssapi_krb5.so.2.2
7f70f2e49000-7f70f2e6e000 r-xp 00000000 fd:00 8810400                    /usr/lib64/libgomp.so.1.0.0
7f70f2e6e000-7f70f306d000 ---p 00025000 fd:00 8810400                    /usr/lib64/libgomp.so.1.0.0
7f70f306d000-7f70f306e000 r--p 00024000 fd:00 8810400                    /usr/lib64/libgomp.so.1.0.0
7f70f306e000-7f70f306f000 rw-p 00025000 fd:00 8810400                    /usr/lib64/libgomp.so.1.0.0
7f70f306f000-7f70f325f000 r-xp 00000000 fd:00 8455701                    /usr/lib64/libicui18n.so.50.2
7f70f325f000-7f70f345f000 ---p 001f0000 fd:00 8455701                    /usr/lib64/libicui18n.so.50.2
7f70f345f000-7f70f346b000 r--p 001f0000 fd:00 8455701                    /usr/lib64/libicui18n.so.50.2
7f70f346b000-7f70f346d000 rw-p 001fc000 fd:00 8455701                    /usr/lib64/libicui18n.so.50.2
7f70f346d000-7f70f346e000 rw-p 00000000 00:00 0 
7f70f346e000-7f70f35d2000 r-xp 00000000 fd:00 8455736                    /usr/lib64/libicuuc.so.50.2
7f70f35d2000-7f70f37d2000 ---p 00164000 fd:00 8455736                    /usr/lib64/libicuuc.so.50.2
7f70f37d2000-7f70f37e2000 r--p 00164000 fd:00 8455736                    /usr/lib64/libicuuc.so.50.2
7f70f37e2000-7f70f37e3000 rw-p 00174000 fd:00 8455736                    /usr/lib64/libicuuc.so.50.2
7f70f37e3000-7f70f37e7000 rw-p 00000000 00:00 0 
7f70f37e7000-7f70f37f6000 r-xp 00000000 fd:00 8390302                    /usr/lib64/libbz2.so.1.0.6
7f70f37f6000-7f70f39f5000 ---p 0000f000 fd:00 8390302                    /usr/lib64/libbz2.so.1.0.6
7f70f39f5000-7f70f39f6000 r--p 0000e000 fd:00 8390302                    /usr/lib64/libbz2.so.1.0.6
7f70f39f6000-7f70f39f7000 rw-p 0000f000 fd:00 8390302                    /usr/lib64/libbz2.so.1.0.6
7f70f39f7000-7f70f3a1c000 r-xp 00000000 fd:00 8390296                    /usr/lib64/liblzma.so.5.2.2
7f70f3a1c000-7f70f3c1b000 ---p 00025000 fd:00 8390296                    /usr/lib64/liblzma.so.5.2.2
7f70f3c1b000-7f70f3c1c000 r--p 00024000 fd:00 8390296                    /usr/lib64/liblzma.so.5.2.2
7f70f3c1c000-7f70f3c1d000 rw-p 00025000 fd:00 8390296                    /usr/lib64/liblzma.so.5.2.2
7f70f3c1d000-7f70f3c93000 r-xp 00000000 fd:00 8511529                    /usr/lib64/libpcre2-8.so.0.5.0
7f70f3c93000-7f70f3e92000 ---p 00076000 fd:00 8511529                    /usr/lib64/libpcre2-8.so.0.5.0
7f70f3e92000-7f70f3e93000 r--p 00075000 fd:00 8511529                    /usr/lib64/libpcre2-8.so.0.5.0
7f70f3e93000-7f70f3e94000 rw-p 00076000 fd:00 8511529                    /usr/lib64/libpcre2-8.so.0.5.0
7f70f3e94000-7f70f3ed0000 r-xp 00000000 fd:00 8778623                    /usr/lib64/libreadline.so.6.2
7f70f3ed0000-7f70f40d0000 ---p 0003c000 fd:00 8778623                    /usr/lib64/libreadline.so.6.2
7f70f40d0000-7f70f40d2000 r--p 0003c000 fd:00 8778623                    /usr/lib64/libreadline.so.6.2
7f70f40d2000-7f70f40d8000 rw-p 0003e000 fd:00 8778623                    /usr/lib64/libreadline.so.6.2
7f70f40d8000-7f70f40da000 rw-p 00000000 00:00 0 
7f70f40da000-7f70f4115000 r-xp 00000000 fd:00 8396849                    /usr/lib64/libquadmath.so.0.0.0
7f70f4115000-7f70f4314000 ---p 0003b000 fd:00 8396849                    /usr/lib64/libquadmath.so.0.0.0
7f70f4314000-7f70f4315000 r--p 0003a000 fd:00 8396849                    /usr/lib64/libquadmath.so.0.0.0
7f70f4315000-7f70f4316000 rw-p 0003b000 fd:00 8396849                    /usr/lib64/libquadmath.so.0.0.0
7f70f4316000-7f70f458c000 r-xp 00000000 fd:00 8460301                    /usr/lib64/libgfortran.so.5.0.0
7f70f458c000-7f70f478b000 ---p 00276000 fd:00 8460301                    /usr/lib64/libgfortran.so.5.0.0
7f70f478b000-7f70f478c000 r--p 00275000 fd:00 8460301                    /usr/lib64/libgfortran.so.5.0.0
7f70f478c000-7f70f478e000 rw-p 00276000 fd:00 8460301                    /usr/lib64/libgfortran.so.5.0.0
7f70f478e000-7f70f8852000 r-xp 00000000 00:2a 2061735074                 /lrlhps/apps/intel/intel-2020/compilers_and_libraries_2020.0.166/linux/mkl/lib/intel64_lin/libmkl_core.so
7f70f8852000-7f70f8a51000 ---p 040c4000 00:2a 2061735074                 /lrlhps/apps/intel/intel-2020/compilers_and_libraries_2020.0.166/linux/mkl/lib/intel64_lin/libmkl_core.so
7f70f8a51000-7f70f8a58000 r--p 040c3000 00:2a 2061735074                 /lrlhps/apps/intel/intel-2020/compilers_and_libraries_2020.0.166/linux/mkl/lib/intel64_lin/libmkl_core.so
7f70f8a58000-7f70f8a88000 rw-p 040ca000 00:2a 2061735074                 /lrlhps/apps/intel/intel-2020/compilers_and_libraries_2020.0.166/linux/mkl/lib/intel64_lin/libmkl_core.so
7f70f8a88000-7f70f8aae000 rw-p 00000000 00:00 0 
7f70f8aae000-7f70fa16c000 r-xp 00000000 00:2a 2050774594                 /lrlhps/apps/intel/intel-2020/compilers_and_libraries_2020.0.166/linux/mkl/lib/intel64_lin/libmkl_gnu_thread.so
7f70fa16c000-7f70fa36b000 ---p 016be000 00:2a 2050774594                 /lrlhps/apps/intel/intel-2020/compilers_and_libraries_2020.0.166/linux/mkl/lib/intel64_lin/libmkl_gnu_thread.so
7f70fa36b000-7f70fa36f000 r--p 016bd000 00:2a 2050774594                 /lrlhps/apps/intel/intel-2020/compilers_and_libraries_2020.0.166/linux/mkl/lib/intel64_lin/libmkl_gnu_thread.so
7f70fa36f000-7f70fa387000 rw-p 016c1000 00:2a 2050774594                 /lrlhps/apps/intel/intel-2020/compilers_and_libraries_2020.0.166/linux/mkl/lib/intel64_lin/libmkl_gnu_thread.so
7f70fa387000-7f70facd9000 r-xp 00000000 00:2a 2062907069                 /lrlhps/apps/intel/intel-2020/compilers_and_libraries_2020.0.166/linux/mkl/lib/intel64_lin/libmkl_gf_lp64.so
7f70facd9000-7f70faed8000 ---p 00952000 00:2a 2062907069                 /lrlhps/apps/intel/intel-2020/compilers_and_libraries_2020.0.166/linux/mkl/lib/intel64_lin/libmkl_gf_lp64.so
7f70faed8000-7f70faed9000 r--p 00951000 00:2a 2062907069                 /lrlhps/apps/intel/intel-2020/compilers_and_libraries_2020.0.166/linux/mkl/lib/intel64_lin/libmkl_gf_lp64.so
7f70faed9000-7f70faeeb000 rw-p 00952000 00:2a 2062907069                 /lrlhps/apps/intel/intel-2020/compilers_and_libraries_2020.0.166/linux/mkl/lib/intel64_lin/libmkl_gf_lp64.so
7f70faeeb000-7f70faef1000 rw-p 00000000 00:00 0 
7f70faef1000-7f70fb0b5000 r-xp 00000000 fd:00 8390221                    /usr/lib64/libc-2.17.so
7f70fb0b5000-7f70fb2b4000 ---p 001c4000 fd:00 8390221                    /usr/lib64/libc-2.17.so
7f70fb2b4000-7f70fb2b8000 r--p 001c3000 fd:00 8390221                    /usr/lib64/libc-2.17.so
7f70fb2b8000-7f70fb2ba000 rw-p 001c7000 fd:00 8390221                    /usr/lib64/libc-2.17.so
7f70fb2ba000-7f70fb2bf000 rw-p 00000000 00:00 0 
7f70fb2bf000-7f70fb2d4000 r-xp 00000000 fd:00 9086485                    /usr/lib64/libgcc_s-4.8.5-20150702.so.1
7f70fb2d4000-7f70fb4d3000 ---p 00015000 fd:00 9086485                    /usr/lib64/libgcc_s-4.8.5-20150702.so.1
7f70fb4d3000-7f70fb4d4000 r--p 00014000 fd:00 9086485                    /usr/lib64/libgcc_s-4.8.5-20150702.so.1
7f70fb4d4000-7f70fb4d5000 rw-p 00015000 fd:00 9086485                    /usr/lib64/libgcc_s-4.8.5-20150702.so.1
7f70fb4d5000-7f70fb5d6000 r-xp 00000000 fd:00 8390239                    /usr/lib64/libm-2.17.so
7f70fb5d6000-7f70fb7d5000 ---p 00101000 fd:00 8390239                    /usr/lib64/libm-2.17.so
7f70fb7d5000-7f70fb7d6000 r--p 00100000 fd:00 8390239                    /usr/lib64/libm-2.17.so
7f70fb7d6000-7f70fb7d7000 rw-p 00101000 fd:00 8390239                    /usr/lib64/libm-2.17.so
7f70fb7d7000-7f70fb8c0000 r-xp 00000000 fd:00 10232850                   /usr/lib64/libstdc++.so.6.0.19
7f70fb8c0000-7f70fbac0000 ---p 000e9000 fd:00 10232850                   /usr/lib64/libstdc++.so.6.0.19
7f70fbac0000-7f70fbac8000 r--p 000e9000 fd:00 10232850                   /usr/lib64/libstdc++.so.6.0.19
7f70fbac8000-7f70fbaca000 rw-p 000f1000 fd:00 10232850                   /usr/lib64/libstdc++.so.6.0.19
7f70fbaca000-7f70fbadf000 rw-p 00000000 00:00 0 
7f70fbadf000-7f70fbbf3000 r-xp 00000000 fd:00 8399899                    /usr/lib64/libglib-2.0.so.0.5600.1
7f70fbbf3000-7f70fbdf2000 ---p 00114000 fd:00 8399899                    /usr/lib64/libglib-2.0.so.0.5600.1
7f70fbdf2000-7f70fbdf3000 r--p 00113000 fd:00 8399899                    /usr/lib64/libglib-2.0.so.0.5600.1
7f70fbdf3000-7f70fbdf4000 rw-p 00114000 fd:00 8399899                    /usr/lib64/libglib-2.0.so.0.5600.1
7f70fbdf4000-7f70fbdf5000 rw-p 00000000 00:00 0 
7f70fbdf5000-7f70fbe44000 r-xp 00000000 fd:00 8399903                    /usr/lib64/libgobject-2.0.so.0.5600.1
7f70fbe44000-7f70fc044000 ---p 0004f000 fd:00 8399903                    /usr/lib64/libgobject-2.0.so.0.5600.1
7f70fc044000-7f70fc045000 r--p 0004f000 fd:00 8399903                    /usr/lib64/libgobject-2.0.so.0.5600.1
7f70fc045000-7f70fc046000 rw-p 00050000 fd:00 8399903                    /usr/lib64/libgobject-2.0.so.0.5600.1
7f70fc046000-7f70fc05d000 r-xp 00000000 fd:00 10317345                   /usr/lib64/libpthread-2.17.so
7f70fc05d000-7f70fc25c000 ---p 00017000 fd:00 10317345                   /usr/lib64/libpthread-2.17.so
7f70fc25c000-7f70fc25d000 r--p 00016000 fd:00 10317345                   /usr/lib64/libpthread-2.17.so
7f70fc25d000-7f70fc25e000 rw-p 00017000 fd:00 10317345                   /usr/lib64/libpthread-2.17.so
7f70fc25e000-7f70fc262000 rw-p 00000000 00:00 0 
7f70fc262000-7f70fc26f000 r-xp 00000000 fd:00 8435214                    /usr/lib64/libpam.so.0.83.1
7f70fc26f000-7f70fc46f000 ---p 0000d000 fd:00 8435214                    /usr/lib64/libpam.so.0.83.1
7f70fc46f000-7f70fc470000 r--p 0000d000 fd:00 8435214                    /usr/lib64/libpam.so.0.83.1
7f70fc470000-7f70fc471000 rw-p 0000e000 fd:00 8435214                    /usr/lib64/libpam.so.0.83.1
7f70fc471000-7f70fc6a8000 r-xp 00000000 fd:00 8790426                    /usr/lib64/libcrypto.so.1.0.2k
7f70fc6a8000-7f70fc8a7000 ---p 00237000 fd:00 8790426                    /usr/lib64/libcrypto.so.1.0.2k
7f70fc8a7000-7f70fc8c3000 r--p 00236000 fd:00 8790426                    /usr/lib64/libcrypto.so.1.0.2k
7f70fc8c3000-7f70fc8d0000 rw-p 00252000 fd:00 8790426                    /usr/lib64/libcrypto.so.1.0.2k
7f70fc8d0000-7f70fc8d4000 rw-p 00000000 00:00 0 
7f70fc8d4000-7f70fc93b000 r-xp 00000000 fd:00 8465442                    /usr/lib64/libssl.so.1.0.2k
7f70fc93b000-7f70fcb3b000 ---p 00067000 fd:00 8465442                    /usr/lib64/libssl.so.1.0.2k
7f70fcb3b000-7f70fcb3f000 r--p 00067000 fd:00 8465442                    /usr/lib64/libssl.so.1.0.2k
7f70fcb3f000-7f70fcb46000 rw-p 0006b000 fd:00 8465442                    /usr/lib64/libssl.so.1.0.2k
7f70fcb46000-7f70fcb5b000 r-xp 00000000 fd:00 8405695                    /usr/lib64/libz.so.1.2.7
7f70fcb5b000-7f70fcd5a000 ---p 00015000 fd:00 8405695                    /usr/lib64/libz.so.1.2.7
7f70fcd5a000-7f70fcd5b000 r--p 00014000 fd:00 8405695                    /usr/lib64/libz.so.1.2.7
7f70fcd5b000-7f70fcd5c000 rw-p 00015000 fd:00 8405695                    /usr/lib64/libz.so.1.2.7
7f70fcd5c000-7f70fcd63000 r-xp 00000000 fd:00 10317352                   /usr/lib64/librt-2.17.so
7f70fcd63000-7f70fcf62000 ---p 00007000 fd:00 10317352                   /usr/lib64/librt-2.17.so
7f70fcf62000-7f70fcf63000 r--p 00006000 fd:00 10317352                   /usr/lib64/librt-2.17.so
7f70fcf63000-7f70fcf64000 rw-p 00007000 fd:00 10317352                   /usr/lib64/librt-2.17.so
7f70fcf64000-7f70fcf68000 r-xp 00000000 fd:00 8435762                    /usr/lib64/libuuid.so.1.3.0
7f70fcf68000-7f70fd167000 ---p 00004000 fd:00 8435762                    /usr/lib64/libuuid.so.1.3.0
7f70fd167000-7f70fd168000 r--p 00003000 fd:00 8435762                    /usr/lib64/libuuid.so.1.3.0
7f70fd168000-7f70fd169000 rw-p 00004000 fd:00 8435762                    /usr/lib64/libuuid.so.1.3.0
7f70fd169000-7f70fd16b000 r-xp 00000000 fd:00 10319367                   /usr/lib64/libutil-2.17.so
7f70fd16b000-7f70fd36a000 ---p 00002000 fd:00 10319367                   /usr/lib64/libutil-2.17.so
7f70fd36a000-7f70fd36b000 r--p 00001000 fd:00 10319367                   /usr/lib64/libutil-2.17.so
7f70fd36b000-7f70fd36c000 rw-p 00002000 fd:00 10319367                   /usr/lib64/libutil-2.17.so
7f70fd36c000-7f70fd3b8000 r-xp 00000000 fd:00 13230641                   /usr/pgsql-14/lib/libpq.so.5.14
7f70fd3b8000-7f70fd5b8000 ---p 0004c000 fd:00 13230641                   /usr/pgsql-14/lib/libpq.so.5.14
7f70fd5b8000-7f70fd5bb000 r--p 0004c000 fd:00 13230641                   /usr/pgsql-14/lib/libpq.so.5.14
7f70fd5bb000-7f70fd5bc000 rw-p 0004f000 fd:00 13230641                   /usr/pgsql-14/lib/libpq.so.5.14
7f70fd5bc000-7f70fd6ce000 r-xp 00000000 00:2a 1849527405                 /lrlhps/apps/sqlite/sqlite-3.33.0/lib/libsqlite3.so.0.8.6
7f70fd6ce000-7f70fd8ce000 ---p 00112000 00:2a 1849527405                 /lrlhps/apps/sqlite/sqlite-3.33.0/lib/libsqlite3.so.0.8.6
7f70fd8ce000-7f70fd8d1000 r--p 00112000 00:2a 1849527405                 /lrlhps/apps/sqlite/sqlite-3.33.0/lib/libsqlite3.so.0.8.6
7f70fd8d1000-7f70fd8d4000 rw-p 00115000 00:2a 1849527405                 /lrlhps/apps/sqlite/sqlite-3.33.0/lib/libsqlite3.so.0.8.6
7f70fd8d4000-7f70fd8d5000 rw-p 00000000 00:00 0 
7f70fd8d5000-7f70fdbf4000 r-xp 00000000 fd:05 254828578                  /opt/R/R-4.0.3/lib64/R/lib/libR.so
7f70fdbf4000-7f70fddf3000 ---p 0031f000 fd:05 254828578                  /opt/R/R-4.0.3/lib64/R/lib/libR.so
7f70fddf3000-7f70fde11000 r--p 0031e000 fd:05 254828578                  /opt/R/R-4.0.3/lib64/R/lib/libR.so
7f70fde11000-7f70fde1f000 rw-p 0033c000 fd:05 254828578                  /opt/R/R-4.0.3/lib64/R/lib/libR.so
7f70fde1f000-7f70fdf6f000 rw-p 00000000 00:00 0 
7f70fdf6f000-7f70fdf71000 r-xp 00000000 fd:00 8390231                    /usr/lib64/libdl-2.17.so
7f70fdf71000-7f70fe171000 ---p 00002000 fd:00 8390231                    /usr/lib64/libdl-2.17.so
7f70fe171000-7f70fe172000 r--p 00002000 fd:00 8390231                    /usr/lib64/libdl-2.17.so
7f70fe172000-7f70fe173000 rw-p 00003000 fd:00 8390231                    /usr/lib64/libdl-2.17.so
7f70fe173000-7f70fe195000 r-xp 00000000 fd:00 10317326                   /usr/lib64/ld-2.17.so
7f70fe1c1000-7f70fe1c2000 r--p 00000000 fd:00 2099728                    /usr/share/locale/en_US/LC_MESSAGES/mit-krb5.mo
7f70fe1c2000-7f70fe1d7000 r--p 00000000 fd:00 6397466                    /usr/share/fonts/urw-base35/NimbusSans-Regular.otf
7f70fe1d7000-7f70fe1d9000 r--s 00000000 fd:00 65656958                   /usr/lib/fontconfig/cache/c9ababb2-b91f-444f-b724-ef853783a6e5-le64.cache-7
7f70fe1d9000-7f70fe1f1000 r--s 00000000 fd:00 65656939                   /usr/lib/fontconfig/cache/79747316-118b-4074-8c82-22b42c6bd4ac-le64.cache-7
7f70fe1f1000-7f70fe1fe000 r--s 00000000 fd:00 65657349                   /usr/lib/fontconfig/cache/ee68aac6-5d4c-43e7-9192-f2c28b2b9ccd-le64.cache-7
7f70fe1fe000-7f70fe205000 r--s 00000000 fd:00 65656907                   /usr/lib/fontconfig/cache/17ba9449-d040-48c7-b633-75ec07b42aa6-le64.cache-7
7f70fe205000-7f70fe206000 r--s 00000000 fd:00 65657346                   /usr/lib/fontconfig/cache/f4026728-a9e3-4d47-9cd1-2f9806cb0ae4-le64.cache-7
7f70fe206000-7f70fe20e000 r--s 00000000 fd:00 65656932                   /usr/lib/fontconfig/cache/36492bc7-27db-4cb9-97ce-35cd67644110-le64.cache-7
7f70fe20e000-7f70fe26f000 rw-p 00000000 00:00 0 
7f70fe26f000-7f70fe277000 r--s 00000000 fd:00 65657344                   /usr/lib/fontconfig/cache/e5d2ef48-8b2e-4c6d-8034-964968580d03-le64.cache-7
7f70fe277000-7f70fe279000 r--s 00000000 fd:00 65656935                   /usr/lib/fontconfig/cache/116f544b-bd20-4d16-9927-58ca2ad6f437-le64.cache-7
7f70fe279000-7f70fe27e000 r--s 00000000 fd:00 65656902                   /usr/lib/fontconfig/cache/9a68367f-b779-4509-a29e-fadd0563f93e-le64.cache-7
7f70fe27e000-7f70fe2bc000 r--s 0025d000 fd:05 33439212                   /opt/R/R-4.0.3/lib64/R/library/xlsxjars/java/xmlbeans-2.6.0.jar
7f70fe2bc000-7f70fe2ca000 r--s 000ef000 fd:05 33439210                   /opt/R/R-4.0.3/lib64/R/library/xlsxjars/java/poi-ooxml-3.10.1-20140818.jar
7f70fe2ca000-7f70fe2eb000 r--s 001bb000 fd:05 33439209                   /opt/R/R-4.0.3/lib64/R/library/xlsxjars/java/poi-3.10.1-20140818.jar
7f70fe2eb000-7f70fe2f0000 r--s 00048000 fd:05 33439208                   /opt/R/R-4.0.3/lib64/R/library/xlsxjars/java/dom4j-1.6.1.jar
7f70fe2f0000-7f70fe372000 rw-p 00000000 00:00 0 
7f70fe372000-7f70fe373000 r--p 00000000 fd:05 270533160                  /opt/R/R-4.0.3/lib64/R/library/translations/en/LC_MESSAGES/R.mo
7f70fe373000-7f70fe374000 r--s 00003000 fd:05 195166761                  /opt/R/R-4.0.3/lib64/R/library/xlsx/java/rexcel-0.5.1.jar
7f70fe374000-7f70fe37a000 r--s 00033000 fd:05 33439207                   /opt/R/R-4.0.3/lib64/R/library/xlsxjars/java/commons-codec-1.6.jar
7f70fe37a000-7f70fe381000 r--s 000f5000 fd:00 19468348                   /usr/lib/jvm/java-1.8.0-openjdk-1.8.0.322.b06-1.el7_9.x86_64/jre/lib/jfr.jar
7f70fe381000-7f70fe389000 rw-s 00000000 fd:01 56623808                   /tmp/hsperfdata_c242664/23856
7f70fe389000-7f70fe38a000 rw-p 00000000 00:00 0 
7f70fe38a000-7f70fe391000 r--s 00000000 fd:00 31790322                   /usr/lib64/gconv/gconv-modules.cache
7f70fe391000-7f70fe392000 r--p 00000000 00:00 0 
7f70fe392000-7f70fe394000 rw-p 00000000 00:00 0 
7f70fe394000-7f70fe395000 r--p 00021000 fd:00 10317326                   /usr/lib64/ld-2.17.so
7f70fe395000-7f70fe396000 rw-p 00022000 fd:00 10317326                   /usr/lib64/ld-2.17.so
7f70fe396000-7f70fe397000 rw-p 00000000 00:00 0 
7ffdc310b000-7ffdc310e000 ---p 00000000 00:00 0 
7ffdc310e000-7ffdc390b000 rw-p 00000000 00:00 0                          [stack]
7ffdc397b000-7ffdc397d000 r-xp 00000000 00:00 0                          [vdso]
ffffffffff600000-ffffffffff601000 r-xp 00000000 00:00 0                  [vsyscall]

VM Arguments:
jvm_args: -Xmx8g -Xrs vfprintf exit -Xss2m 
java_command: <unknown>
java_class_path (initial): /opt/R/R-4.0.3/lib64/R/library/rJava/java/boot
Launcher Type: generic

Environment Variables:
PATH=/lrlhps/apps/python/python-3.6.5/bin:/opt/uge/uge-8.6.6/bin/lx-amd64:/usr/lib64/qt-3.3/bin:/usr/local/bin:/usr/bin:/usr/local/sbin:/usr/sbin:/opt/puppetlabs/bin:/home/c242664/bin:/usr/lib/rstudio-server/bin/postback:/usr/lib/rstudio-server/bin/postback:/usr/lib/rstudio-server/bin/postback:/usr/lib/rstudio-server/bin/postback
LD_LIBRARY_PATH=/opt/uge/uge-8.6.6/lib/lilly:/opt/R/R-4.0.3/lib64/R/lib::/opt/rh/devtoolset-8/root/usr/lib64:/opt/rh/devtoolset-8/root/usr/lib:/opt/rh/devtoolset-8/root/usr/lib64/dyninst:/opt/rh/devtoolset-8/root/usr/lib/dyninst:/lrlhps/apps/libpostal/libpostal-1.1/lib:/lrlhps/apps/zeromq/zeromq-4.3.3/lib:/lrlhps/apps/jags/jags-4.3.0/lib:/lrlhps/apps/gdal/gdal-3.2.0/lib:/lrlhps/apps/proj/proj-7.2.0/lib:/lrlhps/apps/sqlite/sqlite-3.33.0/lib:/lrlhps/apps/gsl/gsl-2.6/lib:/lib:/usr/local/lib64:/lrlhps/apps/intel/intel-2020/compilers_and_libraries/linux/mkl/lib/intel64:/usr/lib/jvm/java/jre/lib/amd64/server:/oracle/product/current/lib:/lrlhps/apps/hdf5/hdf5-1.12.0/lib
DISPLAY=:0

Signal Handlers:
SIGSEGV: [libjvm.so+0xb666a0], sa_mask[0]=11111111011111111101111111111110, sa_flags=SA_RESTART|SA_SIGINFO
SIGBUS: [libjvm.so+0xb666a0], sa_mask[0]=11111111011111111101111111111110, sa_flags=SA_RESTART|SA_SIGINFO
SIGFPE: [libjvm.so+0x93c350], sa_mask[0]=11111111011111111101111111111110, sa_flags=SA_RESTART|SA_SIGINFO
SIGPIPE: SIG_IGN, sa_mask[0]=00000000000000000000000000000000, sa_flags=none
SIGXFSZ: [libjvm.so+0x93c350], sa_mask[0]=11111111011111111101111111111110, sa_flags=SA_RESTART|SA_SIGINFO
SIGILL: [libjvm.so+0x93c350], sa_mask[0]=11111111011111111101111111111110, sa_flags=SA_RESTART|SA_SIGINFO
SIGUSR1: [rsession+0x298110], sa_mask[0]=00000000010000000000000000000000, sa_flags=SA_RESTART
SIGUSR2: [libjvm.so+0x93c4c0], sa_mask[0]=11000000000000000000000000000000, sa_flags=SA_RESTART|SA_SIGINFO
SIGHUP: SIG_IGN, sa_mask[0]=00000000000000000000000000000000, sa_flags=none
SIGINT: [rsession+0x19dd10], sa_mask[0]=01000000000000000000000000000000, sa_flags=SA_RESTART
SIGTERM: SIG_DFL, sa_mask[0]=00000000000000000000000000000000, sa_flags=none
SIGQUIT: SIG_DFL, sa_mask[0]=00000000000000000000000000000000, sa_flags=none


---------------  S Y S T E M  ---------------

OS:Red Hat Enterprise Linux Server release 7.9 (Maipo)

uname:Linux 3.10.0-1160.62.1.el7.x86_64 #1 SMP Wed Mar 23 09:04:02 UTC 2022 x86_64
libc:glibc 2.17 NPTL 2.17 
rlimit: STACK 8192k, CORE 0k, NPROC 600, NOFILE 4096, AS 100663296k
load average:0.61 0.72 0.87

/proc/meminfo:
MemTotal:       263845408 kB
MemFree:        13601584 kB
MemAvailable:   66734292 kB
Buffers:           10500 kB
Cached:         51712408 kB
SwapCached:        38332 kB
Active:         196565920 kB
Inactive:       46950328 kB
Active(anon):   184533636 kB
Inactive(anon):  7550380 kB
Active(file):   12032284 kB
Inactive(file): 39399948 kB
Unevictable:          16 kB
Mlocked:              16 kB
SwapTotal:       8388604 kB
SwapFree:          48824 kB
Dirty:              5044 kB
Writeback:             0 kB
AnonPages:      191757264 kB
Mapped:           308072 kB
Shmem:            289432 kB
Slab:            2872232 kB
SReclaimable:    2584624 kB
SUnreclaim:       287608 kB
KernelStack:       27648 kB
PageTables:       465536 kB
NFS_Unstable:          0 kB
Bounce:                0 kB
WritebackTmp:          0 kB
CommitLimit:    140311308 kB
Committed_AS:   227760204 kB
VmallocTotal:   34359738367 kB
VmallocUsed:      713820 kB
VmallocChunk:   34224736252 kB
Percpu:             9600 kB
HardwareCorrupted:     0 kB
AnonHugePages:   4820992 kB
CmaTotal:              0 kB
CmaFree:               0 kB
HugePages_Total:       0
HugePages_Free:        0
HugePages_Rsvd:        0
HugePages_Surp:        0
Hugepagesize:       2048 kB
DirectMap4k:      565824 kB
DirectMap2M:    99969024 kB
DirectMap1G:    169869312 kB

container (cgroup) information:
container_type: cgroupv1
cpu_cpuset_cpus: 0-23
cpu_memory_nodes: 0-1
active_processor_count: 24
cpu_quota: -1
cpu_period: 100000
cpu_shares: -1
memory_limit_in_bytes: -1
memory_and_swap_limit_in_bytes: -1
memory_soft_limit_in_bytes: -1
memory_usage_in_bytes: 249346330624
memory_max_usage_in_bytes: 0


CPU:total 24 (initial active 24) (12 cores per cpu, 2 threads per core) family 6 model 63 stepping 2, cmov, cx8, fxsr, mmx, sse, sse2, sse3, ssse3, sse4.1, sse4.2, popcnt, avx, avx2, aes, clmul, erms, lzcnt, ht, tsc, tscinvbit, bmi1, bmi2

/proc/cpuinfo:
processor	: 0
vendor_id	: GenuineIntel
cpu family	: 6
model		: 63
model name	: Intel(R) Xeon(R) CPU E5-2680 v3 @ 2.50GHz
stepping	: 2
microcode	: 0x49
cpu MHz		: 2500.000
cache size	: 30720 KB
physical id	: 0
siblings	: 12
core id		: 0
cpu cores	: 12
apicid		: 0
initial apicid	: 0
fpu		: yes
fpu_exception	: yes
cpuid level	: 15
wp		: yes
flags		: fpu vme de pse tsc msr pae mce cx8 apic sep mtrr pge mca cmov pat pse36 clflush dts acpi mmx fxsr sse sse2 ss ht tm pbe syscall nx pdpe1gb rdtscp lm constant_tsc arch_perfmon pebs bts rep_good nopl xtopology nonstop_tsc aperfmperf eagerfpu pni pclmulqdq dtes64 monitor ds_cpl vmx smx est tm2 ssse3 sdbg fma cx16 xtpr pdcm pcid dca sse4_1 sse4_2 x2apic movbe popcnt tsc_deadline_timer aes xsave avx f16c rdrand lahf_lm abm epb invpcid_single intel_ppin ssbd ibrs ibpb stibp tpr_shadow vnmi flexpriority ept vpid fsgsbase tsc_adjust bmi1 avx2 smep bmi2 erms invpcid cqm xsaveopt cqm_llc cqm_occup_llc dtherm ida arat pln pts md_clear spec_ctrl intel_stibp flush_l1d
bogomips	: 4994.38
clflush size	: 64
cache_alignment	: 64
address sizes	: 46 bits physical, 48 bits virtual
power management:

processor	: 1
vendor_id	: GenuineIntel
cpu family	: 6
model		: 63
model name	: Intel(R) Xeon(R) CPU E5-2680 v3 @ 2.50GHz
stepping	: 2
microcode	: 0x49
cpu MHz		: 2500.000
cache size	: 30720 KB
physical id	: 0
siblings	: 12
core id		: 2
cpu cores	: 12
apicid		: 4
initial apicid	: 4
fpu		: yes
fpu_exception	: yes
cpuid level	: 15
wp		: yes
flags		: fpu vme de pse tsc msr pae mce cx8 apic sep mtrr pge mca cmov pat pse36 clflush dts acpi mmx fxsr sse sse2 ss ht tm pbe syscall nx pdpe1gb rdtscp lm constant_tsc arch_perfmon pebs bts rep_good nopl xtopology nonstop_tsc aperfmperf eagerfpu pni pclmulqdq dtes64 monitor ds_cpl vmx smx est tm2 ssse3 sdbg fma cx16 xtpr pdcm pcid dca sse4_1 sse4_2 x2apic movbe popcnt tsc_deadline_timer aes xsave avx f16c rdrand lahf_lm abm epb invpcid_single intel_ppin ssbd ibrs ibpb stibp tpr_shadow vnmi flexpriority ept vpid fsgsbase tsc_adjust bmi1 avx2 smep bmi2 erms invpcid cqm xsaveopt cqm_llc cqm_occup_llc dtherm ida arat pln pts md_clear spec_ctrl intel_stibp flush_l1d
bogomips	: 4994.38
clflush size	: 64
cache_alignment	: 64
address sizes	: 46 bits physical, 48 bits virtual
power management:

processor	: 2
vendor_id	: GenuineIntel
cpu family	: 6
model		: 63
model name	: Intel(R) Xeon(R) CPU E5-2680 v3 @ 2.50GHz
stepping	: 2
microcode	: 0x49
cpu MHz		: 2500.000
cache size	: 30720 KB
physical id	: 0
siblings	: 12
core id		: 4
cpu cores	: 12
apicid		: 8
initial apicid	: 8
fpu		: yes
fpu_exception	: yes
cpuid level	: 15
wp		: yes
flags		: fpu vme de pse tsc msr pae mce cx8 apic sep mtrr pge mca cmov pat pse36 clflush dts acpi mmx fxsr sse sse2 ss ht tm pbe syscall nx pdpe1gb rdtscp lm constant_tsc arch_perfmon pebs bts rep_good nopl xtopology nonstop_tsc aperfmperf eagerfpu pni pclmulqdq dtes64 monitor ds_cpl vmx smx est tm2 ssse3 sdbg fma cx16 xtpr pdcm pcid dca sse4_1 sse4_2 x2apic movbe popcnt tsc_deadline_timer aes xsave avx f16c rdrand lahf_lm abm epb invpcid_single intel_ppin ssbd ibrs ibpb stibp tpr_shadow vnmi flexpriority ept vpid fsgsbase tsc_adjust bmi1 avx2 smep bmi2 erms invpcid cqm xsaveopt cqm_llc cqm_occup_llc dtherm ida arat pln pts md_clear spec_ctrl intel_stibp flush_l1d
bogomips	: 4994.38
clflush size	: 64
cache_alignment	: 64
address sizes	: 46 bits physical, 48 bits virtual
power management:

processor	: 3
vendor_id	: GenuineIntel
cpu family	: 6
model		: 63
model name	: Intel(R) Xeon(R) CPU E5-2680 v3 @ 2.50GHz
stepping	: 2
microcode	: 0x49
cpu MHz		: 2500.000
cache size	: 30720 KB
physical id	: 0
siblings	: 12
core id		: 8
cpu cores	: 12
apicid		: 16
initial apicid	: 16
fpu		: yes
fpu_exception	: yes
cpuid level	: 15
wp		: yes
flags		: fpu vme de pse tsc msr pae mce cx8 apic sep mtrr pge mca cmov pat pse36 clflush dts acpi mmx fxsr sse sse2 ss ht tm pbe syscall nx pdpe1gb rdtscp lm constant_tsc arch_perfmon pebs bts rep_good nopl xtopology nonstop_tsc aperfmperf eagerfpu pni pclmulqdq dtes64 monitor ds_cpl vmx smx est tm2 ssse3 sdbg fma cx16 xtpr pdcm pcid dca sse4_1 sse4_2 x2apic movbe popcnt tsc_deadline_timer aes xsave avx f16c rdrand lahf_lm abm epb invpcid_single intel_ppin ssbd ibrs ibpb stibp tpr_shadow vnmi flexpriority ept vpid fsgsbase tsc_adjust bmi1 avx2 smep bmi2 erms invpcid cqm xsaveopt cqm_llc cqm_occup_llc dtherm ida arat pln pts md_clear spec_ctrl intel_stibp flush_l1d
bogomips	: 4994.38
clflush size	: 64
cache_alignment	: 64
address sizes	: 46 bits physical, 48 bits virtual
power management:

processor	: 4
vendor_id	: GenuineIntel
cpu family	: 6
model		: 63
model name	: Intel(R) Xeon(R) CPU E5-2680 v3 @ 2.50GHz
stepping	: 2
microcode	: 0x49
cpu MHz		: 2500.000
cache size	: 30720 KB
physical id	: 0
siblings	: 12
core id		: 10
cpu cores	: 12
apicid		: 20
initial apicid	: 20
fpu		: yes
fpu_exception	: yes
cpuid level	: 15
wp		: yes
flags		: fpu vme de pse tsc msr pae mce cx8 apic sep mtrr pge mca cmov pat pse36 clflush dts acpi mmx fxsr sse sse2 ss ht tm pbe syscall nx pdpe1gb rdtscp lm constant_tsc arch_perfmon pebs bts rep_good nopl xtopology nonstop_tsc aperfmperf eagerfpu pni pclmulqdq dtes64 monitor ds_cpl vmx smx est tm2 ssse3 sdbg fma cx16 xtpr pdcm pcid dca sse4_1 sse4_2 x2apic movbe popcnt tsc_deadline_timer aes xsave avx f16c rdrand lahf_lm abm epb invpcid_single intel_ppin ssbd ibrs ibpb stibp tpr_shadow vnmi flexpriority ept vpid fsgsbase tsc_adjust bmi1 avx2 smep bmi2 erms invpcid cqm xsaveopt cqm_llc cqm_occup_llc dtherm ida arat pln pts md_clear spec_ctrl intel_stibp flush_l1d
bogomips	: 4994.38
clflush size	: 64
cache_alignment	: 64
address sizes	: 46 bits physical, 48 bits virtual
power management:

processor	: 5
vendor_id	: GenuineIntel
cpu family	: 6
model		: 63
model name	: Intel(R) Xeon(R) CPU E5-2680 v3 @ 2.50GHz
stepping	: 2
microcode	: 0x49
cpu MHz		: 2500.000
cache size	: 30720 KB
physical id	: 0
siblings	: 12
core id		: 12
cpu cores	: 12
apicid		: 24
initial apicid	: 24
fpu		: yes
fpu_exception	: yes
cpuid level	: 15
wp		: yes
flags		: fpu vme de pse tsc msr pae mce cx8 apic sep mtrr pge mca cmov pat pse36 clflush dts acpi mmx fxsr sse sse2 ss ht tm pbe syscall nx pdpe1gb rdtscp lm constant_tsc arch_perfmon pebs bts rep_good nopl xtopology nonstop_tsc aperfmperf eagerfpu pni pclmulqdq dtes64 monitor ds_cpl vmx smx est tm2 ssse3 sdbg fma cx16 xtpr pdcm pcid dca sse4_1 sse4_2 x2apic movbe popcnt tsc_deadline_timer aes xsave avx f16c rdrand lahf_lm abm epb invpcid_single intel_ppin ssbd ibrs ibpb stibp tpr_shadow vnmi flexpriority ept vpid fsgsbase tsc_adjust bmi1 avx2 smep bmi2 erms invpcid cqm xsaveopt cqm_llc cqm_occup_llc dtherm ida arat pln pts md_clear spec_ctrl intel_stibp flush_l1d
bogomips	: 4994.38
clflush size	: 64
cache_alignment	: 64
address sizes	: 46 bits physical, 48 bits virtual
power management:

processor	: 6
vendor_id	: GenuineIntel
cpu family	: 6
model		: 63
model name	: Intel(R) Xeon(R) CPU E5-2680 v3 @ 2.50GHz
stepping	: 2
microcode	: 0x49
cpu MHz		: 2500.000
cache size	: 30720 KB
physical id	: 1
siblings	: 12
core id		: 0
cpu cores	: 12
apicid		: 32
initial apicid	: 32
fpu		: yes
fpu_exception	: yes
cpuid level	: 15
wp		: yes
flags		: fpu vme de pse tsc msr pae mce cx8 apic sep mtrr pge mca cmov pat pse36 clflush dts acpi mmx fxsr sse sse2 ss ht tm pbe syscall nx pdpe1gb rdtscp lm constant_tsc arch_perfmon pebs bts rep_good nopl xtopology nonstop_tsc aperfmperf eagerfpu pni pclmulqdq dtes64 monitor ds_cpl vmx smx est tm2 ssse3 sdbg fma cx16 xtpr pdcm pcid dca sse4_1 sse4_2 x2apic movbe popcnt tsc_deadline_timer aes xsave avx f16c rdrand lahf_lm abm epb invpcid_single intel_ppin ssbd ibrs ibpb stibp tpr_shadow vnmi flexpriority ept vpid fsgsbase tsc_adjust bmi1 avx2 smep bmi2 erms invpcid cqm xsaveopt cqm_llc cqm_occup_llc dtherm ida arat pln pts md_clear spec_ctrl intel_stibp flush_l1d
bogomips	: 5010.83
clflush size	: 64
cache_alignment	: 64
address sizes	: 46 bits physical, 48 bits virtual
power management:

processor	: 7
vendor_id	: GenuineIntel
cpu family	: 6
model		: 63
model name	: Intel(R) Xeon(R) CPU E5-2680 v3 @ 2.50GHz
stepping	: 2
microcode	: 0x49
cpu MHz		: 2500.000
cache size	: 30720 KB
physical id	: 1
siblings	: 12
core id		: 2
cpu cores	: 12
apicid		: 36
initial apicid	: 36
fpu		: yes
fpu_exception	: yes
cpuid level	: 15
wp		: yes
flags		: fpu vme de pse tsc msr pae mce cx8 apic sep mtrr pge mca cmov pat pse36 clflush dts acpi mmx fxsr sse sse2 ss ht tm pbe syscall nx pdpe1gb rdtscp lm constant_tsc arch_perfmon pebs bts rep_good nopl xtopology nonstop_tsc aperfmperf eagerfpu pni pclmulqdq dtes64 monitor ds_cpl vmx smx est tm2 ssse3 sdbg fma cx16 xtpr pdcm pcid dca sse4_1 sse4_2 x2apic movbe popcnt tsc_deadline_timer aes xsave avx f16c rdrand lahf_lm abm epb invpcid_single intel_ppin ssbd ibrs ibpb stibp tpr_shadow vnmi flexpriority ept vpid fsgsbase tsc_adjust bmi1 avx2 smep bmi2 erms invpcid cqm xsaveopt cqm_llc cqm_occup_llc dtherm ida arat pln pts md_clear spec_ctrl intel_stibp flush_l1d
bogomips	: 5010.83
clflush size	: 64
cache_alignment	: 64
address sizes	: 46 bits physical, 48 bits virtual
power management:

processor	: 8
vendor_id	: GenuineIntel
cpu family	: 6
model		: 63
model name	: Intel(R) Xeon(R) CPU E5-2680 v3 @ 2.50GHz
stepping	: 2
microcode	: 0x49
cpu MHz		: 2500.000
cache size	: 30720 KB
physical id	: 1
siblings	: 12
core id		: 4
cpu cores	: 12
apicid		: 40
initial apicid	: 40
fpu		: yes
fpu_exception	: yes
cpuid level	: 15
wp		: yes
flags		: fpu vme de pse tsc msr pae mce cx8 apic sep mtrr pge mca cmov pat pse36 clflush dts acpi mmx fxsr sse sse2 ss ht tm pbe syscall nx pdpe1gb rdtscp lm constant_tsc arch_perfmon pebs bts rep_good nopl xtopology nonstop_tsc aperfmperf eagerfpu pni pclmulqdq dtes64 monitor ds_cpl vmx smx est tm2 ssse3 sdbg fma cx16 xtpr pdcm pcid dca sse4_1 sse4_2 x2apic movbe popcnt tsc_deadline_timer aes xsave avx f16c rdrand lahf_lm abm epb invpcid_single intel_ppin ssbd ibrs ibpb stibp tpr_shadow vnmi flexpriority ept vpid fsgsbase tsc_adjust bmi1 avx2 smep bmi2 erms invpcid cqm xsaveopt cqm_llc cqm_occup_llc dtherm ida arat pln pts md_clear spec_ctrl intel_stibp flush_l1d
bogomips	: 5010.83
clflush size	: 64
cache_alignment	: 64
address sizes	: 46 bits physical, 48 bits virtual
power management:

processor	: 9
vendor_id	: GenuineIntel
cpu family	: 6
model		: 63
model name	: Intel(R) Xeon(R) CPU E5-2680 v3 @ 2.50GHz
stepping	: 2
microcode	: 0x49
cpu MHz		: 2500.000
cache size	: 30720 KB
physical id	: 1
siblings	: 12
core id		: 8
cpu cores	: 12
apicid		: 48
initial apicid	: 48
fpu		: yes
fpu_exception	: yes
cpuid level	: 15
wp		: yes
flags		: fpu vme de pse tsc msr pae mce cx8 apic sep mtrr pge mca cmov pat pse36 clflush dts acpi mmx fxsr sse sse2 ss ht tm pbe syscall nx pdpe1gb rdtscp lm constant_tsc arch_perfmon pebs bts rep_good nopl xtopology nonstop_tsc aperfmperf eagerfpu pni pclmulqdq dtes64 monitor ds_cpl vmx smx est tm2 ssse3 sdbg fma cx16 xtpr pdcm pcid dca sse4_1 sse4_2 x2apic movbe popcnt tsc_deadline_timer aes xsave avx f16c rdrand lahf_lm abm epb invpcid_single intel_ppin ssbd ibrs ibpb stibp tpr_shadow vnmi flexpriority ept vpid fsgsbase tsc_adjust bmi1 avx2 smep bmi2 erms invpcid cqm xsaveopt cqm_llc cqm_occup_llc dtherm ida arat pln pts md_clear spec_ctrl intel_stibp flush_l1d
bogomips	: 5010.83
clflush size	: 64
cache_alignment	: 64
address sizes	: 46 bits physical, 48 bits virtual
power management:

processor	: 10
vendor_id	: GenuineIntel
cpu family	: 6
model		: 63
model name	: Intel(R) Xeon(R) CPU E5-2680 v3 @ 2.50GHz
stepping	: 2
microcode	: 0x49
cpu MHz		: 2500.000
cache size	: 30720 KB
physical id	: 1
siblings	: 12
core id		: 10
cpu cores	: 12
apicid		: 52
initial apicid	: 52
fpu		: yes
fpu_exception	: yes
cpuid level	: 15
wp		: yes
flags		: fpu vme de pse tsc msr pae mce cx8 apic sep mtrr pge mca cmov pat pse36 clflush dts acpi mmx fxsr sse sse2 ss ht tm pbe syscall nx pdpe1gb rdtscp lm constant_tsc arch_perfmon pebs bts rep_good nopl xtopology nonstop_tsc aperfmperf eagerfpu pni pclmulqdq dtes64 monitor ds_cpl vmx smx est tm2 ssse3 sdbg fma cx16 xtpr pdcm pcid dca sse4_1 sse4_2 x2apic movbe popcnt tsc_deadline_timer aes xsave avx f16c rdrand lahf_lm abm epb invpcid_single intel_ppin ssbd ibrs ibpb stibp tpr_shadow vnmi flexpriority ept vpid fsgsbase tsc_adjust bmi1 avx2 smep bmi2 erms invpcid cqm xsaveopt cqm_llc cqm_occup_llc dtherm ida arat pln pts md_clear spec_ctrl intel_stibp flush_l1d
bogomips	: 5010.83
clflush size	: 64
cache_alignment	: 64
address sizes	: 46 bits physical, 48 bits virtual
power management:

processor	: 11
vendor_id	: GenuineIntel
cpu family	: 6
model		: 63
model name	: Intel(R) Xeon(R) CPU E5-2680 v3 @ 2.50GHz
stepping	: 2
microcode	: 0x49
cpu MHz		: 2500.000
cache size	: 30720 KB
physical id	: 1
siblings	: 12
core id		: 12
cpu cores	: 12
apicid		: 56
initial apicid	: 56
fpu		: yes
fpu_exception	: yes
cpuid level	: 15
wp		: yes
flags		: fpu vme de pse tsc msr pae mce cx8 apic sep mtrr pge mca cmov pat pse36 clflush dts acpi mmx fxsr sse sse2 ss ht tm pbe syscall nx pdpe1gb rdtscp lm constant_tsc arch_perfmon pebs bts rep_good nopl xtopology nonstop_tsc aperfmperf eagerfpu pni pclmulqdq dtes64 monitor ds_cpl vmx smx est tm2 ssse3 sdbg fma cx16 xtpr pdcm pcid dca sse4_1 sse4_2 x2apic movbe popcnt tsc_deadline_timer aes xsave avx f16c rdrand lahf_lm abm epb invpcid_single intel_ppin ssbd ibrs ibpb stibp tpr_shadow vnmi flexpriority ept vpid fsgsbase tsc_adjust bmi1 avx2 smep bmi2 erms invpcid cqm xsaveopt cqm_llc cqm_occup_llc dtherm ida arat pln pts md_clear spec_ctrl intel_stibp flush_l1d
bogomips	: 5010.83
clflush size	: 64
cache_alignment	: 64
address sizes	: 46 bits physical, 48 bits virtual
power management:

processor	: 12
vendor_id	: GenuineIntel
cpu family	: 6
model		: 63
model name	: Intel(R) Xeon(R) CPU E5-2680 v3 @ 2.50GHz
stepping	: 2
microcode	: 0x49
cpu MHz		: 2500.000
cache size	: 30720 KB
physical id	: 0
siblings	: 12
core id		: 1
cpu cores	: 12
apicid		: 2
initial apicid	: 2
fpu		: yes
fpu_exception	: yes
cpuid level	: 15
wp		: yes
flags		: fpu vme de pse tsc msr pae mce cx8 apic sep mtrr pge mca cmov pat pse36 clflush dts acpi mmx fxsr sse sse2 ss ht tm pbe syscall nx pdpe1gb rdtscp lm constant_tsc arch_perfmon pebs bts rep_good nopl xtopology nonstop_tsc aperfmperf eagerfpu pni pclmulqdq dtes64 monitor ds_cpl vmx smx est tm2 ssse3 sdbg fma cx16 xtpr pdcm pcid dca sse4_1 sse4_2 x2apic movbe popcnt tsc_deadline_timer aes xsave avx f16c rdrand lahf_lm abm epb invpcid_single intel_ppin ssbd ibrs ibpb stibp tpr_shadow vnmi flexpriority ept vpid fsgsbase tsc_adjust bmi1 avx2 smep bmi2 erms invpcid cqm xsaveopt cqm_llc cqm_occup_llc dtherm ida arat pln pts md_clear spec_ctrl intel_stibp flush_l1d
bogomips	: 4994.38
clflush size	: 64
cache_alignment	: 64
address sizes	: 46 bits physical, 48 bits virtual
power management:

processor	: 13
vendor_id	: GenuineIntel
cpu family	: 6
model		: 63
model name	: Intel(R) Xeon(R) CPU E5-2680 v3 @ 2.50GHz
stepping	: 2
microcode	: 0x49
cpu MHz		: 2500.000
cache size	: 30720 KB
physical id	: 0
siblings	: 12
core id		: 3
cpu cores	: 12
apicid		: 6
initial apicid	: 6
fpu		: yes
fpu_exception	: yes
cpuid level	: 15
wp		: yes
flags		: fpu vme de pse tsc msr pae mce cx8 apic sep mtrr pge mca cmov pat pse36 clflush dts acpi mmx fxsr sse sse2 ss ht tm pbe syscall nx pdpe1gb rdtscp lm constant_tsc arch_perfmon pebs bts rep_good nopl xtopology nonstop_tsc aperfmperf eagerfpu pni pclmulqdq dtes64 monitor ds_cpl vmx smx est tm2 ssse3 sdbg fma cx16 xtpr pdcm pcid dca sse4_1 sse4_2 x2apic movbe popcnt tsc_deadline_timer aes xsave avx f16c rdrand lahf_lm abm epb invpcid_single intel_ppin ssbd ibrs ibpb stibp tpr_shadow vnmi flexpriority ept vpid fsgsbase tsc_adjust bmi1 avx2 smep bmi2 erms invpcid cqm xsaveopt cqm_llc cqm_occup_llc dtherm ida arat pln pts md_clear spec_ctrl intel_stibp flush_l1d
bogomips	: 4994.38
clflush size	: 64
cache_alignment	: 64
address sizes	: 46 bits physical, 48 bits virtual
power management:

processor	: 14
vendor_id	: GenuineIntel
cpu family	: 6
model		: 63
model name	: Intel(R) Xeon(R) CPU E5-2680 v3 @ 2.50GHz
stepping	: 2
microcode	: 0x49
cpu MHz		: 2500.000
cache size	: 30720 KB
physical id	: 0
siblings	: 12
core id		: 5
cpu cores	: 12
apicid		: 10
initial apicid	: 10
fpu		: yes
fpu_exception	: yes
cpuid level	: 15
wp		: yes
flags		: fpu vme de pse tsc msr pae mce cx8 apic sep mtrr pge mca cmov pat pse36 clflush dts acpi mmx fxsr sse sse2 ss ht tm pbe syscall nx pdpe1gb rdtscp lm constant_tsc arch_perfmon pebs bts rep_good nopl xtopology nonstop_tsc aperfmperf eagerfpu pni pclmulqdq dtes64 monitor ds_cpl vmx smx est tm2 ssse3 sdbg fma cx16 xtpr pdcm pcid dca sse4_1 sse4_2 x2apic movbe popcnt tsc_deadline_timer aes xsave avx f16c rdrand lahf_lm abm epb invpcid_single intel_ppin ssbd ibrs ibpb stibp tpr_shadow vnmi flexpriority ept vpid fsgsbase tsc_adjust bmi1 avx2 smep bmi2 erms invpcid cqm xsaveopt cqm_llc cqm_occup_llc dtherm ida arat pln pts md_clear spec_ctrl intel_stibp flush_l1d
bogomips	: 4994.38
clflush size	: 64
cache_alignment	: 64
address sizes	: 46 bits physical, 48 bits virtual
power management:

processor	: 15
vendor_id	: GenuineIntel
cpu family	: 6
model		: 63
model name	: Intel(R) Xeon(R) CPU E5-2680 v3 @ 2.50GHz
stepping	: 2
microcode	: 0x49
cpu MHz		: 2500.000
cache size	: 30720 KB
physical id	: 0
siblings	: 12
core id		: 9
cpu cores	: 12
apicid		: 18
initial apicid	: 18
fpu		: yes
fpu_exception	: yes
cpuid level	: 15
wp		: yes
flags		: fpu vme de pse tsc msr pae mce cx8 apic sep mtrr pge mca cmov pat pse36 clflush dts acpi mmx fxsr sse sse2 ss ht tm pbe syscall nx pdpe1gb rdtscp lm constant_tsc arch_perfmon pebs bts rep_good nopl xtopology nonstop_tsc aperfmperf eagerfpu pni pclmulqdq dtes64 monitor ds_cpl vmx smx est tm2 ssse3 sdbg fma cx16 xtpr pdcm pcid dca sse4_1 sse4_2 x2apic movbe popcnt tsc_deadline_timer aes xsave avx f16c rdrand lahf_lm abm epb invpcid_single intel_ppin ssbd ibrs ibpb stibp tpr_shadow vnmi flexpriority ept vpid fsgsbase tsc_adjust bmi1 avx2 smep bmi2 erms invpcid cqm xsaveopt cqm_llc cqm_occup_llc dtherm ida arat pln pts md_clear spec_ctrl intel_stibp flush_l1d
bogomips	: 4994.38
clflush size	: 64
cache_alignment	: 64
address sizes	: 46 bits physical, 48 bits virtual
power management:

processor	: 16
vendor_id	: GenuineIntel
cpu family	: 6
model		: 63
model name	: Intel(R) Xeon(R) CPU E5-2680 v3 @ 2.50GHz
stepping	: 2
microcode	: 0x49
cpu MHz		: 2500.000
cache size	: 30720 KB
physical id	: 0
siblings	: 12
core id		: 11
cpu cores	: 12
apicid		: 22
initial apicid	: 22
fpu		: yes
fpu_exception	: yes
cpuid level	: 15
wp		: yes
flags		: fpu vme de pse tsc msr pae mce cx8 apic sep mtrr pge mca cmov pat pse36 clflush dts acpi mmx fxsr sse sse2 ss ht tm pbe syscall nx pdpe1gb rdtscp lm constant_tsc arch_perfmon pebs bts rep_good nopl xtopology nonstop_tsc aperfmperf eagerfpu pni pclmulqdq dtes64 monitor ds_cpl vmx smx est tm2 ssse3 sdbg fma cx16 xtpr pdcm pcid dca sse4_1 sse4_2 x2apic movbe popcnt tsc_deadline_timer aes xsave avx f16c rdrand lahf_lm abm epb invpcid_single intel_ppin ssbd ibrs ibpb stibp tpr_shadow vnmi flexpriority ept vpid fsgsbase tsc_adjust bmi1 avx2 smep bmi2 erms invpcid cqm xsaveopt cqm_llc cqm_occup_llc dtherm ida arat pln pts md_clear spec_ctrl intel_stibp flush_l1d
bogomips	: 4994.38
clflush size	: 64
cache_alignment	: 64
address sizes	: 46 bits physical, 48 bits virtual
power management:

processor	: 17
vendor_id	: GenuineIntel
cpu family	: 6
model		: 63
model name	: Intel(R) Xeon(R) CPU E5-2680 v3 @ 2.50GHz
stepping	: 2
microcode	: 0x49
cpu MHz		: 2500.000
cache size	: 30720 KB
physical id	: 0
siblings	: 12
core id		: 13
cpu cores	: 12
apicid		: 26
initial apicid	: 26
fpu		: yes
fpu_exception	: yes
cpuid level	: 15
wp		: yes
flags		: fpu vme de pse tsc msr pae mce cx8 apic sep mtrr pge mca cmov pat pse36 clflush dts acpi mmx fxsr sse sse2 ss ht tm pbe syscall nx pdpe1gb rdtscp lm constant_tsc arch_perfmon pebs bts rep_good nopl xtopology nonstop_tsc aperfmperf eagerfpu pni pclmulqdq dtes64 monitor ds_cpl vmx smx est tm2 ssse3 sdbg fma cx16 xtpr pdcm pcid dca sse4_1 sse4_2 x2apic movbe popcnt tsc_deadline_timer aes xsave avx f16c rdrand lahf_lm abm epb invpcid_single intel_ppin ssbd ibrs ibpb stibp tpr_shadow vnmi flexpriority ept vpid fsgsbase tsc_adjust bmi1 avx2 smep bmi2 erms invpcid cqm xsaveopt cqm_llc cqm_occup_llc dtherm ida arat pln pts md_clear spec_ctrl intel_stibp flush_l1d
bogomips	: 4994.38
clflush size	: 64
cache_alignment	: 64
address sizes	: 46 bits physical, 48 bits virtual
power management:

processor	: 18
vendor_id	: GenuineIntel
cpu family	: 6
model		: 63
model name	: Intel(R) Xeon(R) CPU E5-2680 v3 @ 2.50GHz
stepping	: 2
microcode	: 0x49
cpu MHz		: 2500.000
cache size	: 30720 KB
physical id	: 1
siblings	: 12
core id		: 1
cpu cores	: 12
apicid		: 34
initial apicid	: 34
fpu		: yes
fpu_exception	: yes
cpuid level	: 15
wp		: yes
flags		: fpu vme de pse tsc msr pae mce cx8 apic sep mtrr pge mca cmov pat pse36 clflush dts acpi mmx fxsr sse sse2 ss ht tm pbe syscall nx pdpe1gb rdtscp lm constant_tsc arch_perfmon pebs bts rep_good nopl xtopology nonstop_tsc aperfmperf eagerfpu pni pclmulqdq dtes64 monitor ds_cpl vmx smx est tm2 ssse3 sdbg fma cx16 xtpr pdcm pcid dca sse4_1 sse4_2 x2apic movbe popcnt tsc_deadline_timer aes xsave avx f16c rdrand lahf_lm abm epb invpcid_single intel_ppin ssbd ibrs ibpb stibp tpr_shadow vnmi flexpriority ept vpid fsgsbase tsc_adjust bmi1 avx2 smep bmi2 erms invpcid cqm xsaveopt cqm_llc cqm_occup_llc dtherm ida arat pln pts md_clear spec_ctrl intel_stibp flush_l1d
bogomips	: 5010.83
clflush size	: 64
cache_alignment	: 64
address sizes	: 46 bits physical, 48 bits virtual
power management:

processor	: 19
vendor_id	: GenuineIntel
cpu family	: 6
model		: 63
model name	: Intel(R) Xeon(R) CPU E5-2680 v3 @ 2.50GHz
stepping	: 2
microcode	: 0x49
cpu MHz		: 2500.000
cache size	: 30720 KB
physical id	: 1
siblings	: 12
core id		: 3
cpu cores	: 12
apicid		: 38
initial apicid	: 38
fpu		: yes
fpu_exception	: yes
cpuid level	: 15
wp		: yes
flags		: fpu vme de pse tsc msr pae mce cx8 apic sep mtrr pge mca cmov pat pse36 clflush dts acpi mmx fxsr sse sse2 ss ht tm pbe syscall nx pdpe1gb rdtscp lm constant_tsc arch_perfmon pebs bts rep_good nopl xtopology nonstop_tsc aperfmperf eagerfpu pni pclmulqdq dtes64 monitor ds_cpl vmx smx est tm2 ssse3 sdbg fma cx16 xtpr pdcm pcid dca sse4_1 sse4_2 x2apic movbe popcnt tsc_deadline_timer aes xsave avx f16c rdrand lahf_lm abm epb invpcid_single intel_ppin ssbd ibrs ibpb stibp tpr_shadow vnmi flexpriority ept vpid fsgsbase tsc_adjust bmi1 avx2 smep bmi2 erms invpcid cqm xsaveopt cqm_llc cqm_occup_llc dtherm ida arat pln pts md_clear spec_ctrl intel_stibp flush_l1d
bogomips	: 5010.83
clflush size	: 64
cache_alignment	: 64
address sizes	: 46 bits physical, 48 bits virtual
power management:

processor	: 20
vendor_id	: GenuineIntel
cpu family	: 6
model		: 63
model name	: Intel(R) Xeon(R) CPU E5-2680 v3 @ 2.50GHz
stepping	: 2
microcode	: 0x49
cpu MHz		: 2500.000
cache size	: 30720 KB
physical id	: 1
siblings	: 12
core id		: 5
cpu cores	: 12
apicid		: 42
initial apicid	: 42
fpu		: yes
fpu_exception	: yes
cpuid level	: 15
wp		: yes
flags		: fpu vme de pse tsc msr pae mce cx8 apic sep mtrr pge mca cmov pat pse36 clflush dts acpi mmx fxsr sse sse2 ss ht tm pbe syscall nx pdpe1gb rdtscp lm constant_tsc arch_perfmon pebs bts rep_good nopl xtopology nonstop_tsc aperfmperf eagerfpu pni pclmulqdq dtes64 monitor ds_cpl vmx smx est tm2 ssse3 sdbg fma cx16 xtpr pdcm pcid dca sse4_1 sse4_2 x2apic movbe popcnt tsc_deadline_timer aes xsave avx f16c rdrand lahf_lm abm epb invpcid_single intel_ppin ssbd ibrs ibpb stibp tpr_shadow vnmi flexpriority ept vpid fsgsbase tsc_adjust bmi1 avx2 smep bmi2 erms invpcid cqm xsaveopt cqm_llc cqm_occup_llc dtherm ida arat pln pts md_clear spec_ctrl intel_stibp flush_l1d
bogomips	: 5010.83
clflush size	: 64
cache_alignment	: 64
address sizes	: 46 bits physical, 48 bits virtual
power management:

processor	: 21
vendor_id	: GenuineIntel
cpu family	: 6
model		: 63
model name	: Intel(R) Xeon(R) CPU E5-2680 v3 @ 2.50GHz
stepping	: 2
microcode	: 0x49
cpu MHz		: 2500.000
cache size	: 30720 KB
physical id	: 1
siblings	: 12
core id		: 9
cpu cores	: 12
apicid		: 50
initial apicid	: 50
fpu		: yes
fpu_exception	: yes
cpuid level	: 15
wp		: yes
flags		: fpu vme de pse tsc msr pae mce cx8 apic sep mtrr pge mca cmov pat pse36 clflush dts acpi mmx fxsr sse sse2 ss ht tm pbe syscall nx pdpe1gb rdtscp lm constant_tsc arch_perfmon pebs bts rep_good nopl xtopology nonstop_tsc aperfmperf eagerfpu pni pclmulqdq dtes64 monitor ds_cpl vmx smx est tm2 ssse3 sdbg fma cx16 xtpr pdcm pcid dca sse4_1 sse4_2 x2apic movbe popcnt tsc_deadline_timer aes xsave avx f16c rdrand lahf_lm abm epb invpcid_single intel_ppin ssbd ibrs ibpb stibp tpr_shadow vnmi flexpriority ept vpid fsgsbase tsc_adjust bmi1 avx2 smep bmi2 erms invpcid cqm xsaveopt cqm_llc cqm_occup_llc dtherm ida arat pln pts md_clear spec_ctrl intel_stibp flush_l1d
bogomips	: 5010.83
clflush size	: 64
cache_alignment	: 64
address sizes	: 46 bits physical, 48 bits virtual
power management:

processor	: 22
vendor_id	: GenuineIntel
cpu family	: 6
model		: 63
model name	: Intel(R) Xeon(R) CPU E5-2680 v3 @ 2.50GHz
stepping	: 2
microcode	: 0x49
cpu MHz		: 2500.000
cache size	: 30720 KB
physical id	: 1
siblings	: 12
core id		: 11
cpu cores	: 12
apicid		: 54
initial apicid	: 54
fpu		: yes
fpu_exception	: yes
cpuid level	: 15
wp		: yes
flags		: fpu vme de pse tsc msr pae mce cx8 apic sep mtrr pge mca cmov pat pse36 clflush dts acpi mmx fxsr sse sse2 ss ht tm pbe syscall nx pdpe1gb rdtscp lm constant_tsc arch_perfmon pebs bts rep_good nopl xtopology nonstop_tsc aperfmperf eagerfpu pni pclmulqdq dtes64 monitor ds_cpl vmx smx est tm2 ssse3 sdbg fma cx16 xtpr pdcm pcid dca sse4_1 sse4_2 x2apic movbe popcnt tsc_deadline_timer aes xsave avx f16c rdrand lahf_lm abm epb invpcid_single intel_ppin ssbd ibrs ibpb stibp tpr_shadow vnmi flexpriority ept vpid fsgsbase tsc_adjust bmi1 avx2 smep bmi2 erms invpcid cqm xsaveopt cqm_llc cqm_occup_llc dtherm ida arat pln pts md_clear spec_ctrl intel_stibp flush_l1d
bogomips	: 5010.83
clflush size	: 64
cache_alignment	: 64
address sizes	: 46 bits physical, 48 bits virtual
power management:

processor	: 23
vendor_id	: GenuineIntel
cpu family	: 6
model		: 63
model name	: Intel(R) Xeon(R) CPU E5-2680 v3 @ 2.50GHz
stepping	: 2
microcode	: 0x49
cpu MHz		: 2500.000
cache size	: 30720 KB
physical id	: 1
siblings	: 12
core id		: 13
cpu cores	: 12
apicid		: 58
initial apicid	: 58
fpu		: yes
fpu_exception	: yes
cpuid level	: 15
wp		: yes
flags		: fpu vme de pse tsc msr pae mce cx8 apic sep mtrr pge mca cmov pat pse36 clflush dts acpi mmx fxsr sse sse2 ss ht tm pbe syscall nx pdpe1gb rdtscp lm constant_tsc arch_perfmon pebs bts rep_good nopl xtopology nonstop_tsc aperfmperf eagerfpu pni pclmulqdq dtes64 monitor ds_cpl vmx smx est tm2 ssse3 sdbg fma cx16 xtpr pdcm pcid dca sse4_1 sse4_2 x2apic movbe popcnt tsc_deadline_timer aes xsave avx f16c rdrand lahf_lm abm epb invpcid_single intel_ppin ssbd ibrs ibpb stibp tpr_shadow vnmi flexpriority ept vpid fsgsbase tsc_adjust bmi1 avx2 smep bmi2 erms invpcid cqm xsaveopt cqm_llc cqm_occup_llc dtherm ida arat pln pts md_clear spec_ctrl intel_stibp flush_l1d
bogomips	: 5010.83
clflush size	: 64
cache_alignment	: 64
address sizes	: 46 bits physical, 48 bits virtual
power management:



Memory: 4k page, physical 263845408k(13601584k free), swap 8388604k(48824k free)

vm_info: OpenJDK 64-Bit Server VM (25.322-b06) for linux-amd64 JRE (1.8.0_322-b06), built on Jan 21 2022 06:01:57 by "mockbuild" with gcc 4.8.5 20150623 (Red Hat 4.8.5-44)

time: Thu Jun  9 15:24:39 2022
timezone: EDT
elapsed time: 2996.263364 seconds (0d 0h 49m 56s)

